internal/modules/cjs/loader.js:638
    throw err;
    ^

Error: Cannot find module 'mongoose'
    at Function.Module._resolveFilename (internal/modules/cjs/loader.js:636:15)
    at Function.Module._load (internal/modules/cjs/loader.js:562:25)
    at Module.require (internal/modules/cjs/loader.js:692:17)
    at require (internal/modules/cjs/helpers.js:25:18)
    at Object.<anonymous> (/home/dlongqwm/site/server.js:5:18)
    at Module._compile (internal/modules/cjs/loader.js:778:30)
    at Object.Module._extensions..js (internal/modules/cjs/loader.js:789:10)
    at Module.load (internal/modules/cjs/loader.js:653:32)
    at tryModuleLoad (internal/modules/cjs/loader.js:593:12)
    at Function.Module._load (internal/modules/cjs/loader.js:585:3)
internal/modules/cjs/loader.js:638
    throw err;
    ^

Error: Cannot find module 'mongoose'
    at Function.Module._resolveFilename (internal/modules/cjs/loader.js:636:15)
    at Function.Module._load (internal/modules/cjs/loader.js:562:25)
    at Module.require (internal/modules/cjs/loader.js:692:17)
    at require (internal/modules/cjs/helpers.js:25:18)
    at Object.<anonymous> (/home/dlongqwm/site/server.js:5:18)
    at Module._compile (internal/modules/cjs/loader.js:778:30)
    at Object.Module._extensions..js (internal/modules/cjs/loader.js:789:10)
    at Module.load (internal/modules/cjs/loader.js:653:32)
    at tryModuleLoad (internal/modules/cjs/loader.js:593:12)
    at Function.Module._load (internal/modules/cjs/loader.js:585:3)
internal/modules/cjs/loader.js:638
    throw err;
    ^

Error: Cannot find module 'mongoose'
    at Function.Module._resolveFilename (internal/modules/cjs/loader.js:636:15)
    at Function.Module._load (internal/modules/cjs/loader.js:562:25)
    at Module.require (internal/modules/cjs/loader.js:692:17)
    at require (internal/modules/cjs/helpers.js:25:18)
    at Object.<anonymous> (/home/dlongqwm/site/server.js:5:18)
    at Module._compile (internal/modules/cjs/loader.js:778:30)
    at Object.Module._extensions..js (internal/modules/cjs/loader.js:789:10)
    at Module.load (internal/modules/cjs/loader.js:653:32)
    at tryModuleLoad (internal/modules/cjs/loader.js:593:12)
    at Function.Module._load (internal/modules/cjs/loader.js:585:3)
internal/modules/cjs/loader.js:638
    throw err;
    ^

Error: Cannot find module 'mongoose'
    at Function.Module._resolveFilename (internal/modules/cjs/loader.js:636:15)
    at Function.Module._load (internal/modules/cjs/loader.js:562:25)
    at Module.require (internal/modules/cjs/loader.js:692:17)
    at require (internal/modules/cjs/helpers.js:25:18)
    at Object.<anonymous> (/home/dlongqwm/site/server.js:5:18)
    at Module._compile (internal/modules/cjs/loader.js:778:30)
    at Object.Module._extensions..js (internal/modules/cjs/loader.js:789:10)
    at Module.load (internal/modules/cjs/loader.js:653:32)
    at tryModuleLoad (internal/modules/cjs/loader.js:593:12)
    at Function.Module._load (internal/modules/cjs/loader.js:585:3)
internal/modules/cjs/loader.js:638
    throw err;
    ^

Error: Cannot find module 'mongoose'
    at Function.Module._resolveFilename (internal/modules/cjs/loader.js:636:15)
    at Function.Module._load (internal/modules/cjs/loader.js:562:25)
    at Module.require (internal/modules/cjs/loader.js:692:17)
    at require (internal/modules/cjs/helpers.js:25:18)
    at Object.<anonymous> (/home/dlongqwm/site/server.js:5:18)
    at Module._compile (internal/modules/cjs/loader.js:778:30)
    at Object.Module._extensions..js (internal/modules/cjs/loader.js:789:10)
    at Module.load (internal/modules/cjs/loader.js:653:32)
    at tryModuleLoad (internal/modules/cjs/loader.js:593:12)
    at Function.Module._load (internal/modules/cjs/loader.js:585:3)
/home/dlongqwm/nodevenv/site/10/lib/node_modules/mongodb/lib/admin.js:62
            session: options?.session,
                             ^

SyntaxError: Unexpected token .
    at Module._compile (internal/modules/cjs/loader.js:723:23)
    at Object.Module._extensions..js (internal/modules/cjs/loader.js:789:10)
    at Module.load (internal/modules/cjs/loader.js:653:32)
    at tryModuleLoad (internal/modules/cjs/loader.js:593:12)
    at Function.Module._load (internal/modules/cjs/loader.js:585:3)
    at Module.require (internal/modules/cjs/loader.js:692:17)
    at require (internal/modules/cjs/helpers.js:25:18)
    at Object.<anonymous> (/home/dlongqwm/nodevenv/site/10/lib/node_modules/mongodb/lib/index.js:6:17)
    at Module._compile (internal/modules/cjs/loader.js:778:30)
    at Object.Module._extensions..js (internal/modules/cjs/loader.js:789:10)
/home/dlongqwm/nodevenv/site/10/lib/node_modules/mongodb/lib/admin.js:62
            session: options?.session,
                             ^

SyntaxError: Unexpected token .
    at Module._compile (internal/modules/cjs/loader.js:723:23)
    at Object.Module._extensions..js (internal/modules/cjs/loader.js:789:10)
    at Module.load (internal/modules/cjs/loader.js:653:32)
    at tryModuleLoad (internal/modules/cjs/loader.js:593:12)
    at Function.Module._load (internal/modules/cjs/loader.js:585:3)
    at Module.require (internal/modules/cjs/loader.js:692:17)
    at require (internal/modules/cjs/helpers.js:25:18)
    at Object.<anonymous> (/home/dlongqwm/nodevenv/site/10/lib/node_modules/mongodb/lib/index.js:6:17)
    at Module._compile (internal/modules/cjs/loader.js:778:30)
    at Object.Module._extensions..js (internal/modules/cjs/loader.js:789:10)
/home/dlongqwm/nodevenv/site/10/lib/node_modules/mongodb/lib/admin.js:62
            session: options?.session,
                             ^

SyntaxError: Unexpected token .
    at Module._compile (internal/modules/cjs/loader.js:723:23)
    at Object.Module._extensions..js (internal/modules/cjs/loader.js:789:10)
    at Module.load (internal/modules/cjs/loader.js:653:32)
    at tryModuleLoad (internal/modules/cjs/loader.js:593:12)
    at Function.Module._load (internal/modules/cjs/loader.js:585:3)
    at Module.require (internal/modules/cjs/loader.js:692:17)
    at require (internal/modules/cjs/helpers.js:25:18)
    at Object.<anonymous> (/home/dlongqwm/nodevenv/site/10/lib/node_modules/mongodb/lib/index.js:6:17)
    at Module._compile (internal/modules/cjs/loader.js:778:30)
    at Object.Module._extensions..js (internal/modules/cjs/loader.js:789:10)
/home/dlongqwm/nodevenv/site/10/lib/node_modules/mongodb/lib/admin.js:62
            session: options?.session,
                             ^

SyntaxError: Unexpected token .
    at Module._compile (internal/modules/cjs/loader.js:723:23)
    at Object.Module._extensions..js (internal/modules/cjs/loader.js:789:10)
    at Module.load (internal/modules/cjs/loader.js:653:32)
    at tryModuleLoad (internal/modules/cjs/loader.js:593:12)
    at Function.Module._load (internal/modules/cjs/loader.js:585:3)
    at Module.require (internal/modules/cjs/loader.js:692:17)
    at require (internal/modules/cjs/helpers.js:25:18)
    at Object.<anonymous> (/home/dlongqwm/nodevenv/site/10/lib/node_modules/mongodb/lib/index.js:6:17)
    at Module._compile (internal/modules/cjs/loader.js:778:30)
    at Object.Module._extensions..js (internal/modules/cjs/loader.js:789:10)
/home/dlongqwm/nodevenv/site/10/lib/node_modules/mongodb/lib/admin.js:62
            session: options?.session,
                             ^

SyntaxError: Unexpected token .
    at Module._compile (internal/modules/cjs/loader.js:723:23)
    at Object.Module._extensions..js (internal/modules/cjs/loader.js:789:10)
    at Module.load (internal/modules/cjs/loader.js:653:32)
    at tryModuleLoad (internal/modules/cjs/loader.js:593:12)
    at Function.Module._load (internal/modules/cjs/loader.js:585:3)
    at Module.require (internal/modules/cjs/loader.js:692:17)
    at require (internal/modules/cjs/helpers.js:25:18)
    at Object.<anonymous> (/home/dlongqwm/nodevenv/site/10/lib/node_modules/mongodb/lib/index.js:6:17)
    at Module._compile (internal/modules/cjs/loader.js:778:30)
    at Object.Module._extensions..js (internal/modules/cjs/loader.js:789:10)
/home/dlongqwm/nodevenv/site/10/lib/node_modules/mongodb/lib/admin.js:62
            session: options?.session,
                             ^

SyntaxError: Unexpected token .
    at Module._compile (internal/modules/cjs/loader.js:723:23)
    at Object.Module._extensions..js (internal/modules/cjs/loader.js:789:10)
    at Module.load (internal/modules/cjs/loader.js:653:32)
    at tryModuleLoad (internal/modules/cjs/loader.js:593:12)
    at Function.Module._load (internal/modules/cjs/loader.js:585:3)
    at Module.require (internal/modules/cjs/loader.js:692:17)
    at require (internal/modules/cjs/helpers.js:25:18)
    at Object.<anonymous> (/home/dlongqwm/nodevenv/site/10/lib/node_modules/mongodb/lib/index.js:6:17)
    at Module._compile (internal/modules/cjs/loader.js:778:30)
    at Object.Module._extensions..js (internal/modules/cjs/loader.js:789:10)
/home/dlongqwm/nodevenv/site/10/lib/node_modules/mongodb/lib/admin.js:62
            session: options?.session,
                             ^

SyntaxError: Unexpected token .
    at Module._compile (internal/modules/cjs/loader.js:723:23)
    at Object.Module._extensions..js (internal/modules/cjs/loader.js:789:10)
    at Module.load (internal/modules/cjs/loader.js:653:32)
    at tryModuleLoad (internal/modules/cjs/loader.js:593:12)
    at Function.Module._load (internal/modules/cjs/loader.js:585:3)
    at Module.require (internal/modules/cjs/loader.js:692:17)
    at require (internal/modules/cjs/helpers.js:25:18)
    at Object.<anonymous> (/home/dlongqwm/nodevenv/site/10/lib/node_modules/mongodb/lib/index.js:6:17)
    at Module._compile (internal/modules/cjs/loader.js:778:30)
    at Object.Module._extensions..js (internal/modules/cjs/loader.js:789:10)
/home/dlongqwm/nodevenv/site/10/lib/node_modules/mongodb/lib/admin.js:62
            session: options?.session,
                             ^

SyntaxError: Unexpected token .
    at Module._compile (internal/modules/cjs/loader.js:723:23)
    at Object.Module._extensions..js (internal/modules/cjs/loader.js:789:10)
    at Module.load (internal/modules/cjs/loader.js:653:32)
    at tryModuleLoad (internal/modules/cjs/loader.js:593:12)
    at Function.Module._load (internal/modules/cjs/loader.js:585:3)
    at Module.require (internal/modules/cjs/loader.js:692:17)
    at require (internal/modules/cjs/helpers.js:25:18)
    at Object.<anonymous> (/home/dlongqwm/nodevenv/site/10/lib/node_modules/mongodb/lib/index.js:6:17)
    at Module._compile (internal/modules/cjs/loader.js:778:30)
    at Object.Module._extensions..js (internal/modules/cjs/loader.js:789:10)
/home/dlongqwm/nodevenv/site/10/lib/node_modules/mongodb/lib/admin.js:62
            session: options?.session,
                             ^

SyntaxError: Unexpected token .
    at Module._compile (internal/modules/cjs/loader.js:723:23)
    at Object.Module._extensions..js (internal/modules/cjs/loader.js:789:10)
    at Module.load (internal/modules/cjs/loader.js:653:32)
    at tryModuleLoad (internal/modules/cjs/loader.js:593:12)
    at Function.Module._load (internal/modules/cjs/loader.js:585:3)
    at Module.require (internal/modules/cjs/loader.js:692:17)
    at require (internal/modules/cjs/helpers.js:25:18)
    at Object.<anonymous> (/home/dlongqwm/nodevenv/site/10/lib/node_modules/mongodb/lib/index.js:6:17)
    at Module._compile (internal/modules/cjs/loader.js:778:30)
    at Object.Module._extensions..js (internal/modules/cjs/loader.js:789:10)
/home/dlongqwm/nodevenv/site/10/lib/node_modules/mongodb/lib/admin.js:62
            session: options?.session,
                             ^

SyntaxError: Unexpected token .
    at Module._compile (internal/modules/cjs/loader.js:723:23)
    at Object.Module._extensions..js (internal/modules/cjs/loader.js:789:10)
    at Module.load (internal/modules/cjs/loader.js:653:32)
    at tryModuleLoad (internal/modules/cjs/loader.js:593:12)
    at Function.Module._load (internal/modules/cjs/loader.js:585:3)
    at Module.require (internal/modules/cjs/loader.js:692:17)
    at require (internal/modules/cjs/helpers.js:25:18)
    at Object.<anonymous> (/home/dlongqwm/nodevenv/site/10/lib/node_modules/mongodb/lib/index.js:6:17)
    at Module._compile (internal/modules/cjs/loader.js:778:30)
    at Object.Module._extensions..js (internal/modules/cjs/loader.js:789:10)
/home/dlongqwm/nodevenv/site/10/lib/node_modules/mongodb/lib/admin.js:62
            session: options?.session,
                             ^

SyntaxError: Unexpected token .
    at Module._compile (internal/modules/cjs/loader.js:723:23)
    at Object.Module._extensions..js (internal/modules/cjs/loader.js:789:10)
    at Module.load (internal/modules/cjs/loader.js:653:32)
    at tryModuleLoad (internal/modules/cjs/loader.js:593:12)
    at Function.Module._load (internal/modules/cjs/loader.js:585:3)
    at Module.require (internal/modules/cjs/loader.js:692:17)
    at require (internal/modules/cjs/helpers.js:25:18)
    at Object.<anonymous> (/home/dlongqwm/nodevenv/site/10/lib/node_modules/mongodb/lib/index.js:6:17)
    at Module._compile (internal/modules/cjs/loader.js:778:30)
    at Object.Module._extensions..js (internal/modules/cjs/loader.js:789:10)
/home/dlongqwm/nodevenv/site/10/lib/node_modules/mongodb/lib/admin.js:62
            session: options?.session,
                             ^

SyntaxError: Unexpected token .
    at Module._compile (internal/modules/cjs/loader.js:723:23)
    at Object.Module._extensions..js (internal/modules/cjs/loader.js:789:10)
    at Module.load (internal/modules/cjs/loader.js:653:32)
    at tryModuleLoad (internal/modules/cjs/loader.js:593:12)
    at Function.Module._load (internal/modules/cjs/loader.js:585:3)
    at Module.require (internal/modules/cjs/loader.js:692:17)
    at require (internal/modules/cjs/helpers.js:25:18)
    at Object.<anonymous> (/home/dlongqwm/nodevenv/site/10/lib/node_modules/mongodb/lib/index.js:6:17)
    at Module._compile (internal/modules/cjs/loader.js:778:30)
    at Object.Module._extensions..js (internal/modules/cjs/loader.js:789:10)
/home/dlongqwm/nodevenv/site/10/lib/node_modules/mongodb/lib/admin.js:62
            session: options?.session,
                             ^

SyntaxError: Unexpected token .
    at Module._compile (internal/modules/cjs/loader.js:723:23)
    at Object.Module._extensions..js (internal/modules/cjs/loader.js:789:10)
    at Module.load (internal/modules/cjs/loader.js:653:32)
    at tryModuleLoad (internal/modules/cjs/loader.js:593:12)
    at Function.Module._load (internal/modules/cjs/loader.js:585:3)
    at Module.require (internal/modules/cjs/loader.js:692:17)
    at require (internal/modules/cjs/helpers.js:25:18)
    at Object.<anonymous> (/home/dlongqwm/nodevenv/site/10/lib/node_modules/mongodb/lib/index.js:6:17)
    at Module._compile (internal/modules/cjs/loader.js:778:30)
    at Object.Module._extensions..js (internal/modules/cjs/loader.js:789:10)
/home/dlongqwm/nodevenv/site/10/lib/node_modules/mongodb/lib/admin.js:62
            session: options?.session,
                             ^

SyntaxError: Unexpected token .
    at Module._compile (internal/modules/cjs/loader.js:723:23)
    at Object.Module._extensions..js (internal/modules/cjs/loader.js:789:10)
    at Module.load (internal/modules/cjs/loader.js:653:32)
    at tryModuleLoad (internal/modules/cjs/loader.js:593:12)
    at Function.Module._load (internal/modules/cjs/loader.js:585:3)
    at Module.require (internal/modules/cjs/loader.js:692:17)
    at require (internal/modules/cjs/helpers.js:25:18)
    at Object.<anonymous> (/home/dlongqwm/nodevenv/site/10/lib/node_modules/mongodb/lib/index.js:6:17)
    at Module._compile (internal/modules/cjs/loader.js:778:30)
    at Object.Module._extensions..js (internal/modules/cjs/loader.js:789:10)
/home/dlongqwm/nodevenv/site/10/lib/node_modules/mongodb/lib/admin.js:62
            session: options?.session,
                             ^

SyntaxError: Unexpected token .
    at Module._compile (internal/modules/cjs/loader.js:723:23)
    at Object.Module._extensions..js (internal/modules/cjs/loader.js:789:10)
    at Module.load (internal/modules/cjs/loader.js:653:32)
    at tryModuleLoad (internal/modules/cjs/loader.js:593:12)
    at Function.Module._load (internal/modules/cjs/loader.js:585:3)
    at Module.require (internal/modules/cjs/loader.js:692:17)
    at require (internal/modules/cjs/helpers.js:25:18)
    at Object.<anonymous> (/home/dlongqwm/nodevenv/site/10/lib/node_modules/mongodb/lib/index.js:6:17)
    at Module._compile (internal/modules/cjs/loader.js:778:30)
    at Object.Module._extensions..js (internal/modules/cjs/loader.js:789:10)
/home/dlongqwm/nodevenv/site/10/lib/node_modules/mongodb/lib/admin.js:62
            session: options?.session,
                             ^

SyntaxError: Unexpected token .
    at Module._compile (internal/modules/cjs/loader.js:723:23)
    at Object.Module._extensions..js (internal/modules/cjs/loader.js:789:10)
    at Module.load (internal/modules/cjs/loader.js:653:32)
    at tryModuleLoad (internal/modules/cjs/loader.js:593:12)
    at Function.Module._load (internal/modules/cjs/loader.js:585:3)
    at Module.require (internal/modules/cjs/loader.js:692:17)
    at require (internal/modules/cjs/helpers.js:25:18)
    at Object.<anonymous> (/home/dlongqwm/nodevenv/site/10/lib/node_modules/mongodb/lib/index.js:6:17)
    at Module._compile (internal/modules/cjs/loader.js:778:30)
    at Object.Module._extensions..js (internal/modules/cjs/loader.js:789:10)
/home/dlongqwm/nodevenv/site/10/lib/node_modules/mongodb/lib/admin.js:62
            session: options?.session,
                             ^

SyntaxError: Unexpected token .
    at Module._compile (internal/modules/cjs/loader.js:723:23)
    at Object.Module._extensions..js (internal/modules/cjs/loader.js:789:10)
    at Module.load (internal/modules/cjs/loader.js:653:32)
    at tryModuleLoad (internal/modules/cjs/loader.js:593:12)
    at Function.Module._load (internal/modules/cjs/loader.js:585:3)
    at Module.require (internal/modules/cjs/loader.js:692:17)
    at require (internal/modules/cjs/helpers.js:25:18)
    at Object.<anonymous> (/home/dlongqwm/nodevenv/site/10/lib/node_modules/mongodb/lib/index.js:6:17)
    at Module._compile (internal/modules/cjs/loader.js:778:30)
    at Object.Module._extensions..js (internal/modules/cjs/loader.js:789:10)
/home/dlongqwm/nodevenv/site/10/lib/node_modules/mongodb/lib/admin.js:62
            session: options?.session,
                             ^

SyntaxError: Unexpected token .
    at Module._compile (internal/modules/cjs/loader.js:723:23)
    at Object.Module._extensions..js (internal/modules/cjs/loader.js:789:10)
    at Module.load (internal/modules/cjs/loader.js:653:32)
    at tryModuleLoad (internal/modules/cjs/loader.js:593:12)
    at Function.Module._load (internal/modules/cjs/loader.js:585:3)
    at Module.require (internal/modules/cjs/loader.js:692:17)
    at require (internal/modules/cjs/helpers.js:25:18)
    at Object.<anonymous> (/home/dlongqwm/nodevenv/site/10/lib/node_modules/mongodb/lib/index.js:6:17)
    at Module._compile (internal/modules/cjs/loader.js:778:30)
    at Object.Module._extensions..js (internal/modules/cjs/loader.js:789:10)
/home/dlongqwm/nodevenv/site/10/lib/node_modules/mongodb/lib/admin.js:62
            session: options?.session,
                             ^

SyntaxError: Unexpected token .
    at Module._compile (internal/modules/cjs/loader.js:723:23)
    at Object.Module._extensions..js (internal/modules/cjs/loader.js:789:10)
    at Module.load (internal/modules/cjs/loader.js:653:32)
    at tryModuleLoad (internal/modules/cjs/loader.js:593:12)
    at Function.Module._load (internal/modules/cjs/loader.js:585:3)
    at Module.require (internal/modules/cjs/loader.js:692:17)
    at require (internal/modules/cjs/helpers.js:25:18)
    at Object.<anonymous> (/home/dlongqwm/nodevenv/site/10/lib/node_modules/mongodb/lib/index.js:6:17)
    at Module._compile (internal/modules/cjs/loader.js:778:30)
    at Object.Module._extensions..js (internal/modules/cjs/loader.js:789:10)
/home/dlongqwm/nodevenv/site/10/lib/node_modules/mongodb/lib/admin.js:62
            session: options?.session,
                             ^

SyntaxError: Unexpected token .
    at Module._compile (internal/modules/cjs/loader.js:723:23)
    at Object.Module._extensions..js (internal/modules/cjs/loader.js:789:10)
    at Module.load (internal/modules/cjs/loader.js:653:32)
    at tryModuleLoad (internal/modules/cjs/loader.js:593:12)
    at Function.Module._load (internal/modules/cjs/loader.js:585:3)
    at Module.require (internal/modules/cjs/loader.js:692:17)
    at require (internal/modules/cjs/helpers.js:25:18)
    at Object.<anonymous> (/home/dlongqwm/nodevenv/site/10/lib/node_modules/mongodb/lib/index.js:6:17)
    at Module._compile (internal/modules/cjs/loader.js:778:30)
    at Object.Module._extensions..js (internal/modules/cjs/loader.js:789:10)
/home/dlongqwm/nodevenv/site/10/lib/node_modules/mongodb/lib/admin.js:62
            session: options?.session,
                             ^

SyntaxError: Unexpected token .
    at Module._compile (internal/modules/cjs/loader.js:723:23)
    at Object.Module._extensions..js (internal/modules/cjs/loader.js:789:10)
    at Module.load (internal/modules/cjs/loader.js:653:32)
    at tryModuleLoad (internal/modules/cjs/loader.js:593:12)
    at Function.Module._load (internal/modules/cjs/loader.js:585:3)
    at Module.require (internal/modules/cjs/loader.js:692:17)
    at require (internal/modules/cjs/helpers.js:25:18)
    at Object.<anonymous> (/home/dlongqwm/nodevenv/site/10/lib/node_modules/mongodb/lib/index.js:6:17)
    at Module._compile (internal/modules/cjs/loader.js:778:30)
    at Object.Module._extensions..js (internal/modules/cjs/loader.js:789:10)
/home/dlongqwm/nodevenv/site/10/lib/node_modules/mongodb/lib/admin.js:62
            session: options?.session,
                             ^

SyntaxError: Unexpected token .
    at Module._compile (internal/modules/cjs/loader.js:723:23)
    at Object.Module._extensions..js (internal/modules/cjs/loader.js:789:10)
    at Module.load (internal/modules/cjs/loader.js:653:32)
    at tryModuleLoad (internal/modules/cjs/loader.js:593:12)
    at Function.Module._load (internal/modules/cjs/loader.js:585:3)
    at Module.require (internal/modules/cjs/loader.js:692:17)
    at require (internal/modules/cjs/helpers.js:25:18)
    at Object.<anonymous> (/home/dlongqwm/nodevenv/site/10/lib/node_modules/mongodb/lib/index.js:6:17)
    at Module._compile (internal/modules/cjs/loader.js:778:30)
    at Object.Module._extensions..js (internal/modules/cjs/loader.js:789:10)
/home/dlongqwm/nodevenv/site/10/lib/node_modules/mongodb/lib/admin.js:62
            session: options?.session,
                             ^

SyntaxError: Unexpected token .
    at Module._compile (internal/modules/cjs/loader.js:723:23)
    at Object.Module._extensions..js (internal/modules/cjs/loader.js:789:10)
    at Module.load (internal/modules/cjs/loader.js:653:32)
    at tryModuleLoad (internal/modules/cjs/loader.js:593:12)
    at Function.Module._load (internal/modules/cjs/loader.js:585:3)
    at Module.require (internal/modules/cjs/loader.js:692:17)
    at require (internal/modules/cjs/helpers.js:25:18)
    at Object.<anonymous> (/home/dlongqwm/nodevenv/site/10/lib/node_modules/mongodb/lib/index.js:6:17)
    at Module._compile (internal/modules/cjs/loader.js:778:30)
    at Object.Module._extensions..js (internal/modules/cjs/loader.js:789:10)
/home/dlongqwm/nodevenv/site/10/lib/node_modules/mongodb/lib/admin.js:62
            session: options?.session,
                             ^

SyntaxError: Unexpected token .
    at Module._compile (internal/modules/cjs/loader.js:723:23)
    at Object.Module._extensions..js (internal/modules/cjs/loader.js:789:10)
    at Module.load (internal/modules/cjs/loader.js:653:32)
    at tryModuleLoad (internal/modules/cjs/loader.js:593:12)
    at Function.Module._load (internal/modules/cjs/loader.js:585:3)
    at Module.require (internal/modules/cjs/loader.js:692:17)
    at require (internal/modules/cjs/helpers.js:25:18)
    at Object.<anonymous> (/home/dlongqwm/nodevenv/site/10/lib/node_modules/mongodb/lib/index.js:6:17)
    at Module._compile (internal/modules/cjs/loader.js:778:30)
    at Object.Module._extensions..js (internal/modules/cjs/loader.js:789:10)
/home/dlongqwm/nodevenv/site/10/lib/node_modules/mongodb/lib/admin.js:62
            session: options?.session,
                             ^

SyntaxError: Unexpected token .
    at Module._compile (internal/modules/cjs/loader.js:723:23)
    at Object.Module._extensions..js (internal/modules/cjs/loader.js:789:10)
    at Module.load (internal/modules/cjs/loader.js:653:32)
    at tryModuleLoad (internal/modules/cjs/loader.js:593:12)
    at Function.Module._load (internal/modules/cjs/loader.js:585:3)
    at Module.require (internal/modules/cjs/loader.js:692:17)
    at require (internal/modules/cjs/helpers.js:25:18)
    at Object.<anonymous> (/home/dlongqwm/nodevenv/site/10/lib/node_modules/mongodb/lib/index.js:6:17)
    at Module._compile (internal/modules/cjs/loader.js:778:30)
    at Object.Module._extensions..js (internal/modules/cjs/loader.js:789:10)
/home/dlongqwm/nodevenv/site/10/lib/node_modules/mongodb/lib/admin.js:62
            session: options?.session,
                             ^

SyntaxError: Unexpected token .
    at Module._compile (internal/modules/cjs/loader.js:723:23)
    at Object.Module._extensions..js (internal/modules/cjs/loader.js:789:10)
    at Module.load (internal/modules/cjs/loader.js:653:32)
    at tryModuleLoad (internal/modules/cjs/loader.js:593:12)
    at Function.Module._load (internal/modules/cjs/loader.js:585:3)
    at Module.require (internal/modules/cjs/loader.js:692:17)
    at require (internal/modules/cjs/helpers.js:25:18)
    at Object.<anonymous> (/home/dlongqwm/nodevenv/site/10/lib/node_modules/mongodb/lib/index.js:6:17)
    at Module._compile (internal/modules/cjs/loader.js:778:30)
    at Object.Module._extensions..js (internal/modules/cjs/loader.js:789:10)
/home/dlongqwm/nodevenv/site/10/lib/node_modules/mongodb/lib/admin.js:62
            session: options?.session,
                             ^

SyntaxError: Unexpected token .
    at Module._compile (internal/modules/cjs/loader.js:723:23)
    at Object.Module._extensions..js (internal/modules/cjs/loader.js:789:10)
    at Module.load (internal/modules/cjs/loader.js:653:32)
    at tryModuleLoad (internal/modules/cjs/loader.js:593:12)
    at Function.Module._load (internal/modules/cjs/loader.js:585:3)
    at Module.require (internal/modules/cjs/loader.js:692:17)
    at require (internal/modules/cjs/helpers.js:25:18)
    at Object.<anonymous> (/home/dlongqwm/nodevenv/site/10/lib/node_modules/mongodb/lib/index.js:6:17)
    at Module._compile (internal/modules/cjs/loader.js:778:30)
    at Object.Module._extensions..js (internal/modules/cjs/loader.js:789:10)
/home/dlongqwm/nodevenv/site/10/lib/node_modules/mongodb/lib/admin.js:62
            session: options?.session,
                             ^

SyntaxError: Unexpected token .
    at Module._compile (internal/modules/cjs/loader.js:723:23)
    at Object.Module._extensions..js (internal/modules/cjs/loader.js:789:10)
    at Module.load (internal/modules/cjs/loader.js:653:32)
    at tryModuleLoad (internal/modules/cjs/loader.js:593:12)
    at Function.Module._load (internal/modules/cjs/loader.js:585:3)
    at Module.require (internal/modules/cjs/loader.js:692:17)
    at require (internal/modules/cjs/helpers.js:25:18)
    at Object.<anonymous> (/home/dlongqwm/nodevenv/site/10/lib/node_modules/mongodb/lib/index.js:6:17)
    at Module._compile (internal/modules/cjs/loader.js:778:30)
    at Object.Module._extensions..js (internal/modules/cjs/loader.js:789:10)
/home/dlongqwm/nodevenv/site/10/lib/node_modules/mongodb/lib/admin.js:62
            session: options?.session,
                             ^

SyntaxError: Unexpected token .
    at Module._compile (internal/modules/cjs/loader.js:723:23)
    at Object.Module._extensions..js (internal/modules/cjs/loader.js:789:10)
    at Module.load (internal/modules/cjs/loader.js:653:32)
    at tryModuleLoad (internal/modules/cjs/loader.js:593:12)
    at Function.Module._load (internal/modules/cjs/loader.js:585:3)
    at Module.require (internal/modules/cjs/loader.js:692:17)
    at require (internal/modules/cjs/helpers.js:25:18)
    at Object.<anonymous> (/home/dlongqwm/nodevenv/site/10/lib/node_modules/mongodb/lib/index.js:6:17)
    at Module._compile (internal/modules/cjs/loader.js:778:30)
    at Object.Module._extensions..js (internal/modules/cjs/loader.js:789:10)
/home/dlongqwm/nodevenv/site/10/lib/node_modules/mongodb/lib/admin.js:62
            session: options?.session,
                             ^

SyntaxError: Unexpected token .
    at Module._compile (internal/modules/cjs/loader.js:723:23)
    at Object.Module._extensions..js (internal/modules/cjs/loader.js:789:10)
    at Module.load (internal/modules/cjs/loader.js:653:32)
    at tryModuleLoad (internal/modules/cjs/loader.js:593:12)
    at Function.Module._load (internal/modules/cjs/loader.js:585:3)
    at Module.require (internal/modules/cjs/loader.js:692:17)
    at require (internal/modules/cjs/helpers.js:25:18)
    at Object.<anonymous> (/home/dlongqwm/nodevenv/site/10/lib/node_modules/mongodb/lib/index.js:6:17)
    at Module._compile (internal/modules/cjs/loader.js:778:30)
    at Object.Module._extensions..js (internal/modules/cjs/loader.js:789:10)
/home/dlongqwm/nodevenv/site/10/lib/node_modules/mongodb/lib/admin.js:62
            session: options?.session,
                             ^

SyntaxError: Unexpected token .
    at Module._compile (internal/modules/cjs/loader.js:723:23)
    at Object.Module._extensions..js (internal/modules/cjs/loader.js:789:10)
    at Module.load (internal/modules/cjs/loader.js:653:32)
    at tryModuleLoad (internal/modules/cjs/loader.js:593:12)
    at Function.Module._load (internal/modules/cjs/loader.js:585:3)
    at Module.require (internal/modules/cjs/loader.js:692:17)
    at require (internal/modules/cjs/helpers.js:25:18)
    at Object.<anonymous> (/home/dlongqwm/nodevenv/site/10/lib/node_modules/mongodb/lib/index.js:6:17)
    at Module._compile (internal/modules/cjs/loader.js:778:30)
    at Object.Module._extensions..js (internal/modules/cjs/loader.js:789:10)
/home/dlongqwm/nodevenv/site/10/lib/node_modules/mongodb/lib/admin.js:62
            session: options?.session,
                             ^

SyntaxError: Unexpected token .
    at Module._compile (internal/modules/cjs/loader.js:723:23)
    at Object.Module._extensions..js (internal/modules/cjs/loader.js:789:10)
    at Module.load (internal/modules/cjs/loader.js:653:32)
    at tryModuleLoad (internal/modules/cjs/loader.js:593:12)
    at Function.Module._load (internal/modules/cjs/loader.js:585:3)
    at Module.require (internal/modules/cjs/loader.js:692:17)
    at require (internal/modules/cjs/helpers.js:25:18)
    at Object.<anonymous> (/home/dlongqwm/nodevenv/site/10/lib/node_modules/mongodb/lib/index.js:6:17)
    at Module._compile (internal/modules/cjs/loader.js:778:30)
    at Object.Module._extensions..js (internal/modules/cjs/loader.js:789:10)
/home/dlongqwm/nodevenv/site/10/lib/node_modules/mongodb/lib/admin.js:62
            session: options?.session,
                             ^

SyntaxError: Unexpected token .
    at Module._compile (internal/modules/cjs/loader.js:723:23)
    at Object.Module._extensions..js (internal/modules/cjs/loader.js:789:10)
    at Module.load (internal/modules/cjs/loader.js:653:32)
    at tryModuleLoad (internal/modules/cjs/loader.js:593:12)
    at Function.Module._load (internal/modules/cjs/loader.js:585:3)
    at Module.require (internal/modules/cjs/loader.js:692:17)
    at require (internal/modules/cjs/helpers.js:25:18)
    at Object.<anonymous> (/home/dlongqwm/nodevenv/site/10/lib/node_modules/mongodb/lib/index.js:6:17)
    at Module._compile (internal/modules/cjs/loader.js:778:30)
    at Object.Module._extensions..js (internal/modules/cjs/loader.js:789:10)
/home/dlongqwm/nodevenv/site/10/lib/node_modules/mongodb/lib/admin.js:62
            session: options?.session,
                             ^

SyntaxError: Unexpected token .
    at Module._compile (internal/modules/cjs/loader.js:723:23)
    at Object.Module._extensions..js (internal/modules/cjs/loader.js:789:10)
    at Module.load (internal/modules/cjs/loader.js:653:32)
    at tryModuleLoad (internal/modules/cjs/loader.js:593:12)
    at Function.Module._load (internal/modules/cjs/loader.js:585:3)
    at Module.require (internal/modules/cjs/loader.js:692:17)
    at require (internal/modules/cjs/helpers.js:25:18)
    at Object.<anonymous> (/home/dlongqwm/nodevenv/site/10/lib/node_modules/mongodb/lib/index.js:6:17)
    at Module._compile (internal/modules/cjs/loader.js:778:30)
    at Object.Module._extensions..js (internal/modules/cjs/loader.js:789:10)
/home/dlongqwm/nodevenv/site/16/lib/node_modules/mongoose/node_modules/mongodb/lib/admin.js:62
            session: options?.session,
                             ^

SyntaxError: Unexpected token .
    at Module._compile (internal/modules/cjs/loader.js:723:23)
    at Object.Module._extensions..js (internal/modules/cjs/loader.js:789:10)
    at Module.load (internal/modules/cjs/loader.js:653:32)
    at tryModuleLoad (internal/modules/cjs/loader.js:593:12)
    at Function.Module._load (internal/modules/cjs/loader.js:585:3)
    at Module.require (internal/modules/cjs/loader.js:692:17)
    at require (internal/modules/cjs/helpers.js:25:18)
    at Object.<anonymous> (/home/dlongqwm/nodevenv/site/16/lib/node_modules/mongoose/node_modules/mongodb/lib/index.js:6:17)
    at Module._compile (internal/modules/cjs/loader.js:778:30)
    at Object.Module._extensions..js (internal/modules/cjs/loader.js:789:10)
/home/dlongqwm/nodevenv/site/16/lib/node_modules/mongoose/node_modules/mongodb/lib/admin.js:62
            session: options?.session,
                             ^

SyntaxError: Unexpected token .
    at Module._compile (internal/modules/cjs/loader.js:723:23)
    at Object.Module._extensions..js (internal/modules/cjs/loader.js:789:10)
    at Module.load (internal/modules/cjs/loader.js:653:32)
    at tryModuleLoad (internal/modules/cjs/loader.js:593:12)
    at Function.Module._load (internal/modules/cjs/loader.js:585:3)
    at Module.require (internal/modules/cjs/loader.js:692:17)
    at require (internal/modules/cjs/helpers.js:25:18)
    at Object.<anonymous> (/home/dlongqwm/nodevenv/site/16/lib/node_modules/mongoose/node_modules/mongodb/lib/index.js:6:17)
    at Module._compile (internal/modules/cjs/loader.js:778:30)
    at Object.Module._extensions..js (internal/modules/cjs/loader.js:789:10)
/home/dlongqwm/nodevenv/site/16/lib/node_modules/mongoose/node_modules/mongodb/lib/admin.js:62
            session: options?.session,
                             ^

SyntaxError: Unexpected token .
    at Module._compile (internal/modules/cjs/loader.js:723:23)
    at Object.Module._extensions..js (internal/modules/cjs/loader.js:789:10)
    at Module.load (internal/modules/cjs/loader.js:653:32)
    at tryModuleLoad (internal/modules/cjs/loader.js:593:12)
    at Function.Module._load (internal/modules/cjs/loader.js:585:3)
    at Module.require (internal/modules/cjs/loader.js:692:17)
    at require (internal/modules/cjs/helpers.js:25:18)
    at Object.<anonymous> (/home/dlongqwm/nodevenv/site/16/lib/node_modules/mongoose/node_modules/mongodb/lib/index.js:6:17)
    at Module._compile (internal/modules/cjs/loader.js:778:30)
    at Object.Module._extensions..js (internal/modules/cjs/loader.js:789:10)
(node:2732744) [MONGODB DRIVER] Warning: useNewUrlParser is a deprecated option: useNewUrlParser has no effect since Node.js Driver version 4.0.0 and will be removed in the next major version
(Use `node --trace-warnings ...` to show where the warning was created)
(node:2732744) [MONGODB DRIVER] Warning: useUnifiedTopology is a deprecated option: useUnifiedTopology has no effect since Node.js Driver version 4.0.0 and will be removed in the next major version
(node:2762108) [MONGODB DRIVER] Warning: useNewUrlParser is a deprecated option: useNewUrlParser has no effect since Node.js Driver version 4.0.0 and will be removed in the next major version
(Use `node --trace-warnings ...` to show where the warning was created)
(node:2762108) [MONGODB DRIVER] Warning: useUnifiedTopology is a deprecated option: useUnifiedTopology has no effect since Node.js Driver version 4.0.0 and will be removed in the next major version
(node:2808734) [MONGODB DRIVER] Warning: useNewUrlParser is a deprecated option: useNewUrlParser has no effect since Node.js Driver version 4.0.0 and will be removed in the next major version
(Use `node --trace-warnings ...` to show where the warning was created)
(node:2808734) [MONGODB DRIVER] Warning: useUnifiedTopology is a deprecated option: useUnifiedTopology has no effect since Node.js Driver version 4.0.0 and will be removed in the next major version
(node:2585341) [MONGODB DRIVER] Warning: useNewUrlParser is a deprecated option: useNewUrlParser has no effect since Node.js Driver version 4.0.0 and will be removed in the next major version
(Use `node --trace-warnings ...` to show where the warning was created)
(node:2585341) [MONGODB DRIVER] Warning: useUnifiedTopology is a deprecated option: useUnifiedTopology has no effect since Node.js Driver version 4.0.0 and will be removed in the next major version
(node:2744183) [MONGODB DRIVER] Warning: useNewUrlParser is a deprecated option: useNewUrlParser has no effect since Node.js Driver version 4.0.0 and will be removed in the next major version
(Use `node --trace-warnings ...` to show where the warning was created)
(node:2744183) [MONGODB DRIVER] Warning: useUnifiedTopology is a deprecated option: useUnifiedTopology has no effect since Node.js Driver version 4.0.0 and will be removed in the next major version
Error: Appointment validation failed: phoneNumber: Cast to Number failed for value "9 oll 9pe baje 7" (type string) at path "phoneNumber"
    at ValidationError.inspect (/home/dlongqwm/nodevenv/site/16/lib/node_modules/mongoose/lib/error/validation.js:50:26)
    at formatValue (node:internal/util/inspect:806:19)
    at inspect (node:internal/util/inspect:365:10)
    at formatWithOptionsInternal (node:internal/util/inspect:2292:40)
    at formatWithOptions (node:internal/util/inspect:2154:10)
    at console.value (node:internal/console/constructor:348:14)
    at console.warn (node:internal/console/constructor:381:61)
    at /home/dlongqwm/site/server.js:97:13
    at runMicrotasks (<anonymous>)
    at processTicksAndRejections (node:internal/process/task_queues:96:5) {
  errors: {
    phoneNumber: CastError: Cast to Number failed for value "9 oll 9pe baje 7" (type string) at path "phoneNumber"
        at SchemaNumber.cast (/home/dlongqwm/nodevenv/site/16/lib/node_modules/mongoose/lib/schema/number.js:380:11)
        at SchemaNumber.SchemaType.applySetters (/home/dlongqwm/nodevenv/site/16/lib/node_modules/mongoose/lib/schemaType.js:1236:12)
        at model.$set (/home/dlongqwm/nodevenv/site/16/lib/node_modules/mongoose/lib/document.js:1417:22)
        at model.$set (/home/dlongqwm/nodevenv/site/16/lib/node_modules/mongoose/lib/document.js:1113:16)
        at model.Document (/home/dlongqwm/nodevenv/site/16/lib/node_modules/mongoose/lib/document.js:166:12)
        at model.Model (/home/dlongqwm/nodevenv/site/16/lib/node_modules/mongoose/lib/model.js:131:12)
        at new model (/home/dlongqwm/nodevenv/site/16/lib/node_modules/mongoose/lib/model.js:4816:15)
        at /home/dlongqwm/site/server.js:76:25
        at Layer.handle [as handle_request] (/home/dlongqwm/nodevenv/site/16/lib/node_modules/express/lib/router/layer.js:95:5)
        at next (/home/dlongqwm/nodevenv/site/16/lib/node_modules/express/lib/router/route.js:149:13) {
      stringValue: '"9 oll 9pe baje 7"',
      messageFormat: undefined,
      kind: 'Number',
      value: '9 oll 9pe baje 7',
      path: 'phoneNumber',
      reason: AssertionError [ERR_ASSERTION]: The expression evaluated to a falsy value:
      
        assert.ok(!isNaN(val))
      
          at castNumber (/home/dlongqwm/nodevenv/site/16/lib/node_modules/mongoose/lib/cast/number.js:27:10)
          at SchemaNumber.cast (/home/dlongqwm/nodevenv/site/16/lib/node_modules/mongoose/lib/schema/number.js:378:12)
          at SchemaNumber.SchemaType.applySetters (/home/dlongqwm/nodevenv/site/16/lib/node_modules/mongoose/lib/schemaType.js:1236:12)
          at model.$set (/home/dlongqwm/nodevenv/site/16/lib/node_modules/mongoose/lib/document.js:1417:22)
          at model.$set (/home/dlongqwm/nodevenv/site/16/lib/node_modules/mongoose/lib/document.js:1113:16)
          at model.Document (/home/dlongqwm/nodevenv/site/16/lib/node_modules/mongoose/lib/document.js:166:12)
          at model.Model (/home/dlongqwm/nodevenv/site/16/lib/node_modules/mongoose/lib/model.js:131:12)
          at new model (/home/dlongqwm/nodevenv/site/16/lib/node_modules/mongoose/lib/model.js:4816:15)
          at /home/dlongqwm/site/server.js:76:25
          at Layer.handle [as handle_request] (/home/dlongqwm/nodevenv/site/16/lib/node_modules/express/lib/router/layer.js:95:5) {
        generatedMessage: true,
        code: 'ERR_ASSERTION',
        actual: false,
        expected: true,
        operator: '=='
      },
      valueType: 'string'
    }
  },
  _message: 'Appointment validation failed'
}
(node:1991121) [MONGODB DRIVER] Warning: useNewUrlParser is a deprecated option: useNewUrlParser has no effect since Node.js Driver version 4.0.0 and will be removed in the next major version
(Use `node --trace-warnings ...` to show where the warning was created)
(node:1991121) [MONGODB DRIVER] Warning: useUnifiedTopology is a deprecated option: useUnifiedTopology has no effect since Node.js Driver version 4.0.0 and will be removed in the next major version
(node:2309150) [MONGODB DRIVER] Warning: useNewUrlParser is a deprecated option: useNewUrlParser has no effect since Node.js Driver version 4.0.0 and will be removed in the next major version
(Use `node --trace-warnings ...` to show where the warning was created)
(node:2309150) [MONGODB DRIVER] Warning: useUnifiedTopology is a deprecated option: useUnifiedTopology has no effect since Node.js Driver version 4.0.0 and will be removed in the next major version
(node:747870) [MONGODB DRIVER] Warning: useNewUrlParser is a deprecated option: useNewUrlParser has no effect since Node.js Driver version 4.0.0 and will be removed in the next major version
(Use `node --trace-warnings ...` to show where the warning was created)
(node:747870) [MONGODB DRIVER] Warning: useUnifiedTopology is a deprecated option: useUnifiedTopology has no effect since Node.js Driver version 4.0.0 and will be removed in the next major version
Error submitting contact form: Error: read ECONNRESET
    at TCP.onStreamRead (node:internal/stream_base_commons:217:20) {
  errno: -104,
  code: 'ESOCKET',
  syscall: 'read',
  command: 'CONN'
}
Error submitting contact form: Error: read ECONNRESET
    at TCP.onStreamRead (node:internal/stream_base_commons:217:20) {
  errno: -104,
  code: 'ESOCKET',
  syscall: 'read',
  command: 'CONN'
}
(node:4017587) [MONGODB DRIVER] Warning: useNewUrlParser is a deprecated option: useNewUrlParser has no effect since Node.js Driver version 4.0.0 and will be removed in the next major version
(Use `node --trace-warnings ...` to show where the warning was created)
(node:4017587) [MONGODB DRIVER] Warning: useUnifiedTopology is a deprecated option: useUnifiedTopology has no effect since Node.js Driver version 4.0.0 and will be removed in the next major version
(node:155876) [MONGODB DRIVER] Warning: useNewUrlParser is a deprecated option: useNewUrlParser has no effect since Node.js Driver version 4.0.0 and will be removed in the next major version
(Use `node --trace-warnings ...` to show where the warning was created)
(node:155876) [MONGODB DRIVER] Warning: useUnifiedTopology is a deprecated option: useUnifiedTopology has no effect since Node.js Driver version 4.0.0 and will be removed in the next major version
Error submitting contact form: Error: connect ECONNREFUSED 92.204.80.1:587
    at TCPConnectWrap.afterConnect [as oncomplete] (node:net:1278:16) {
  errno: -111,
  code: 'ESOCKET',
  syscall: 'connect',
  address: '92.204.80.1',
  port: 587,
  command: 'CONN'
}
Error submitting contact form: Error: connect ECONNREFUSED 92.204.80.1:587
    at TCPConnectWrap.afterConnect [as oncomplete] (node:net:1278:16) {
  errno: -111,
  code: 'ESOCKET',
  syscall: 'connect',
  address: '92.204.80.1',
  port: 587,
  command: 'CONN'
}
Error submitting contact form: Error: connect ECONNREFUSED 92.204.80.1:587
    at TCPConnectWrap.afterConnect [as oncomplete] (node:net:1278:16) {
  errno: -111,
  code: 'ESOCKET',
  syscall: 'connect',
  address: '92.204.80.1',
  port: 587,
  command: 'CONN'
}
Error submitting contact form: Error: connect ECONNREFUSED 92.204.80.1:587
    at TCPConnectWrap.afterConnect [as oncomplete] (node:net:1278:16) {
  errno: -111,
  code: 'ESOCKET',
  syscall: 'connect',
  address: '92.204.80.1',
  port: 587,
  command: 'CONN'
}
Error submitting contact form: Error: connect ECONNREFUSED 92.204.80.1:587
    at TCPConnectWrap.afterConnect [as oncomplete] (node:net:1278:16) {
  errno: -111,
  code: 'ESOCKET',
  syscall: 'connect',
  address: '92.204.80.1',
  port: 587,
  command: 'CONN'
}
Error submitting contact form: Error: connect ECONNREFUSED 92.204.80.1:587
    at TCPConnectWrap.afterConnect [as oncomplete] (node:net:1278:16) {
  errno: -111,
  code: 'ESOCKET',
  syscall: 'connect',
  address: '92.204.80.1',
  port: 587,
  command: 'CONN'
}
Error submitting contact form: Error: connect ECONNREFUSED 92.204.80.1:587
    at TCPConnectWrap.afterConnect [as oncomplete] (node:net:1278:16) {
  errno: -111,
  code: 'ESOCKET',
  syscall: 'connect',
  address: '92.204.80.1',
  port: 587,
  command: 'CONN'
}
Error: Appointment validation failed: phoneNumber: Cast to Number failed for value "96333 25880" (type string) at path "phoneNumber"
    at ValidationError.inspect (/home/dlongqwm/nodevenv/site/16/lib/node_modules/mongoose/lib/error/validation.js:50:26)
    at formatValue (node:internal/util/inspect:806:19)
    at inspect (node:internal/util/inspect:365:10)
    at formatWithOptionsInternal (node:internal/util/inspect:2292:40)
    at formatWithOptions (node:internal/util/inspect:2154:10)
    at console.value (node:internal/console/constructor:348:14)
    at console.warn (node:internal/console/constructor:381:61)
    at /home/dlongqwm/site/server.js:96:13
    at runMicrotasks (<anonymous>)
    at processTicksAndRejections (node:internal/process/task_queues:96:5) {
  errors: {
    phoneNumber: CastError: Cast to Number failed for value "96333 25880" (type string) at path "phoneNumber"
        at SchemaNumber.cast (/home/dlongqwm/nodevenv/site/16/lib/node_modules/mongoose/lib/schema/number.js:380:11)
        at SchemaNumber.SchemaType.applySetters (/home/dlongqwm/nodevenv/site/16/lib/node_modules/mongoose/lib/schemaType.js:1236:12)
        at model.$set (/home/dlongqwm/nodevenv/site/16/lib/node_modules/mongoose/lib/document.js:1417:22)
        at model.$set (/home/dlongqwm/nodevenv/site/16/lib/node_modules/mongoose/lib/document.js:1113:16)
        at model.Document (/home/dlongqwm/nodevenv/site/16/lib/node_modules/mongoose/lib/document.js:166:12)
        at model.Model (/home/dlongqwm/nodevenv/site/16/lib/node_modules/mongoose/lib/model.js:131:12)
        at new model (/home/dlongqwm/nodevenv/site/16/lib/node_modules/mongoose/lib/model.js:4816:15)
        at /home/dlongqwm/site/server.js:75:25
        at Layer.handle [as handle_request] (/home/dlongqwm/nodevenv/site/16/lib/node_modules/express/lib/router/layer.js:95:5)
        at next (/home/dlongqwm/nodevenv/site/16/lib/node_modules/express/lib/router/route.js:149:13) {
      stringValue: '"96333 25880"',
      messageFormat: undefined,
      kind: 'Number',
      value: '96333 25880',
      path: 'phoneNumber',
      reason: AssertionError [ERR_ASSERTION]: The expression evaluated to a falsy value:
      
        assert.ok(!isNaN(val))
      
          at castNumber (/home/dlongqwm/nodevenv/site/16/lib/node_modules/mongoose/lib/cast/number.js:27:10)
          at SchemaNumber.cast (/home/dlongqwm/nodevenv/site/16/lib/node_modules/mongoose/lib/schema/number.js:378:12)
          at SchemaNumber.SchemaType.applySetters (/home/dlongqwm/nodevenv/site/16/lib/node_modules/mongoose/lib/schemaType.js:1236:12)
          at model.$set (/home/dlongqwm/nodevenv/site/16/lib/node_modules/mongoose/lib/document.js:1417:22)
          at model.$set (/home/dlongqwm/nodevenv/site/16/lib/node_modules/mongoose/lib/document.js:1113:16)
          at model.Document (/home/dlongqwm/nodevenv/site/16/lib/node_modules/mongoose/lib/document.js:166:12)
          at model.Model (/home/dlongqwm/nodevenv/site/16/lib/node_modules/mongoose/lib/model.js:131:12)
          at new model (/home/dlongqwm/nodevenv/site/16/lib/node_modules/mongoose/lib/model.js:4816:15)
          at /home/dlongqwm/site/server.js:75:25
          at Layer.handle [as handle_request] (/home/dlongqwm/nodevenv/site/16/lib/node_modules/express/lib/router/layer.js:95:5) {
        generatedMessage: true,
        code: 'ERR_ASSERTION',
        actual: false,
        expected: true,
        operator: '=='
      },
      valueType: 'string'
    }
  },
  _message: 'Appointment validation failed'
}
Error: connect ECONNREFUSED 92.204.80.1:587
    at TCPConnectWrap.afterConnect [as oncomplete] (node:net:1278:16) {
  errno: -111,
  code: 'ESOCKET',
  syscall: 'connect',
  address: '92.204.80.1',
  port: 587,
  command: 'CONN'
}
Error: connect ECONNREFUSED 92.204.80.1:587
    at TCPConnectWrap.afterConnect [as oncomplete] (node:net:1278:16) {
  errno: -111,
  code: 'ESOCKET',
  syscall: 'connect',
  address: '92.204.80.1',
  port: 587,
  command: 'CONN'
}
(node:355560) [MONGODB DRIVER] Warning: useNewUrlParser is a deprecated option: useNewUrlParser has no effect since Node.js Driver version 4.0.0 and will be removed in the next major version
(Use `node --trace-warnings ...` to show where the warning was created)
(node:355560) [MONGODB DRIVER] Warning: useUnifiedTopology is a deprecated option: useUnifiedTopology has no effect since Node.js Driver version 4.0.0 and will be removed in the next major version
(node:533315) [MONGODB DRIVER] Warning: useNewUrlParser is a deprecated option: useNewUrlParser has no effect since Node.js Driver version 4.0.0 and will be removed in the next major version
(Use `node --trace-warnings ...` to show where the warning was created)
(node:533315) [MONGODB DRIVER] Warning: useUnifiedTopology is a deprecated option: useUnifiedTopology has no effect since Node.js Driver version 4.0.0 and will be removed in the next major version
(node:727538) [MONGODB DRIVER] Warning: useNewUrlParser is a deprecated option: useNewUrlParser has no effect since Node.js Driver version 4.0.0 and will be removed in the next major version
(Use `node --trace-warnings ...` to show where the warning was created)
(node:727538) [MONGODB DRIVER] Warning: useUnifiedTopology is a deprecated option: useUnifiedTopology has no effect since Node.js Driver version 4.0.0 and will be removed in the next major version
(node:929912) [MONGODB DRIVER] Warning: useNewUrlParser is a deprecated option: useNewUrlParser has no effect since Node.js Driver version 4.0.0 and will be removed in the next major version
(Use `node --trace-warnings ...` to show where the warning was created)
(node:929912) [MONGODB DRIVER] Warning: useUnifiedTopology is a deprecated option: useUnifiedTopology has no effect since Node.js Driver version 4.0.0 and will be removed in the next major version
(node:1636818) [MONGODB DRIVER] Warning: useNewUrlParser is a deprecated option: useNewUrlParser has no effect since Node.js Driver version 4.0.0 and will be removed in the next major version
(Use `node --trace-warnings ...` to show where the warning was created)
(node:1636818) [MONGODB DRIVER] Warning: useUnifiedTopology is a deprecated option: useUnifiedTopology has no effect since Node.js Driver version 4.0.0 and will be removed in the next major version
Error submitting contact form: Error: Invalid login: 535 Authentication Failed for support@drphysioclinic.org
    at SMTPConnection._formatError (/home/dlongqwm/nodevenv/site/16/lib/node_modules/nodemailer/lib/smtp-connection/index.js:798:19)
    at SMTPConnection._actionAUTHComplete (/home/dlongqwm/nodevenv/site/16/lib/node_modules/nodemailer/lib/smtp-connection/index.js:1577:34)
    at SMTPConnection.<anonymous> (/home/dlongqwm/nodevenv/site/16/lib/node_modules/nodemailer/lib/smtp-connection/index.js:554:26)
    at SMTPConnection._processResponse (/home/dlongqwm/nodevenv/site/16/lib/node_modules/nodemailer/lib/smtp-connection/index.js:982:20)
    at SMTPConnection._onData (/home/dlongqwm/nodevenv/site/16/lib/node_modules/nodemailer/lib/smtp-connection/index.js:763:14)
    at TLSSocket.SMTPConnection._onSocketData (/home/dlongqwm/nodevenv/site/16/lib/node_modules/nodemailer/lib/smtp-connection/index.js:195:44)
    at TLSSocket.emit (node:events:513:28)
    at addChunk (node:internal/streams/readable:315:12)
    at readableAddChunk (node:internal/streams/readable:289:9)
    at TLSSocket.Readable.push (node:internal/streams/readable:228:10) {
  code: 'EAUTH',
  response: '535 Authentication Failed for support@drphysioclinic.org',
  responseCode: 535,
  command: 'AUTH PLAIN'
}
Error: Appointment validation failed: phoneNumber: Cast to Number failed for value "81235 58163" (type string) at path "phoneNumber"
    at ValidationError.inspect (/home/dlongqwm/nodevenv/site/16/lib/node_modules/mongoose/lib/error/validation.js:50:26)
    at formatValue (node:internal/util/inspect:806:19)
    at inspect (node:internal/util/inspect:365:10)
    at formatWithOptionsInternal (node:internal/util/inspect:2292:40)
    at formatWithOptions (node:internal/util/inspect:2154:10)
    at console.value (node:internal/console/constructor:348:14)
    at console.warn (node:internal/console/constructor:381:61)
    at /home/dlongqwm/site/server.js:96:13
    at runMicrotasks (<anonymous>)
    at processTicksAndRejections (node:internal/process/task_queues:96:5) {
  errors: {
    phoneNumber: CastError: Cast to Number failed for value "81235 58163" (type string) at path "phoneNumber"
        at SchemaNumber.cast (/home/dlongqwm/nodevenv/site/16/lib/node_modules/mongoose/lib/schema/number.js:380:11)
        at SchemaNumber.SchemaType.applySetters (/home/dlongqwm/nodevenv/site/16/lib/node_modules/mongoose/lib/schemaType.js:1236:12)
        at model.$set (/home/dlongqwm/nodevenv/site/16/lib/node_modules/mongoose/lib/document.js:1417:22)
        at model.$set (/home/dlongqwm/nodevenv/site/16/lib/node_modules/mongoose/lib/document.js:1113:16)
        at model.Document (/home/dlongqwm/nodevenv/site/16/lib/node_modules/mongoose/lib/document.js:166:12)
        at model.Model (/home/dlongqwm/nodevenv/site/16/lib/node_modules/mongoose/lib/model.js:131:12)
        at new model (/home/dlongqwm/nodevenv/site/16/lib/node_modules/mongoose/lib/model.js:4816:15)
        at /home/dlongqwm/site/server.js:75:25
        at Layer.handle [as handle_request] (/home/dlongqwm/nodevenv/site/16/lib/node_modules/express/lib/router/layer.js:95:5)
        at next (/home/dlongqwm/nodevenv/site/16/lib/node_modules/express/lib/router/route.js:149:13) {
      stringValue: '"81235 58163"',
      messageFormat: undefined,
      kind: 'Number',
      value: '81235 58163',
      path: 'phoneNumber',
      reason: AssertionError [ERR_ASSERTION]: The expression evaluated to a falsy value:
      
        assert.ok(!isNaN(val))
      
          at castNumber (/home/dlongqwm/nodevenv/site/16/lib/node_modules/mongoose/lib/cast/number.js:27:10)
          at SchemaNumber.cast (/home/dlongqwm/nodevenv/site/16/lib/node_modules/mongoose/lib/schema/number.js:378:12)
          at SchemaNumber.SchemaType.applySetters (/home/dlongqwm/nodevenv/site/16/lib/node_modules/mongoose/lib/schemaType.js:1236:12)
          at model.$set (/home/dlongqwm/nodevenv/site/16/lib/node_modules/mongoose/lib/document.js:1417:22)
          at model.$set (/home/dlongqwm/nodevenv/site/16/lib/node_modules/mongoose/lib/document.js:1113:16)
          at model.Document (/home/dlongqwm/nodevenv/site/16/lib/node_modules/mongoose/lib/document.js:166:12)
          at model.Model (/home/dlongqwm/nodevenv/site/16/lib/node_modules/mongoose/lib/model.js:131:12)
          at new model (/home/dlongqwm/nodevenv/site/16/lib/node_modules/mongoose/lib/model.js:4816:15)
          at /home/dlongqwm/site/server.js:75:25
          at Layer.handle [as handle_request] (/home/dlongqwm/nodevenv/site/16/lib/node_modules/express/lib/router/layer.js:95:5) {
        generatedMessage: true,
        code: 'ERR_ASSERTION',
        actual: false,
        expected: true,
        operator: '=='
      },
      valueType: 'string'
    }
  },
  _message: 'Appointment validation failed'
}
Error submitting contact form: Error: Invalid login: 535 Authentication Failed for support@drphysioclinic.org
    at SMTPConnection._formatError (/home/dlongqwm/nodevenv/site/16/lib/node_modules/nodemailer/lib/smtp-connection/index.js:798:19)
    at SMTPConnection._actionAUTHComplete (/home/dlongqwm/nodevenv/site/16/lib/node_modules/nodemailer/lib/smtp-connection/index.js:1577:34)
    at SMTPConnection.<anonymous> (/home/dlongqwm/nodevenv/site/16/lib/node_modules/nodemailer/lib/smtp-connection/index.js:554:26)
    at SMTPConnection._processResponse (/home/dlongqwm/nodevenv/site/16/lib/node_modules/nodemailer/lib/smtp-connection/index.js:982:20)
    at SMTPConnection._onData (/home/dlongqwm/nodevenv/site/16/lib/node_modules/nodemailer/lib/smtp-connection/index.js:763:14)
    at TLSSocket.SMTPConnection._onSocketData (/home/dlongqwm/nodevenv/site/16/lib/node_modules/nodemailer/lib/smtp-connection/index.js:195:44)
    at TLSSocket.emit (node:events:513:28)
    at addChunk (node:internal/streams/readable:315:12)
    at readableAddChunk (node:internal/streams/readable:289:9)
    at TLSSocket.Readable.push (node:internal/streams/readable:228:10) {
  code: 'EAUTH',
  response: '535 Authentication Failed for support@drphysioclinic.org',
  responseCode: 535,
  command: 'AUTH PLAIN'
}
Error submitting contact form: Error: Invalid login: 535 Authentication Failed for support@drphysioclinic.org
    at SMTPConnection._formatError (/home/dlongqwm/nodevenv/site/16/lib/node_modules/nodemailer/lib/smtp-connection/index.js:798:19)
    at SMTPConnection._actionAUTHComplete (/home/dlongqwm/nodevenv/site/16/lib/node_modules/nodemailer/lib/smtp-connection/index.js:1577:34)
    at SMTPConnection.<anonymous> (/home/dlongqwm/nodevenv/site/16/lib/node_modules/nodemailer/lib/smtp-connection/index.js:554:26)
    at SMTPConnection._processResponse (/home/dlongqwm/nodevenv/site/16/lib/node_modules/nodemailer/lib/smtp-connection/index.js:982:20)
    at SMTPConnection._onData (/home/dlongqwm/nodevenv/site/16/lib/node_modules/nodemailer/lib/smtp-connection/index.js:763:14)
    at TLSSocket.SMTPConnection._onSocketData (/home/dlongqwm/nodevenv/site/16/lib/node_modules/nodemailer/lib/smtp-connection/index.js:195:44)
    at TLSSocket.emit (node:events:513:28)
    at addChunk (node:internal/streams/readable:315:12)
    at readableAddChunk (node:internal/streams/readable:289:9)
    at TLSSocket.Readable.push (node:internal/streams/readable:228:10) {
  code: 'EAUTH',
  response: '535 Authentication Failed for support@drphysioclinic.org',
  responseCode: 535,
  command: 'AUTH PLAIN'
}
Error: Connection timeout
    at SMTPConnection._formatError (/home/dlongqwm/nodevenv/site/16/lib/node_modules/nodemailer/lib/smtp-connection/index.js:798:19)
    at SMTPConnection._onError (/home/dlongqwm/nodevenv/site/16/lib/node_modules/nodemailer/lib/smtp-connection/index.js:784:20)
    at Timeout.<anonymous> (/home/dlongqwm/nodevenv/site/16/lib/node_modules/nodemailer/lib/smtp-connection/index.js:237:22)
    at listOnTimeout (node:internal/timers:559:17)
    at processTimers (node:internal/timers:502:7) {
  code: 'ETIMEDOUT',
  command: 'CONN'
}
Error: Connection timeout
    at SMTPConnection._formatError (/home/dlongqwm/nodevenv/site/16/lib/node_modules/nodemailer/lib/smtp-connection/index.js:798:19)
    at SMTPConnection._onError (/home/dlongqwm/nodevenv/site/16/lib/node_modules/nodemailer/lib/smtp-connection/index.js:784:20)
    at Timeout.<anonymous> (/home/dlongqwm/nodevenv/site/16/lib/node_modules/nodemailer/lib/smtp-connection/index.js:237:22)
    at listOnTimeout (node:internal/timers:559:17)
    at processTimers (node:internal/timers:502:7) {
  code: 'ETIMEDOUT',
  command: 'CONN'
}
Error: Connection timeout
    at SMTPConnection._formatError (/home/dlongqwm/nodevenv/site/16/lib/node_modules/nodemailer/lib/smtp-connection/index.js:798:19)
    at SMTPConnection._onError (/home/dlongqwm/nodevenv/site/16/lib/node_modules/nodemailer/lib/smtp-connection/index.js:784:20)
    at Timeout.<anonymous> (/home/dlongqwm/nodevenv/site/16/lib/node_modules/nodemailer/lib/smtp-connection/index.js:237:22)
    at listOnTimeout (node:internal/timers:559:17)
    at processTimers (node:internal/timers:502:7) {
  code: 'ETIMEDOUT',
  command: 'CONN'
}
Error: Connection timeout
    at SMTPConnection._formatError (/home/dlongqwm/nodevenv/site/16/lib/node_modules/nodemailer/lib/smtp-connection/index.js:798:19)
    at SMTPConnection._onError (/home/dlongqwm/nodevenv/site/16/lib/node_modules/nodemailer/lib/smtp-connection/index.js:784:20)
    at Timeout.<anonymous> (/home/dlongqwm/nodevenv/site/16/lib/node_modules/nodemailer/lib/smtp-connection/index.js:237:22)
    at listOnTimeout (node:internal/timers:559:17)
    at processTimers (node:internal/timers:502:7) {
  code: 'ETIMEDOUT',
  command: 'CONN'
}
Error: Connection timeout
    at SMTPConnection._formatError (/home/dlongqwm/nodevenv/site/16/lib/node_modules/nodemailer/lib/smtp-connection/index.js:798:19)
    at SMTPConnection._onError (/home/dlongqwm/nodevenv/site/16/lib/node_modules/nodemailer/lib/smtp-connection/index.js:784:20)
    at Timeout.<anonymous> (/home/dlongqwm/nodevenv/site/16/lib/node_modules/nodemailer/lib/smtp-connection/index.js:237:22)
    at listOnTimeout (node:internal/timers:559:17)
    at processTimers (node:internal/timers:502:7) {
  code: 'ETIMEDOUT',
  command: 'CONN'
}
Error: Connection timeout
    at SMTPConnection._formatError (/home/dlongqwm/nodevenv/site/16/lib/node_modules/nodemailer/lib/smtp-connection/index.js:798:19)
    at SMTPConnection._onError (/home/dlongqwm/nodevenv/site/16/lib/node_modules/nodemailer/lib/smtp-connection/index.js:784:20)
    at Timeout.<anonymous> (/home/dlongqwm/nodevenv/site/16/lib/node_modules/nodemailer/lib/smtp-connection/index.js:237:22)
    at listOnTimeout (node:internal/timers:559:17)
    at processTimers (node:internal/timers:502:7) {
  code: 'ETIMEDOUT',
  command: 'CONN'
}
Error: Connection timeout
    at SMTPConnection._formatError (/home/dlongqwm/nodevenv/site/16/lib/node_modules/nodemailer/lib/smtp-connection/index.js:798:19)
    at SMTPConnection._onError (/home/dlongqwm/nodevenv/site/16/lib/node_modules/nodemailer/lib/smtp-connection/index.js:784:20)
    at Timeout.<anonymous> (/home/dlongqwm/nodevenv/site/16/lib/node_modules/nodemailer/lib/smtp-connection/index.js:237:22)
    at listOnTimeout (node:internal/timers:559:17)
    at processTimers (node:internal/timers:502:7) {
  code: 'ETIMEDOUT',
  command: 'CONN'
}
Error submitting contact form: Error: Invalid login: 535 Authentication Failed for support@drphysioclinic.org
    at SMTPConnection._formatError (/home/dlongqwm/nodevenv/site/16/lib/node_modules/nodemailer/lib/smtp-connection/index.js:798:19)
    at SMTPConnection._actionAUTHComplete (/home/dlongqwm/nodevenv/site/16/lib/node_modules/nodemailer/lib/smtp-connection/index.js:1577:34)
    at SMTPConnection.<anonymous> (/home/dlongqwm/nodevenv/site/16/lib/node_modules/nodemailer/lib/smtp-connection/index.js:554:26)
    at SMTPConnection._processResponse (/home/dlongqwm/nodevenv/site/16/lib/node_modules/nodemailer/lib/smtp-connection/index.js:982:20)
    at SMTPConnection._onData (/home/dlongqwm/nodevenv/site/16/lib/node_modules/nodemailer/lib/smtp-connection/index.js:763:14)
    at TLSSocket.SMTPConnection._onSocketData (/home/dlongqwm/nodevenv/site/16/lib/node_modules/nodemailer/lib/smtp-connection/index.js:195:44)
    at TLSSocket.emit (node:events:513:28)
    at addChunk (node:internal/streams/readable:315:12)
    at readableAddChunk (node:internal/streams/readable:289:9)
    at TLSSocket.Readable.push (node:internal/streams/readable:228:10) {
  code: 'EAUTH',
  response: '535 Authentication Failed for support@drphysioclinic.org',
  responseCode: 535,
  command: 'AUTH PLAIN'
}
Error submitting contact form: Error: Invalid login: 535 Authentication Failed for support@drphysioclinic.org
    at SMTPConnection._formatError (/home/dlongqwm/nodevenv/site/16/lib/node_modules/nodemailer/lib/smtp-connection/index.js:798:19)
    at SMTPConnection._actionAUTHComplete (/home/dlongqwm/nodevenv/site/16/lib/node_modules/nodemailer/lib/smtp-connection/index.js:1577:34)
    at SMTPConnection.<anonymous> (/home/dlongqwm/nodevenv/site/16/lib/node_modules/nodemailer/lib/smtp-connection/index.js:554:26)
    at SMTPConnection._processResponse (/home/dlongqwm/nodevenv/site/16/lib/node_modules/nodemailer/lib/smtp-connection/index.js:982:20)
    at SMTPConnection._onData (/home/dlongqwm/nodevenv/site/16/lib/node_modules/nodemailer/lib/smtp-connection/index.js:763:14)
    at TLSSocket.SMTPConnection._onSocketData (/home/dlongqwm/nodevenv/site/16/lib/node_modules/nodemailer/lib/smtp-connection/index.js:195:44)
    at TLSSocket.emit (node:events:513:28)
    at addChunk (node:internal/streams/readable:315:12)
    at readableAddChunk (node:internal/streams/readable:289:9)
    at TLSSocket.Readable.push (node:internal/streams/readable:228:10) {
  code: 'EAUTH',
  response: '535 Authentication Failed for support@drphysioclinic.org',
  responseCode: 535,
  command: 'AUTH PLAIN'
}
Error: Invalid login: 535 Authentication Failed for support@drphysioclinic.org
    at SMTPConnection._formatError (/home/dlongqwm/nodevenv/site/16/lib/node_modules/nodemailer/lib/smtp-connection/index.js:798:19)
    at SMTPConnection._actionAUTHComplete (/home/dlongqwm/nodevenv/site/16/lib/node_modules/nodemailer/lib/smtp-connection/index.js:1577:34)
    at SMTPConnection.<anonymous> (/home/dlongqwm/nodevenv/site/16/lib/node_modules/nodemailer/lib/smtp-connection/index.js:554:26)
    at SMTPConnection._processResponse (/home/dlongqwm/nodevenv/site/16/lib/node_modules/nodemailer/lib/smtp-connection/index.js:982:20)
    at SMTPConnection._onData (/home/dlongqwm/nodevenv/site/16/lib/node_modules/nodemailer/lib/smtp-connection/index.js:763:14)
    at TLSSocket.SMTPConnection._onSocketData (/home/dlongqwm/nodevenv/site/16/lib/node_modules/nodemailer/lib/smtp-connection/index.js:195:44)
    at TLSSocket.emit (node:events:513:28)
    at addChunk (node:internal/streams/readable:315:12)
    at readableAddChunk (node:internal/streams/readable:289:9)
    at TLSSocket.Readable.push (node:internal/streams/readable:228:10) {
  code: 'EAUTH',
  response: '535 Authentication Failed for support@drphysioclinic.org',
  responseCode: 535,
  command: 'AUTH PLAIN'
}
Error submitting contact form: Error: Connection timeout
    at SMTPConnection._formatError (/home/dlongqwm/nodevenv/site/16/lib/node_modules/nodemailer/lib/smtp-connection/index.js:798:19)
    at SMTPConnection._onError (/home/dlongqwm/nodevenv/site/16/lib/node_modules/nodemailer/lib/smtp-connection/index.js:784:20)
    at Timeout.<anonymous> (/home/dlongqwm/nodevenv/site/16/lib/node_modules/nodemailer/lib/smtp-connection/index.js:237:22)
    at listOnTimeout (node:internal/timers:559:17)
    at processTimers (node:internal/timers:502:7) {
  code: 'ETIMEDOUT',
  command: 'CONN'
}
Error: Connection timeout
    at SMTPConnection._formatError (/home/dlongqwm/nodevenv/site/16/lib/node_modules/nodemailer/lib/smtp-connection/index.js:798:19)
    at SMTPConnection._onError (/home/dlongqwm/nodevenv/site/16/lib/node_modules/nodemailer/lib/smtp-connection/index.js:784:20)
    at Timeout.<anonymous> (/home/dlongqwm/nodevenv/site/16/lib/node_modules/nodemailer/lib/smtp-connection/index.js:237:22)
    at listOnTimeout (node:internal/timers:559:17)
    at processTimers (node:internal/timers:502:7) {
  code: 'ETIMEDOUT',
  command: 'CONN'
}
Error: Connection timeout
    at SMTPConnection._formatError (/home/dlongqwm/nodevenv/site/16/lib/node_modules/nodemailer/lib/smtp-connection/index.js:798:19)
    at SMTPConnection._onError (/home/dlongqwm/nodevenv/site/16/lib/node_modules/nodemailer/lib/smtp-connection/index.js:784:20)
    at Timeout.<anonymous> (/home/dlongqwm/nodevenv/site/16/lib/node_modules/nodemailer/lib/smtp-connection/index.js:237:22)
    at listOnTimeout (node:internal/timers:559:17)
    at processTimers (node:internal/timers:502:7) {
  code: 'ETIMEDOUT',
  command: 'CONN'
}
Error: Connection timeout
    at SMTPConnection._formatError (/home/dlongqwm/nodevenv/site/16/lib/node_modules/nodemailer/lib/smtp-connection/index.js:798:19)
    at SMTPConnection._onError (/home/dlongqwm/nodevenv/site/16/lib/node_modules/nodemailer/lib/smtp-connection/index.js:784:20)
    at Timeout.<anonymous> (/home/dlongqwm/nodevenv/site/16/lib/node_modules/nodemailer/lib/smtp-connection/index.js:237:22)
    at listOnTimeout (node:internal/timers:559:17)
    at processTimers (node:internal/timers:502:7) {
  code: 'ETIMEDOUT',
  command: 'CONN'
}
Error: Connection timeout
    at SMTPConnection._formatError (/home/dlongqwm/nodevenv/site/16/lib/node_modules/nodemailer/lib/smtp-connection/index.js:798:19)
    at SMTPConnection._onError (/home/dlongqwm/nodevenv/site/16/lib/node_modules/nodemailer/lib/smtp-connection/index.js:784:20)
    at Timeout.<anonymous> (/home/dlongqwm/nodevenv/site/16/lib/node_modules/nodemailer/lib/smtp-connection/index.js:237:22)
    at listOnTimeout (node:internal/timers:559:17)
    at processTimers (node:internal/timers:502:7) {
  code: 'ETIMEDOUT',
  command: 'CONN'
}
Error submitting contact form: Error: Invalid login: 535 Authentication Failed for support@drphysioclinic.org
    at SMTPConnection._formatError (/home/dlongqwm/nodevenv/site/16/lib/node_modules/nodemailer/lib/smtp-connection/index.js:798:19)
    at SMTPConnection._actionAUTHComplete (/home/dlongqwm/nodevenv/site/16/lib/node_modules/nodemailer/lib/smtp-connection/index.js:1577:34)
    at SMTPConnection.<anonymous> (/home/dlongqwm/nodevenv/site/16/lib/node_modules/nodemailer/lib/smtp-connection/index.js:554:26)
    at SMTPConnection._processResponse (/home/dlongqwm/nodevenv/site/16/lib/node_modules/nodemailer/lib/smtp-connection/index.js:982:20)
    at SMTPConnection._onData (/home/dlongqwm/nodevenv/site/16/lib/node_modules/nodemailer/lib/smtp-connection/index.js:763:14)
    at TLSSocket.SMTPConnection._onSocketData (/home/dlongqwm/nodevenv/site/16/lib/node_modules/nodemailer/lib/smtp-connection/index.js:195:44)
    at TLSSocket.emit (node:events:513:28)
    at addChunk (node:internal/streams/readable:315:12)
    at readableAddChunk (node:internal/streams/readable:289:9)
    at TLSSocket.Readable.push (node:internal/streams/readable:228:10) {
  code: 'EAUTH',
  response: '535 Authentication Failed for support@drphysioclinic.org',
  responseCode: 535,
  command: 'AUTH PLAIN'
}
Error submitting contact form: Error: Invalid login: 535 Authentication Failed for support@drphysioclinic.org
    at SMTPConnection._formatError (/home/dlongqwm/nodevenv/site/16/lib/node_modules/nodemailer/lib/smtp-connection/index.js:798:19)
    at SMTPConnection._actionAUTHComplete (/home/dlongqwm/nodevenv/site/16/lib/node_modules/nodemailer/lib/smtp-connection/index.js:1577:34)
    at SMTPConnection.<anonymous> (/home/dlongqwm/nodevenv/site/16/lib/node_modules/nodemailer/lib/smtp-connection/index.js:554:26)
    at SMTPConnection._processResponse (/home/dlongqwm/nodevenv/site/16/lib/node_modules/nodemailer/lib/smtp-connection/index.js:982:20)
    at SMTPConnection._onData (/home/dlongqwm/nodevenv/site/16/lib/node_modules/nodemailer/lib/smtp-connection/index.js:763:14)
    at TLSSocket.SMTPConnection._onSocketData (/home/dlongqwm/nodevenv/site/16/lib/node_modules/nodemailer/lib/smtp-connection/index.js:195:44)
    at TLSSocket.emit (node:events:513:28)
    at addChunk (node:internal/streams/readable:315:12)
    at readableAddChunk (node:internal/streams/readable:289:9)
    at TLSSocket.Readable.push (node:internal/streams/readable:228:10) {
  code: 'EAUTH',
  response: '535 Authentication Failed for support@drphysioclinic.org',
  responseCode: 535,
  command: 'AUTH PLAIN'
}
Error submitting contact form: Error: Invalid login: 535 Authentication Failed for support@drphysioclinic.org
    at SMTPConnection._formatError (/home/dlongqwm/nodevenv/site/16/lib/node_modules/nodemailer/lib/smtp-connection/index.js:798:19)
    at SMTPConnection._actionAUTHComplete (/home/dlongqwm/nodevenv/site/16/lib/node_modules/nodemailer/lib/smtp-connection/index.js:1577:34)
    at SMTPConnection.<anonymous> (/home/dlongqwm/nodevenv/site/16/lib/node_modules/nodemailer/lib/smtp-connection/index.js:554:26)
    at SMTPConnection._processResponse (/home/dlongqwm/nodevenv/site/16/lib/node_modules/nodemailer/lib/smtp-connection/index.js:982:20)
    at SMTPConnection._onData (/home/dlongqwm/nodevenv/site/16/lib/node_modules/nodemailer/lib/smtp-connection/index.js:763:14)
    at TLSSocket.SMTPConnection._onSocketData (/home/dlongqwm/nodevenv/site/16/lib/node_modules/nodemailer/lib/smtp-connection/index.js:195:44)
    at TLSSocket.emit (node:events:513:28)
    at addChunk (node:internal/streams/readable:315:12)
    at readableAddChunk (node:internal/streams/readable:289:9)
    at TLSSocket.Readable.push (node:internal/streams/readable:228:10) {
  code: 'EAUTH',
  response: '535 Authentication Failed for support@drphysioclinic.org',
  responseCode: 535,
  command: 'AUTH PLAIN'
}
Error submitting contact form: Error: Invalid login: 535 Authentication Failed for support@drphysioclinic.org
    at SMTPConnection._formatError (/home/dlongqwm/nodevenv/site/16/lib/node_modules/nodemailer/lib/smtp-connection/index.js:798:19)
    at SMTPConnection._actionAUTHComplete (/home/dlongqwm/nodevenv/site/16/lib/node_modules/nodemailer/lib/smtp-connection/index.js:1577:34)
    at SMTPConnection.<anonymous> (/home/dlongqwm/nodevenv/site/16/lib/node_modules/nodemailer/lib/smtp-connection/index.js:554:26)
    at SMTPConnection._processResponse (/home/dlongqwm/nodevenv/site/16/lib/node_modules/nodemailer/lib/smtp-connection/index.js:982:20)
    at SMTPConnection._onData (/home/dlongqwm/nodevenv/site/16/lib/node_modules/nodemailer/lib/smtp-connection/index.js:763:14)
    at TLSSocket.SMTPConnection._onSocketData (/home/dlongqwm/nodevenv/site/16/lib/node_modules/nodemailer/lib/smtp-connection/index.js:195:44)
    at TLSSocket.emit (node:events:513:28)
    at addChunk (node:internal/streams/readable:315:12)
    at readableAddChunk (node:internal/streams/readable:289:9)
    at TLSSocket.Readable.push (node:internal/streams/readable:228:10) {
  code: 'EAUTH',
  response: '535 Authentication Failed for support@drphysioclinic.org',
  responseCode: 535,
  command: 'AUTH PLAIN'
}
Error submitting contact form: Error: Invalid login: 535 Authentication Failed for support@drphysioclinic.org
    at SMTPConnection._formatError (/home/dlongqwm/nodevenv/site/16/lib/node_modules/nodemailer/lib/smtp-connection/index.js:798:19)
    at SMTPConnection._actionAUTHComplete (/home/dlongqwm/nodevenv/site/16/lib/node_modules/nodemailer/lib/smtp-connection/index.js:1577:34)
    at SMTPConnection.<anonymous> (/home/dlongqwm/nodevenv/site/16/lib/node_modules/nodemailer/lib/smtp-connection/index.js:554:26)
    at SMTPConnection._processResponse (/home/dlongqwm/nodevenv/site/16/lib/node_modules/nodemailer/lib/smtp-connection/index.js:982:20)
    at SMTPConnection._onData (/home/dlongqwm/nodevenv/site/16/lib/node_modules/nodemailer/lib/smtp-connection/index.js:763:14)
    at TLSSocket.SMTPConnection._onSocketData (/home/dlongqwm/nodevenv/site/16/lib/node_modules/nodemailer/lib/smtp-connection/index.js:195:44)
    at TLSSocket.emit (node:events:513:28)
    at addChunk (node:internal/streams/readable:315:12)
    at readableAddChunk (node:internal/streams/readable:289:9)
    at TLSSocket.Readable.push (node:internal/streams/readable:228:10) {
  code: 'EAUTH',
  response: '535 Authentication Failed for support@drphysioclinic.org',
  responseCode: 535,
  command: 'AUTH PLAIN'
}
Error submitting contact form: Error: Invalid login: 535 Authentication Failed for support@drphysioclinic.org
    at SMTPConnection._formatError (/home/dlongqwm/nodevenv/site/16/lib/node_modules/nodemailer/lib/smtp-connection/index.js:798:19)
    at SMTPConnection._actionAUTHComplete (/home/dlongqwm/nodevenv/site/16/lib/node_modules/nodemailer/lib/smtp-connection/index.js:1577:34)
    at SMTPConnection.<anonymous> (/home/dlongqwm/nodevenv/site/16/lib/node_modules/nodemailer/lib/smtp-connection/index.js:554:26)
    at SMTPConnection._processResponse (/home/dlongqwm/nodevenv/site/16/lib/node_modules/nodemailer/lib/smtp-connection/index.js:982:20)
    at SMTPConnection._onData (/home/dlongqwm/nodevenv/site/16/lib/node_modules/nodemailer/lib/smtp-connection/index.js:763:14)
    at TLSSocket.SMTPConnection._onSocketData (/home/dlongqwm/nodevenv/site/16/lib/node_modules/nodemailer/lib/smtp-connection/index.js:195:44)
    at TLSSocket.emit (node:events:513:28)
    at addChunk (node:internal/streams/readable:315:12)
    at readableAddChunk (node:internal/streams/readable:289:9)
    at TLSSocket.Readable.push (node:internal/streams/readable:228:10) {
  code: 'EAUTH',
  response: '535 Authentication Failed for support@drphysioclinic.org',
  responseCode: 535,
  command: 'AUTH PLAIN'
}
Error submitting contact form: Error: Invalid login: 535 Authentication Failed for support@drphysioclinic.org
    at SMTPConnection._formatError (/home/dlongqwm/nodevenv/site/16/lib/node_modules/nodemailer/lib/smtp-connection/index.js:798:19)
    at SMTPConnection._actionAUTHComplete (/home/dlongqwm/nodevenv/site/16/lib/node_modules/nodemailer/lib/smtp-connection/index.js:1577:34)
    at SMTPConnection.<anonymous> (/home/dlongqwm/nodevenv/site/16/lib/node_modules/nodemailer/lib/smtp-connection/index.js:554:26)
    at SMTPConnection._processResponse (/home/dlongqwm/nodevenv/site/16/lib/node_modules/nodemailer/lib/smtp-connection/index.js:982:20)
    at SMTPConnection._onData (/home/dlongqwm/nodevenv/site/16/lib/node_modules/nodemailer/lib/smtp-connection/index.js:763:14)
    at TLSSocket.SMTPConnection._onSocketData (/home/dlongqwm/nodevenv/site/16/lib/node_modules/nodemailer/lib/smtp-connection/index.js:195:44)
    at TLSSocket.emit (node:events:513:28)
    at addChunk (node:internal/streams/readable:315:12)
    at readableAddChunk (node:internal/streams/readable:289:9)
    at TLSSocket.Readable.push (node:internal/streams/readable:228:10) {
  code: 'EAUTH',
  response: '535 Authentication Failed for support@drphysioclinic.org',
  responseCode: 535,
  command: 'AUTH PLAIN'
}
Error submitting contact form: Error: Invalid login: 535 Authentication Failed for support@drphysioclinic.org
    at SMTPConnection._formatError (/home/dlongqwm/nodevenv/site/16/lib/node_modules/nodemailer/lib/smtp-connection/index.js:798:19)
    at SMTPConnection._actionAUTHComplete (/home/dlongqwm/nodevenv/site/16/lib/node_modules/nodemailer/lib/smtp-connection/index.js:1577:34)
    at SMTPConnection.<anonymous> (/home/dlongqwm/nodevenv/site/16/lib/node_modules/nodemailer/lib/smtp-connection/index.js:554:26)
    at SMTPConnection._processResponse (/home/dlongqwm/nodevenv/site/16/lib/node_modules/nodemailer/lib/smtp-connection/index.js:982:20)
    at SMTPConnection._onData (/home/dlongqwm/nodevenv/site/16/lib/node_modules/nodemailer/lib/smtp-connection/index.js:763:14)
    at TLSSocket.SMTPConnection._onSocketData (/home/dlongqwm/nodevenv/site/16/lib/node_modules/nodemailer/lib/smtp-connection/index.js:195:44)
    at TLSSocket.emit (node:events:513:28)
    at addChunk (node:internal/streams/readable:315:12)
    at readableAddChunk (node:internal/streams/readable:289:9)
    at TLSSocket.Readable.push (node:internal/streams/readable:228:10) {
  code: 'EAUTH',
  response: '535 Authentication Failed for support@drphysioclinic.org',
  responseCode: 535,
  command: 'AUTH PLAIN'
}
Error submitting contact form: Error: Invalid login: 535 Authentication Failed for support@drphysioclinic.org
    at SMTPConnection._formatError (/home/dlongqwm/nodevenv/site/16/lib/node_modules/nodemailer/lib/smtp-connection/index.js:798:19)
    at SMTPConnection._actionAUTHComplete (/home/dlongqwm/nodevenv/site/16/lib/node_modules/nodemailer/lib/smtp-connection/index.js:1577:34)
    at SMTPConnection.<anonymous> (/home/dlongqwm/nodevenv/site/16/lib/node_modules/nodemailer/lib/smtp-connection/index.js:554:26)
    at SMTPConnection._processResponse (/home/dlongqwm/nodevenv/site/16/lib/node_modules/nodemailer/lib/smtp-connection/index.js:982:20)
    at SMTPConnection._onData (/home/dlongqwm/nodevenv/site/16/lib/node_modules/nodemailer/lib/smtp-connection/index.js:763:14)
    at TLSSocket.SMTPConnection._onSocketData (/home/dlongqwm/nodevenv/site/16/lib/node_modules/nodemailer/lib/smtp-connection/index.js:195:44)
    at TLSSocket.emit (node:events:513:28)
    at addChunk (node:internal/streams/readable:315:12)
    at readableAddChunk (node:internal/streams/readable:289:9)
    at TLSSocket.Readable.push (node:internal/streams/readable:228:10) {
  code: 'EAUTH',
  response: '535 Authentication Failed for support@drphysioclinic.org',
  responseCode: 535,
  command: 'AUTH PLAIN'
}
Error: Connection timeout
    at SMTPConnection._formatError (/home/dlongqwm/nodevenv/site/16/lib/node_modules/nodemailer/lib/smtp-connection/index.js:798:19)
    at SMTPConnection._onError (/home/dlongqwm/nodevenv/site/16/lib/node_modules/nodemailer/lib/smtp-connection/index.js:784:20)
    at Timeout.<anonymous> (/home/dlongqwm/nodevenv/site/16/lib/node_modules/nodemailer/lib/smtp-connection/index.js:237:22)
    at listOnTimeout (node:internal/timers:559:17)
    at processTimers (node:internal/timers:502:7) {
  code: 'ETIMEDOUT',
  command: 'CONN'
}
Error: Connection timeout
    at SMTPConnection._formatError (/home/dlongqwm/nodevenv/site/16/lib/node_modules/nodemailer/lib/smtp-connection/index.js:798:19)
    at SMTPConnection._onError (/home/dlongqwm/nodevenv/site/16/lib/node_modules/nodemailer/lib/smtp-connection/index.js:784:20)
    at Timeout.<anonymous> (/home/dlongqwm/nodevenv/site/16/lib/node_modules/nodemailer/lib/smtp-connection/index.js:237:22)
    at listOnTimeout (node:internal/timers:559:17)
    at processTimers (node:internal/timers:502:7) {
  code: 'ETIMEDOUT',
  command: 'CONN'
}
Error: Connection timeout
    at SMTPConnection._formatError (/home/dlongqwm/nodevenv/site/16/lib/node_modules/nodemailer/lib/smtp-connection/index.js:798:19)
    at SMTPConnection._onError (/home/dlongqwm/nodevenv/site/16/lib/node_modules/nodemailer/lib/smtp-connection/index.js:784:20)
    at Timeout.<anonymous> (/home/dlongqwm/nodevenv/site/16/lib/node_modules/nodemailer/lib/smtp-connection/index.js:237:22)
    at listOnTimeout (node:internal/timers:559:17)
    at processTimers (node:internal/timers:502:7) {
  code: 'ETIMEDOUT',
  command: 'CONN'
}
Error: Invalid login: 535 Authentication Failed for support@drphysioclinic.org
    at SMTPConnection._formatError (/home/dlongqwm/nodevenv/site/16/lib/node_modules/nodemailer/lib/smtp-connection/index.js:798:19)
    at SMTPConnection._actionAUTHComplete (/home/dlongqwm/nodevenv/site/16/lib/node_modules/nodemailer/lib/smtp-connection/index.js:1577:34)
    at SMTPConnection.<anonymous> (/home/dlongqwm/nodevenv/site/16/lib/node_modules/nodemailer/lib/smtp-connection/index.js:554:26)
    at SMTPConnection._processResponse (/home/dlongqwm/nodevenv/site/16/lib/node_modules/nodemailer/lib/smtp-connection/index.js:982:20)
    at SMTPConnection._onData (/home/dlongqwm/nodevenv/site/16/lib/node_modules/nodemailer/lib/smtp-connection/index.js:763:14)
    at TLSSocket.SMTPConnection._onSocketData (/home/dlongqwm/nodevenv/site/16/lib/node_modules/nodemailer/lib/smtp-connection/index.js:195:44)
    at TLSSocket.emit (node:events:513:28)
    at addChunk (node:internal/streams/readable:315:12)
    at readableAddChunk (node:internal/streams/readable:289:9)
    at TLSSocket.Readable.push (node:internal/streams/readable:228:10) {
  code: 'EAUTH',
  response: '535 Authentication Failed for support@drphysioclinic.org',
  responseCode: 535,
  command: 'AUTH PLAIN'
}
Error: Invalid login: 535 Authentication Failed for support@drphysioclinic.org
    at SMTPConnection._formatError (/home/dlongqwm/nodevenv/site/16/lib/node_modules/nodemailer/lib/smtp-connection/index.js:798:19)
    at SMTPConnection._actionAUTHComplete (/home/dlongqwm/nodevenv/site/16/lib/node_modules/nodemailer/lib/smtp-connection/index.js:1577:34)
    at SMTPConnection.<anonymous> (/home/dlongqwm/nodevenv/site/16/lib/node_modules/nodemailer/lib/smtp-connection/index.js:554:26)
    at SMTPConnection._processResponse (/home/dlongqwm/nodevenv/site/16/lib/node_modules/nodemailer/lib/smtp-connection/index.js:982:20)
    at SMTPConnection._onData (/home/dlongqwm/nodevenv/site/16/lib/node_modules/nodemailer/lib/smtp-connection/index.js:763:14)
    at TLSSocket.SMTPConnection._onSocketData (/home/dlongqwm/nodevenv/site/16/lib/node_modules/nodemailer/lib/smtp-connection/index.js:195:44)
    at TLSSocket.emit (node:events:513:28)
    at addChunk (node:internal/streams/readable:315:12)
    at readableAddChunk (node:internal/streams/readable:289:9)
    at TLSSocket.Readable.push (node:internal/streams/readable:228:10) {
  code: 'EAUTH',
  response: '535 Authentication Failed for support@drphysioclinic.org',
  responseCode: 535,
  command: 'AUTH PLAIN'
}
Error: Invalid login: 535 Authentication Failed for support@drphysioclinic.org
    at SMTPConnection._formatError (/home/dlongqwm/nodevenv/site/16/lib/node_modules/nodemailer/lib/smtp-connection/index.js:798:19)
    at SMTPConnection._actionAUTHComplete (/home/dlongqwm/nodevenv/site/16/lib/node_modules/nodemailer/lib/smtp-connection/index.js:1577:34)
    at SMTPConnection.<anonymous> (/home/dlongqwm/nodevenv/site/16/lib/node_modules/nodemailer/lib/smtp-connection/index.js:554:26)
    at SMTPConnection._processResponse (/home/dlongqwm/nodevenv/site/16/lib/node_modules/nodemailer/lib/smtp-connection/index.js:982:20)
    at SMTPConnection._onData (/home/dlongqwm/nodevenv/site/16/lib/node_modules/nodemailer/lib/smtp-connection/index.js:763:14)
    at TLSSocket.SMTPConnection._onSocketData (/home/dlongqwm/nodevenv/site/16/lib/node_modules/nodemailer/lib/smtp-connection/index.js:195:44)
    at TLSSocket.emit (node:events:513:28)
    at addChunk (node:internal/streams/readable:315:12)
    at readableAddChunk (node:internal/streams/readable:289:9)
    at TLSSocket.Readable.push (node:internal/streams/readable:228:10) {
  code: 'EAUTH',
  response: '535 Authentication Failed for support@drphysioclinic.org',
  responseCode: 535,
  command: 'AUTH PLAIN'
}
Error submitting contact form: Error: Invalid login: 535 Authentication Failed for support@drphysioclinic.org
    at SMTPConnection._formatError (/home/dlongqwm/nodevenv/site/16/lib/node_modules/nodemailer/lib/smtp-connection/index.js:798:19)
    at SMTPConnection._actionAUTHComplete (/home/dlongqwm/nodevenv/site/16/lib/node_modules/nodemailer/lib/smtp-connection/index.js:1577:34)
    at SMTPConnection.<anonymous> (/home/dlongqwm/nodevenv/site/16/lib/node_modules/nodemailer/lib/smtp-connection/index.js:554:26)
    at SMTPConnection._processResponse (/home/dlongqwm/nodevenv/site/16/lib/node_modules/nodemailer/lib/smtp-connection/index.js:982:20)
    at SMTPConnection._onData (/home/dlongqwm/nodevenv/site/16/lib/node_modules/nodemailer/lib/smtp-connection/index.js:763:14)
    at TLSSocket.SMTPConnection._onSocketData (/home/dlongqwm/nodevenv/site/16/lib/node_modules/nodemailer/lib/smtp-connection/index.js:195:44)
    at TLSSocket.emit (node:events:513:28)
    at addChunk (node:internal/streams/readable:315:12)
    at readableAddChunk (node:internal/streams/readable:289:9)
    at TLSSocket.Readable.push (node:internal/streams/readable:228:10) {
  code: 'EAUTH',
  response: '535 Authentication Failed for support@drphysioclinic.org',
  responseCode: 535,
  command: 'AUTH PLAIN'
}
Error: Appointment validation failed: phoneNumber: Cast to Number failed for value "97661 08588" (type string) at path "phoneNumber"
    at ValidationError.inspect (/home/dlongqwm/nodevenv/site/16/lib/node_modules/mongoose/lib/error/validation.js:50:26)
    at formatValue (node:internal/util/inspect:806:19)
    at inspect (node:internal/util/inspect:365:10)
    at formatWithOptionsInternal (node:internal/util/inspect:2292:40)
    at formatWithOptions (node:internal/util/inspect:2154:10)
    at console.value (node:internal/console/constructor:348:14)
    at console.warn (node:internal/console/constructor:381:61)
    at /home/dlongqwm/site/server.js:96:13
    at runMicrotasks (<anonymous>)
    at processTicksAndRejections (node:internal/process/task_queues:96:5) {
  errors: {
    phoneNumber: CastError: Cast to Number failed for value "97661 08588" (type string) at path "phoneNumber"
        at SchemaNumber.cast (/home/dlongqwm/nodevenv/site/16/lib/node_modules/mongoose/lib/schema/number.js:380:11)
        at SchemaNumber.SchemaType.applySetters (/home/dlongqwm/nodevenv/site/16/lib/node_modules/mongoose/lib/schemaType.js:1236:12)
        at model.$set (/home/dlongqwm/nodevenv/site/16/lib/node_modules/mongoose/lib/document.js:1417:22)
        at model.$set (/home/dlongqwm/nodevenv/site/16/lib/node_modules/mongoose/lib/document.js:1113:16)
        at model.Document (/home/dlongqwm/nodevenv/site/16/lib/node_modules/mongoose/lib/document.js:166:12)
        at model.Model (/home/dlongqwm/nodevenv/site/16/lib/node_modules/mongoose/lib/model.js:131:12)
        at new model (/home/dlongqwm/nodevenv/site/16/lib/node_modules/mongoose/lib/model.js:4816:15)
        at /home/dlongqwm/site/server.js:75:25
        at Layer.handle [as handle_request] (/home/dlongqwm/nodevenv/site/16/lib/node_modules/express/lib/router/layer.js:95:5)
        at next (/home/dlongqwm/nodevenv/site/16/lib/node_modules/express/lib/router/route.js:149:13) {
      stringValue: '"97661 08588"',
      messageFormat: undefined,
      kind: 'Number',
      value: '97661 08588',
      path: 'phoneNumber',
      reason: AssertionError [ERR_ASSERTION]: The expression evaluated to a falsy value:
      
        assert.ok(!isNaN(val))
      
          at castNumber (/home/dlongqwm/nodevenv/site/16/lib/node_modules/mongoose/lib/cast/number.js:27:10)
          at SchemaNumber.cast (/home/dlongqwm/nodevenv/site/16/lib/node_modules/mongoose/lib/schema/number.js:378:12)
          at SchemaNumber.SchemaType.applySetters (/home/dlongqwm/nodevenv/site/16/lib/node_modules/mongoose/lib/schemaType.js:1236:12)
          at model.$set (/home/dlongqwm/nodevenv/site/16/lib/node_modules/mongoose/lib/document.js:1417:22)
          at model.$set (/home/dlongqwm/nodevenv/site/16/lib/node_modules/mongoose/lib/document.js:1113:16)
          at model.Document (/home/dlongqwm/nodevenv/site/16/lib/node_modules/mongoose/lib/document.js:166:12)
          at model.Model (/home/dlongqwm/nodevenv/site/16/lib/node_modules/mongoose/lib/model.js:131:12)
          at new model (/home/dlongqwm/nodevenv/site/16/lib/node_modules/mongoose/lib/model.js:4816:15)
          at /home/dlongqwm/site/server.js:75:25
          at Layer.handle [as handle_request] (/home/dlongqwm/nodevenv/site/16/lib/node_modules/express/lib/router/layer.js:95:5) {
        generatedMessage: true,
        code: 'ERR_ASSERTION',
        actual: false,
        expected: true,
        operator: '=='
      },
      valueType: 'string'
    }
  },
  _message: 'Appointment validation failed'
}
Error: Appointment validation failed: phoneNumber: Cast to Number failed for value "97661 08588" (type string) at path "phoneNumber"
    at ValidationError.inspect (/home/dlongqwm/nodevenv/site/16/lib/node_modules/mongoose/lib/error/validation.js:50:26)
    at formatValue (node:internal/util/inspect:806:19)
    at inspect (node:internal/util/inspect:365:10)
    at formatWithOptionsInternal (node:internal/util/inspect:2292:40)
    at formatWithOptions (node:internal/util/inspect:2154:10)
    at console.value (node:internal/console/constructor:348:14)
    at console.warn (node:internal/console/constructor:381:61)
    at /home/dlongqwm/site/server.js:96:13
    at runMicrotasks (<anonymous>)
    at processTicksAndRejections (node:internal/process/task_queues:96:5) {
  errors: {
    phoneNumber: CastError: Cast to Number failed for value "97661 08588" (type string) at path "phoneNumber"
        at SchemaNumber.cast (/home/dlongqwm/nodevenv/site/16/lib/node_modules/mongoose/lib/schema/number.js:380:11)
        at SchemaNumber.SchemaType.applySetters (/home/dlongqwm/nodevenv/site/16/lib/node_modules/mongoose/lib/schemaType.js:1236:12)
        at model.$set (/home/dlongqwm/nodevenv/site/16/lib/node_modules/mongoose/lib/document.js:1417:22)
        at model.$set (/home/dlongqwm/nodevenv/site/16/lib/node_modules/mongoose/lib/document.js:1113:16)
        at model.Document (/home/dlongqwm/nodevenv/site/16/lib/node_modules/mongoose/lib/document.js:166:12)
        at model.Model (/home/dlongqwm/nodevenv/site/16/lib/node_modules/mongoose/lib/model.js:131:12)
        at new model (/home/dlongqwm/nodevenv/site/16/lib/node_modules/mongoose/lib/model.js:4816:15)
        at /home/dlongqwm/site/server.js:75:25
        at Layer.handle [as handle_request] (/home/dlongqwm/nodevenv/site/16/lib/node_modules/express/lib/router/layer.js:95:5)
        at next (/home/dlongqwm/nodevenv/site/16/lib/node_modules/express/lib/router/route.js:149:13) {
      stringValue: '"97661 08588"',
      messageFormat: undefined,
      kind: 'Number',
      value: '97661 08588',
      path: 'phoneNumber',
      reason: AssertionError [ERR_ASSERTION]: The expression evaluated to a falsy value:
      
        assert.ok(!isNaN(val))
      
          at castNumber (/home/dlongqwm/nodevenv/site/16/lib/node_modules/mongoose/lib/cast/number.js:27:10)
          at SchemaNumber.cast (/home/dlongqwm/nodevenv/site/16/lib/node_modules/mongoose/lib/schema/number.js:378:12)
          at SchemaNumber.SchemaType.applySetters (/home/dlongqwm/nodevenv/site/16/lib/node_modules/mongoose/lib/schemaType.js:1236:12)
          at model.$set (/home/dlongqwm/nodevenv/site/16/lib/node_modules/mongoose/lib/document.js:1417:22)
          at model.$set (/home/dlongqwm/nodevenv/site/16/lib/node_modules/mongoose/lib/document.js:1113:16)
          at model.Document (/home/dlongqwm/nodevenv/site/16/lib/node_modules/mongoose/lib/document.js:166:12)
          at model.Model (/home/dlongqwm/nodevenv/site/16/lib/node_modules/mongoose/lib/model.js:131:12)
          at new model (/home/dlongqwm/nodevenv/site/16/lib/node_modules/mongoose/lib/model.js:4816:15)
          at /home/dlongqwm/site/server.js:75:25
          at Layer.handle [as handle_request] (/home/dlongqwm/nodevenv/site/16/lib/node_modules/express/lib/router/layer.js:95:5) {
        generatedMessage: true,
        code: 'ERR_ASSERTION',
        actual: false,
        expected: true,
        operator: '=='
      },
      valueType: 'string'
    }
  },
  _message: 'Appointment validation failed'
}
Error: Invalid login: 535 Authentication Failed for support@drphysioclinic.org
    at SMTPConnection._formatError (/home/dlongqwm/nodevenv/site/16/lib/node_modules/nodemailer/lib/smtp-connection/index.js:798:19)
    at SMTPConnection._actionAUTHComplete (/home/dlongqwm/nodevenv/site/16/lib/node_modules/nodemailer/lib/smtp-connection/index.js:1577:34)
    at SMTPConnection.<anonymous> (/home/dlongqwm/nodevenv/site/16/lib/node_modules/nodemailer/lib/smtp-connection/index.js:554:26)
    at SMTPConnection._processResponse (/home/dlongqwm/nodevenv/site/16/lib/node_modules/nodemailer/lib/smtp-connection/index.js:982:20)
    at SMTPConnection._onData (/home/dlongqwm/nodevenv/site/16/lib/node_modules/nodemailer/lib/smtp-connection/index.js:763:14)
    at TLSSocket.SMTPConnection._onSocketData (/home/dlongqwm/nodevenv/site/16/lib/node_modules/nodemailer/lib/smtp-connection/index.js:195:44)
    at TLSSocket.emit (node:events:513:28)
    at addChunk (node:internal/streams/readable:315:12)
    at readableAddChunk (node:internal/streams/readable:289:9)
    at TLSSocket.Readable.push (node:internal/streams/readable:228:10) {
  code: 'EAUTH',
  response: '535 Authentication Failed for support@drphysioclinic.org',
  responseCode: 535,
  command: 'AUTH PLAIN'
}
Error submitting contact form: Error: Invalid login: 535 Authentication Failed for support@drphysioclinic.org
    at SMTPConnection._formatError (/home/dlongqwm/nodevenv/site/16/lib/node_modules/nodemailer/lib/smtp-connection/index.js:798:19)
    at SMTPConnection._actionAUTHComplete (/home/dlongqwm/nodevenv/site/16/lib/node_modules/nodemailer/lib/smtp-connection/index.js:1577:34)
    at SMTPConnection.<anonymous> (/home/dlongqwm/nodevenv/site/16/lib/node_modules/nodemailer/lib/smtp-connection/index.js:554:26)
    at SMTPConnection._processResponse (/home/dlongqwm/nodevenv/site/16/lib/node_modules/nodemailer/lib/smtp-connection/index.js:982:20)
    at SMTPConnection._onData (/home/dlongqwm/nodevenv/site/16/lib/node_modules/nodemailer/lib/smtp-connection/index.js:763:14)
    at TLSSocket.SMTPConnection._onSocketData (/home/dlongqwm/nodevenv/site/16/lib/node_modules/nodemailer/lib/smtp-connection/index.js:195:44)
    at TLSSocket.emit (node:events:513:28)
    at addChunk (node:internal/streams/readable:315:12)
    at readableAddChunk (node:internal/streams/readable:289:9)
    at TLSSocket.Readable.push (node:internal/streams/readable:228:10) {
  code: 'EAUTH',
  response: '535 Authentication Failed for support@drphysioclinic.org',
  responseCode: 535,
  command: 'AUTH PLAIN'
}
Error submitting contact form: Error: Invalid login: 535 Authentication Failed for support@drphysioclinic.org
    at SMTPConnection._formatError (/home/dlongqwm/nodevenv/site/16/lib/node_modules/nodemailer/lib/smtp-connection/index.js:798:19)
    at SMTPConnection._actionAUTHComplete (/home/dlongqwm/nodevenv/site/16/lib/node_modules/nodemailer/lib/smtp-connection/index.js:1577:34)
    at SMTPConnection.<anonymous> (/home/dlongqwm/nodevenv/site/16/lib/node_modules/nodemailer/lib/smtp-connection/index.js:554:26)
    at SMTPConnection._processResponse (/home/dlongqwm/nodevenv/site/16/lib/node_modules/nodemailer/lib/smtp-connection/index.js:982:20)
    at SMTPConnection._onData (/home/dlongqwm/nodevenv/site/16/lib/node_modules/nodemailer/lib/smtp-connection/index.js:763:14)
    at TLSSocket.SMTPConnection._onSocketData (/home/dlongqwm/nodevenv/site/16/lib/node_modules/nodemailer/lib/smtp-connection/index.js:195:44)
    at TLSSocket.emit (node:events:513:28)
    at addChunk (node:internal/streams/readable:315:12)
    at readableAddChunk (node:internal/streams/readable:289:9)
    at TLSSocket.Readable.push (node:internal/streams/readable:228:10) {
  code: 'EAUTH',
  response: '535 Authentication Failed for support@drphysioclinic.org',
  responseCode: 535,
  command: 'AUTH PLAIN'
}
Error submitting contact form: Error: Connection timeout
    at SMTPConnection._formatError (/home/dlongqwm/nodevenv/site/16/lib/node_modules/nodemailer/lib/smtp-connection/index.js:798:19)
    at SMTPConnection._onError (/home/dlongqwm/nodevenv/site/16/lib/node_modules/nodemailer/lib/smtp-connection/index.js:784:20)
    at Timeout.<anonymous> (/home/dlongqwm/nodevenv/site/16/lib/node_modules/nodemailer/lib/smtp-connection/index.js:237:22)
    at listOnTimeout (node:internal/timers:559:17)
    at processTimers (node:internal/timers:502:7) {
  code: 'ETIMEDOUT',
  command: 'CONN'
}
Error: Appointment validation failed: phoneNumber: Cast to Number failed for value "81232 12582" (type string) at path "phoneNumber"
    at ValidationError.inspect (/home/dlongqwm/nodevenv/site/16/lib/node_modules/mongoose/lib/error/validation.js:50:26)
    at formatValue (node:internal/util/inspect:806:19)
    at inspect (node:internal/util/inspect:365:10)
    at formatWithOptionsInternal (node:internal/util/inspect:2292:40)
    at formatWithOptions (node:internal/util/inspect:2154:10)
    at console.value (node:internal/console/constructor:348:14)
    at console.warn (node:internal/console/constructor:381:61)
    at /home/dlongqwm/site/server.js:96:13
    at runMicrotasks (<anonymous>)
    at processTicksAndRejections (node:internal/process/task_queues:96:5) {
  errors: {
    phoneNumber: CastError: Cast to Number failed for value "81232 12582" (type string) at path "phoneNumber"
        at SchemaNumber.cast (/home/dlongqwm/nodevenv/site/16/lib/node_modules/mongoose/lib/schema/number.js:380:11)
        at SchemaNumber.SchemaType.applySetters (/home/dlongqwm/nodevenv/site/16/lib/node_modules/mongoose/lib/schemaType.js:1236:12)
        at model.$set (/home/dlongqwm/nodevenv/site/16/lib/node_modules/mongoose/lib/document.js:1417:22)
        at model.$set (/home/dlongqwm/nodevenv/site/16/lib/node_modules/mongoose/lib/document.js:1113:16)
        at model.Document (/home/dlongqwm/nodevenv/site/16/lib/node_modules/mongoose/lib/document.js:166:12)
        at model.Model (/home/dlongqwm/nodevenv/site/16/lib/node_modules/mongoose/lib/model.js:131:12)
        at new model (/home/dlongqwm/nodevenv/site/16/lib/node_modules/mongoose/lib/model.js:4816:15)
        at /home/dlongqwm/site/server.js:75:25
        at Layer.handle [as handle_request] (/home/dlongqwm/nodevenv/site/16/lib/node_modules/express/lib/router/layer.js:95:5)
        at next (/home/dlongqwm/nodevenv/site/16/lib/node_modules/express/lib/router/route.js:149:13) {
      stringValue: '"81232 12582"',
      messageFormat: undefined,
      kind: 'Number',
      value: '81232 12582',
      path: 'phoneNumber',
      reason: AssertionError [ERR_ASSERTION]: The expression evaluated to a falsy value:
      
        assert.ok(!isNaN(val))
      
          at castNumber (/home/dlongqwm/nodevenv/site/16/lib/node_modules/mongoose/lib/cast/number.js:27:10)
          at SchemaNumber.cast (/home/dlongqwm/nodevenv/site/16/lib/node_modules/mongoose/lib/schema/number.js:378:12)
          at SchemaNumber.SchemaType.applySetters (/home/dlongqwm/nodevenv/site/16/lib/node_modules/mongoose/lib/schemaType.js:1236:12)
          at model.$set (/home/dlongqwm/nodevenv/site/16/lib/node_modules/mongoose/lib/document.js:1417:22)
          at model.$set (/home/dlongqwm/nodevenv/site/16/lib/node_modules/mongoose/lib/document.js:1113:16)
          at model.Document (/home/dlongqwm/nodevenv/site/16/lib/node_modules/mongoose/lib/document.js:166:12)
          at model.Model (/home/dlongqwm/nodevenv/site/16/lib/node_modules/mongoose/lib/model.js:131:12)
          at new model (/home/dlongqwm/nodevenv/site/16/lib/node_modules/mongoose/lib/model.js:4816:15)
          at /home/dlongqwm/site/server.js:75:25
          at Layer.handle [as handle_request] (/home/dlongqwm/nodevenv/site/16/lib/node_modules/express/lib/router/layer.js:95:5) {
        generatedMessage: true,
        code: 'ERR_ASSERTION',
        actual: false,
        expected: true,
        operator: '=='
      },
      valueType: 'string'
    }
  },
  _message: 'Appointment validation failed'
}
Error submitting contact form: Error: Invalid login: 535 Authentication Failed for support@drphysioclinic.org
    at SMTPConnection._formatError (/home/dlongqwm/nodevenv/site/16/lib/node_modules/nodemailer/lib/smtp-connection/index.js:798:19)
    at SMTPConnection._actionAUTHComplete (/home/dlongqwm/nodevenv/site/16/lib/node_modules/nodemailer/lib/smtp-connection/index.js:1577:34)
    at SMTPConnection.<anonymous> (/home/dlongqwm/nodevenv/site/16/lib/node_modules/nodemailer/lib/smtp-connection/index.js:554:26)
    at SMTPConnection._processResponse (/home/dlongqwm/nodevenv/site/16/lib/node_modules/nodemailer/lib/smtp-connection/index.js:982:20)
    at SMTPConnection._onData (/home/dlongqwm/nodevenv/site/16/lib/node_modules/nodemailer/lib/smtp-connection/index.js:763:14)
    at TLSSocket.SMTPConnection._onSocketData (/home/dlongqwm/nodevenv/site/16/lib/node_modules/nodemailer/lib/smtp-connection/index.js:195:44)
    at TLSSocket.emit (node:events:513:28)
    at addChunk (node:internal/streams/readable:315:12)
    at readableAddChunk (node:internal/streams/readable:289:9)
    at TLSSocket.Readable.push (node:internal/streams/readable:228:10) {
  code: 'EAUTH',
  response: '535 Authentication Failed for support@drphysioclinic.org',
  responseCode: 535,
  command: 'AUTH PLAIN'
}
Error submitting contact form: Error: Invalid login: 535 Authentication Failed for support@drphysioclinic.org
    at SMTPConnection._formatError (/home/dlongqwm/nodevenv/site/16/lib/node_modules/nodemailer/lib/smtp-connection/index.js:798:19)
    at SMTPConnection._actionAUTHComplete (/home/dlongqwm/nodevenv/site/16/lib/node_modules/nodemailer/lib/smtp-connection/index.js:1577:34)
    at SMTPConnection.<anonymous> (/home/dlongqwm/nodevenv/site/16/lib/node_modules/nodemailer/lib/smtp-connection/index.js:554:26)
    at SMTPConnection._processResponse (/home/dlongqwm/nodevenv/site/16/lib/node_modules/nodemailer/lib/smtp-connection/index.js:982:20)
    at SMTPConnection._onData (/home/dlongqwm/nodevenv/site/16/lib/node_modules/nodemailer/lib/smtp-connection/index.js:763:14)
    at TLSSocket.SMTPConnection._onSocketData (/home/dlongqwm/nodevenv/site/16/lib/node_modules/nodemailer/lib/smtp-connection/index.js:195:44)
    at TLSSocket.emit (node:events:513:28)
    at addChunk (node:internal/streams/readable:315:12)
    at readableAddChunk (node:internal/streams/readable:289:9)
    at TLSSocket.Readable.push (node:internal/streams/readable:228:10) {
  code: 'EAUTH',
  response: '535 Authentication Failed for support@drphysioclinic.org',
  responseCode: 535,
  command: 'AUTH PLAIN'
}
Error: Invalid login: 535 Authentication Failed for support@drphysioclinic.org
    at SMTPConnection._formatError (/home/dlongqwm/nodevenv/site/16/lib/node_modules/nodemailer/lib/smtp-connection/index.js:798:19)
    at SMTPConnection._actionAUTHComplete (/home/dlongqwm/nodevenv/site/16/lib/node_modules/nodemailer/lib/smtp-connection/index.js:1577:34)
    at SMTPConnection.<anonymous> (/home/dlongqwm/nodevenv/site/16/lib/node_modules/nodemailer/lib/smtp-connection/index.js:554:26)
    at SMTPConnection._processResponse (/home/dlongqwm/nodevenv/site/16/lib/node_modules/nodemailer/lib/smtp-connection/index.js:982:20)
    at SMTPConnection._onData (/home/dlongqwm/nodevenv/site/16/lib/node_modules/nodemailer/lib/smtp-connection/index.js:763:14)
    at TLSSocket.SMTPConnection._onSocketData (/home/dlongqwm/nodevenv/site/16/lib/node_modules/nodemailer/lib/smtp-connection/index.js:195:44)
    at TLSSocket.emit (node:events:513:28)
    at addChunk (node:internal/streams/readable:315:12)
    at readableAddChunk (node:internal/streams/readable:289:9)
    at TLSSocket.Readable.push (node:internal/streams/readable:228:10) {
  code: 'EAUTH',
  response: '535 Authentication Failed for support@drphysioclinic.org',
  responseCode: 535,
  command: 'AUTH PLAIN'
}
Error: Invalid login: 535 Authentication Failed for support@drphysioclinic.org
    at SMTPConnection._formatError (/home/dlongqwm/nodevenv/site/16/lib/node_modules/nodemailer/lib/smtp-connection/index.js:798:19)
    at SMTPConnection._actionAUTHComplete (/home/dlongqwm/nodevenv/site/16/lib/node_modules/nodemailer/lib/smtp-connection/index.js:1577:34)
    at SMTPConnection.<anonymous> (/home/dlongqwm/nodevenv/site/16/lib/node_modules/nodemailer/lib/smtp-connection/index.js:554:26)
    at SMTPConnection._processResponse (/home/dlongqwm/nodevenv/site/16/lib/node_modules/nodemailer/lib/smtp-connection/index.js:982:20)
    at SMTPConnection._onData (/home/dlongqwm/nodevenv/site/16/lib/node_modules/nodemailer/lib/smtp-connection/index.js:763:14)
    at TLSSocket.SMTPConnection._onSocketData (/home/dlongqwm/nodevenv/site/16/lib/node_modules/nodemailer/lib/smtp-connection/index.js:195:44)
    at TLSSocket.emit (node:events:513:28)
    at addChunk (node:internal/streams/readable:315:12)
    at readableAddChunk (node:internal/streams/readable:289:9)
    at TLSSocket.Readable.push (node:internal/streams/readable:228:10) {
  code: 'EAUTH',
  response: '535 Authentication Failed for support@drphysioclinic.org',
  responseCode: 535,
  command: 'AUTH PLAIN'
}
Error: Appointment validation failed: phoneNumber: Cast to Number failed for value "94475 06507" (type string) at path "phoneNumber"
    at ValidationError.inspect (/home/dlongqwm/nodevenv/site/16/lib/node_modules/mongoose/lib/error/validation.js:50:26)
    at formatValue (node:internal/util/inspect:806:19)
    at inspect (node:internal/util/inspect:365:10)
    at formatWithOptionsInternal (node:internal/util/inspect:2292:40)
    at formatWithOptions (node:internal/util/inspect:2154:10)
    at console.value (node:internal/console/constructor:348:14)
    at console.warn (node:internal/console/constructor:381:61)
    at /home/dlongqwm/site/server.js:96:13
    at runMicrotasks (<anonymous>)
    at processTicksAndRejections (node:internal/process/task_queues:96:5) {
  errors: {
    phoneNumber: CastError: Cast to Number failed for value "94475 06507" (type string) at path "phoneNumber"
        at SchemaNumber.cast (/home/dlongqwm/nodevenv/site/16/lib/node_modules/mongoose/lib/schema/number.js:380:11)
        at SchemaNumber.SchemaType.applySetters (/home/dlongqwm/nodevenv/site/16/lib/node_modules/mongoose/lib/schemaType.js:1236:12)
        at model.$set (/home/dlongqwm/nodevenv/site/16/lib/node_modules/mongoose/lib/document.js:1417:22)
        at model.$set (/home/dlongqwm/nodevenv/site/16/lib/node_modules/mongoose/lib/document.js:1113:16)
        at model.Document (/home/dlongqwm/nodevenv/site/16/lib/node_modules/mongoose/lib/document.js:166:12)
        at model.Model (/home/dlongqwm/nodevenv/site/16/lib/node_modules/mongoose/lib/model.js:131:12)
        at new model (/home/dlongqwm/nodevenv/site/16/lib/node_modules/mongoose/lib/model.js:4816:15)
        at /home/dlongqwm/site/server.js:75:25
        at Layer.handle [as handle_request] (/home/dlongqwm/nodevenv/site/16/lib/node_modules/express/lib/router/layer.js:95:5)
        at next (/home/dlongqwm/nodevenv/site/16/lib/node_modules/express/lib/router/route.js:149:13) {
      stringValue: '"94475 06507"',
      messageFormat: undefined,
      kind: 'Number',
      value: '94475 06507',
      path: 'phoneNumber',
      reason: AssertionError [ERR_ASSERTION]: The expression evaluated to a falsy value:
      
        assert.ok(!isNaN(val))
      
          at castNumber (/home/dlongqwm/nodevenv/site/16/lib/node_modules/mongoose/lib/cast/number.js:27:10)
          at SchemaNumber.cast (/home/dlongqwm/nodevenv/site/16/lib/node_modules/mongoose/lib/schema/number.js:378:12)
          at SchemaNumber.SchemaType.applySetters (/home/dlongqwm/nodevenv/site/16/lib/node_modules/mongoose/lib/schemaType.js:1236:12)
          at model.$set (/home/dlongqwm/nodevenv/site/16/lib/node_modules/mongoose/lib/document.js:1417:22)
          at model.$set (/home/dlongqwm/nodevenv/site/16/lib/node_modules/mongoose/lib/document.js:1113:16)
          at model.Document (/home/dlongqwm/nodevenv/site/16/lib/node_modules/mongoose/lib/document.js:166:12)
          at model.Model (/home/dlongqwm/nodevenv/site/16/lib/node_modules/mongoose/lib/model.js:131:12)
          at new model (/home/dlongqwm/nodevenv/site/16/lib/node_modules/mongoose/lib/model.js:4816:15)
          at /home/dlongqwm/site/server.js:75:25
          at Layer.handle [as handle_request] (/home/dlongqwm/nodevenv/site/16/lib/node_modules/express/lib/router/layer.js:95:5) {
        generatedMessage: true,
        code: 'ERR_ASSERTION',
        actual: false,
        expected: true,
        operator: '=='
      },
      valueType: 'string'
    }
  },
  _message: 'Appointment validation failed'
}
Error submitting contact form: Error: Invalid login: 535 Authentication Failed for support@drphysioclinic.org
    at SMTPConnection._formatError (/home/dlongqwm/nodevenv/site/16/lib/node_modules/nodemailer/lib/smtp-connection/index.js:798:19)
    at SMTPConnection._actionAUTHComplete (/home/dlongqwm/nodevenv/site/16/lib/node_modules/nodemailer/lib/smtp-connection/index.js:1577:34)
    at SMTPConnection.<anonymous> (/home/dlongqwm/nodevenv/site/16/lib/node_modules/nodemailer/lib/smtp-connection/index.js:554:26)
    at SMTPConnection._processResponse (/home/dlongqwm/nodevenv/site/16/lib/node_modules/nodemailer/lib/smtp-connection/index.js:982:20)
    at SMTPConnection._onData (/home/dlongqwm/nodevenv/site/16/lib/node_modules/nodemailer/lib/smtp-connection/index.js:763:14)
    at TLSSocket.SMTPConnection._onSocketData (/home/dlongqwm/nodevenv/site/16/lib/node_modules/nodemailer/lib/smtp-connection/index.js:195:44)
    at TLSSocket.emit (node:events:513:28)
    at addChunk (node:internal/streams/readable:315:12)
    at readableAddChunk (node:internal/streams/readable:289:9)
    at TLSSocket.Readable.push (node:internal/streams/readable:228:10) {
  code: 'EAUTH',
  response: '535 Authentication Failed for support@drphysioclinic.org',
  responseCode: 535,
  command: 'AUTH PLAIN'
}
Error: Invalid login: 535 Authentication Failed for support@drphysioclinic.org
    at SMTPConnection._formatError (/home/dlongqwm/nodevenv/site/16/lib/node_modules/nodemailer/lib/smtp-connection/index.js:798:19)
    at SMTPConnection._actionAUTHComplete (/home/dlongqwm/nodevenv/site/16/lib/node_modules/nodemailer/lib/smtp-connection/index.js:1577:34)
    at SMTPConnection.<anonymous> (/home/dlongqwm/nodevenv/site/16/lib/node_modules/nodemailer/lib/smtp-connection/index.js:554:26)
    at SMTPConnection._processResponse (/home/dlongqwm/nodevenv/site/16/lib/node_modules/nodemailer/lib/smtp-connection/index.js:982:20)
    at SMTPConnection._onData (/home/dlongqwm/nodevenv/site/16/lib/node_modules/nodemailer/lib/smtp-connection/index.js:763:14)
    at TLSSocket.SMTPConnection._onSocketData (/home/dlongqwm/nodevenv/site/16/lib/node_modules/nodemailer/lib/smtp-connection/index.js:195:44)
    at TLSSocket.emit (node:events:513:28)
    at addChunk (node:internal/streams/readable:315:12)
    at readableAddChunk (node:internal/streams/readable:289:9)
    at TLSSocket.Readable.push (node:internal/streams/readable:228:10) {
  code: 'EAUTH',
  response: '535 Authentication Failed for support@drphysioclinic.org',
  responseCode: 535,
  command: 'AUTH PLAIN'
}
Error: Invalid login: 535 Authentication Failed for support@drphysioclinic.org
    at SMTPConnection._formatError (/home/dlongqwm/nodevenv/site/16/lib/node_modules/nodemailer/lib/smtp-connection/index.js:798:19)
    at SMTPConnection._actionAUTHComplete (/home/dlongqwm/nodevenv/site/16/lib/node_modules/nodemailer/lib/smtp-connection/index.js:1577:34)
    at SMTPConnection.<anonymous> (/home/dlongqwm/nodevenv/site/16/lib/node_modules/nodemailer/lib/smtp-connection/index.js:554:26)
    at SMTPConnection._processResponse (/home/dlongqwm/nodevenv/site/16/lib/node_modules/nodemailer/lib/smtp-connection/index.js:982:20)
    at SMTPConnection._onData (/home/dlongqwm/nodevenv/site/16/lib/node_modules/nodemailer/lib/smtp-connection/index.js:763:14)
    at TLSSocket.SMTPConnection._onSocketData (/home/dlongqwm/nodevenv/site/16/lib/node_modules/nodemailer/lib/smtp-connection/index.js:195:44)
    at TLSSocket.emit (node:events:513:28)
    at addChunk (node:internal/streams/readable:315:12)
    at readableAddChunk (node:internal/streams/readable:289:9)
    at TLSSocket.Readable.push (node:internal/streams/readable:228:10) {
  code: 'EAUTH',
  response: '535 Authentication Failed for support@drphysioclinic.org',
  responseCode: 535,
  command: 'AUTH PLAIN'
}
Error: Invalid login: 535 Authentication Failed for support@drphysioclinic.org
    at SMTPConnection._formatError (/home/dlongqwm/nodevenv/site/16/lib/node_modules/nodemailer/lib/smtp-connection/index.js:798:19)
    at SMTPConnection._actionAUTHComplete (/home/dlongqwm/nodevenv/site/16/lib/node_modules/nodemailer/lib/smtp-connection/index.js:1577:34)
    at SMTPConnection.<anonymous> (/home/dlongqwm/nodevenv/site/16/lib/node_modules/nodemailer/lib/smtp-connection/index.js:554:26)
    at SMTPConnection._processResponse (/home/dlongqwm/nodevenv/site/16/lib/node_modules/nodemailer/lib/smtp-connection/index.js:982:20)
    at SMTPConnection._onData (/home/dlongqwm/nodevenv/site/16/lib/node_modules/nodemailer/lib/smtp-connection/index.js:763:14)
    at TLSSocket.SMTPConnection._onSocketData (/home/dlongqwm/nodevenv/site/16/lib/node_modules/nodemailer/lib/smtp-connection/index.js:195:44)
    at TLSSocket.emit (node:events:513:28)
    at addChunk (node:internal/streams/readable:315:12)
    at readableAddChunk (node:internal/streams/readable:289:9)
    at TLSSocket.Readable.push (node:internal/streams/readable:228:10) {
  code: 'EAUTH',
  response: '535 Authentication Failed for support@drphysioclinic.org',
  responseCode: 535,
  command: 'AUTH PLAIN'
}
Error: Appointment validation failed: phoneNumber: Cast to Number failed for value "96054 51239" (type string) at path "phoneNumber"
    at ValidationError.inspect (/home/dlongqwm/nodevenv/site/16/lib/node_modules/mongoose/lib/error/validation.js:50:26)
    at formatValue (node:internal/util/inspect:806:19)
    at inspect (node:internal/util/inspect:365:10)
    at formatWithOptionsInternal (node:internal/util/inspect:2292:40)
    at formatWithOptions (node:internal/util/inspect:2154:10)
    at console.value (node:internal/console/constructor:348:14)
    at console.warn (node:internal/console/constructor:381:61)
    at /home/dlongqwm/site/server.js:96:13
    at runMicrotasks (<anonymous>)
    at processTicksAndRejections (node:internal/process/task_queues:96:5) {
  errors: {
    phoneNumber: CastError: Cast to Number failed for value "96054 51239" (type string) at path "phoneNumber"
        at SchemaNumber.cast (/home/dlongqwm/nodevenv/site/16/lib/node_modules/mongoose/lib/schema/number.js:380:11)
        at SchemaNumber.SchemaType.applySetters (/home/dlongqwm/nodevenv/site/16/lib/node_modules/mongoose/lib/schemaType.js:1236:12)
        at model.$set (/home/dlongqwm/nodevenv/site/16/lib/node_modules/mongoose/lib/document.js:1417:22)
        at model.$set (/home/dlongqwm/nodevenv/site/16/lib/node_modules/mongoose/lib/document.js:1113:16)
        at model.Document (/home/dlongqwm/nodevenv/site/16/lib/node_modules/mongoose/lib/document.js:166:12)
        at model.Model (/home/dlongqwm/nodevenv/site/16/lib/node_modules/mongoose/lib/model.js:131:12)
        at new model (/home/dlongqwm/nodevenv/site/16/lib/node_modules/mongoose/lib/model.js:4816:15)
        at /home/dlongqwm/site/server.js:75:25
        at Layer.handle [as handle_request] (/home/dlongqwm/nodevenv/site/16/lib/node_modules/express/lib/router/layer.js:95:5)
        at next (/home/dlongqwm/nodevenv/site/16/lib/node_modules/express/lib/router/route.js:149:13) {
      stringValue: '"96054 51239"',
      messageFormat: undefined,
      kind: 'Number',
      value: '96054 51239',
      path: 'phoneNumber',
      reason: AssertionError [ERR_ASSERTION]: The expression evaluated to a falsy value:
      
        assert.ok(!isNaN(val))
      
          at castNumber (/home/dlongqwm/nodevenv/site/16/lib/node_modules/mongoose/lib/cast/number.js:27:10)
          at SchemaNumber.cast (/home/dlongqwm/nodevenv/site/16/lib/node_modules/mongoose/lib/schema/number.js:378:12)
          at SchemaNumber.SchemaType.applySetters (/home/dlongqwm/nodevenv/site/16/lib/node_modules/mongoose/lib/schemaType.js:1236:12)
          at model.$set (/home/dlongqwm/nodevenv/site/16/lib/node_modules/mongoose/lib/document.js:1417:22)
          at model.$set (/home/dlongqwm/nodevenv/site/16/lib/node_modules/mongoose/lib/document.js:1113:16)
          at model.Document (/home/dlongqwm/nodevenv/site/16/lib/node_modules/mongoose/lib/document.js:166:12)
          at model.Model (/home/dlongqwm/nodevenv/site/16/lib/node_modules/mongoose/lib/model.js:131:12)
          at new model (/home/dlongqwm/nodevenv/site/16/lib/node_modules/mongoose/lib/model.js:4816:15)
          at /home/dlongqwm/site/server.js:75:25
          at Layer.handle [as handle_request] (/home/dlongqwm/nodevenv/site/16/lib/node_modules/express/lib/router/layer.js:95:5) {
        generatedMessage: true,
        code: 'ERR_ASSERTION',
        actual: false,
        expected: true,
        operator: '=='
      },
      valueType: 'string'
    }
  },
  _message: 'Appointment validation failed'
}
Error: Invalid login: 535 Authentication Failed for support@drphysioclinic.org
    at SMTPConnection._formatError (/home/dlongqwm/nodevenv/site/16/lib/node_modules/nodemailer/lib/smtp-connection/index.js:798:19)
    at SMTPConnection._actionAUTHComplete (/home/dlongqwm/nodevenv/site/16/lib/node_modules/nodemailer/lib/smtp-connection/index.js:1577:34)
    at SMTPConnection.<anonymous> (/home/dlongqwm/nodevenv/site/16/lib/node_modules/nodemailer/lib/smtp-connection/index.js:554:26)
    at SMTPConnection._processResponse (/home/dlongqwm/nodevenv/site/16/lib/node_modules/nodemailer/lib/smtp-connection/index.js:982:20)
    at SMTPConnection._onData (/home/dlongqwm/nodevenv/site/16/lib/node_modules/nodemailer/lib/smtp-connection/index.js:763:14)
    at TLSSocket.SMTPConnection._onSocketData (/home/dlongqwm/nodevenv/site/16/lib/node_modules/nodemailer/lib/smtp-connection/index.js:195:44)
    at TLSSocket.emit (node:events:513:28)
    at addChunk (node:internal/streams/readable:315:12)
    at readableAddChunk (node:internal/streams/readable:289:9)
    at TLSSocket.Readable.push (node:internal/streams/readable:228:10) {
  code: 'EAUTH',
  response: '535 Authentication Failed for support@drphysioclinic.org',
  responseCode: 535,
  command: 'AUTH PLAIN'
}
Error: Invalid login: 535 Authentication Failed for support@drphysioclinic.org
    at SMTPConnection._formatError (/home/dlongqwm/nodevenv/site/16/lib/node_modules/nodemailer/lib/smtp-connection/index.js:798:19)
    at SMTPConnection._actionAUTHComplete (/home/dlongqwm/nodevenv/site/16/lib/node_modules/nodemailer/lib/smtp-connection/index.js:1577:34)
    at SMTPConnection.<anonymous> (/home/dlongqwm/nodevenv/site/16/lib/node_modules/nodemailer/lib/smtp-connection/index.js:554:26)
    at SMTPConnection._processResponse (/home/dlongqwm/nodevenv/site/16/lib/node_modules/nodemailer/lib/smtp-connection/index.js:982:20)
    at SMTPConnection._onData (/home/dlongqwm/nodevenv/site/16/lib/node_modules/nodemailer/lib/smtp-connection/index.js:763:14)
    at TLSSocket.SMTPConnection._onSocketData (/home/dlongqwm/nodevenv/site/16/lib/node_modules/nodemailer/lib/smtp-connection/index.js:195:44)
    at TLSSocket.emit (node:events:513:28)
    at addChunk (node:internal/streams/readable:315:12)
    at readableAddChunk (node:internal/streams/readable:289:9)
    at TLSSocket.Readable.push (node:internal/streams/readable:228:10) {
  code: 'EAUTH',
  response: '535 Authentication Failed for support@drphysioclinic.org',
  responseCode: 535,
  command: 'AUTH PLAIN'
}
Error: Invalid login: 535 Authentication Failed for support@drphysioclinic.org
    at SMTPConnection._formatError (/home/dlongqwm/nodevenv/site/16/lib/node_modules/nodemailer/lib/smtp-connection/index.js:798:19)
    at SMTPConnection._actionAUTHComplete (/home/dlongqwm/nodevenv/site/16/lib/node_modules/nodemailer/lib/smtp-connection/index.js:1577:34)
    at SMTPConnection.<anonymous> (/home/dlongqwm/nodevenv/site/16/lib/node_modules/nodemailer/lib/smtp-connection/index.js:554:26)
    at SMTPConnection._processResponse (/home/dlongqwm/nodevenv/site/16/lib/node_modules/nodemailer/lib/smtp-connection/index.js:982:20)
    at SMTPConnection._onData (/home/dlongqwm/nodevenv/site/16/lib/node_modules/nodemailer/lib/smtp-connection/index.js:763:14)
    at TLSSocket.SMTPConnection._onSocketData (/home/dlongqwm/nodevenv/site/16/lib/node_modules/nodemailer/lib/smtp-connection/index.js:195:44)
    at TLSSocket.emit (node:events:513:28)
    at addChunk (node:internal/streams/readable:315:12)
    at readableAddChunk (node:internal/streams/readable:289:9)
    at TLSSocket.Readable.push (node:internal/streams/readable:228:10) {
  code: 'EAUTH',
  response: '535 Authentication Failed for support@drphysioclinic.org',
  responseCode: 535,
  command: 'AUTH PLAIN'
}
Error submitting contact form: Error: Invalid login: 535 Authentication Failed for support@drphysioclinic.org
    at SMTPConnection._formatError (/home/dlongqwm/nodevenv/site/16/lib/node_modules/nodemailer/lib/smtp-connection/index.js:798:19)
    at SMTPConnection._actionAUTHComplete (/home/dlongqwm/nodevenv/site/16/lib/node_modules/nodemailer/lib/smtp-connection/index.js:1577:34)
    at SMTPConnection.<anonymous> (/home/dlongqwm/nodevenv/site/16/lib/node_modules/nodemailer/lib/smtp-connection/index.js:554:26)
    at SMTPConnection._processResponse (/home/dlongqwm/nodevenv/site/16/lib/node_modules/nodemailer/lib/smtp-connection/index.js:982:20)
    at SMTPConnection._onData (/home/dlongqwm/nodevenv/site/16/lib/node_modules/nodemailer/lib/smtp-connection/index.js:763:14)
    at TLSSocket.SMTPConnection._onSocketData (/home/dlongqwm/nodevenv/site/16/lib/node_modules/nodemailer/lib/smtp-connection/index.js:195:44)
    at TLSSocket.emit (node:events:513:28)
    at addChunk (node:internal/streams/readable:315:12)
    at readableAddChunk (node:internal/streams/readable:289:9)
    at TLSSocket.Readable.push (node:internal/streams/readable:228:10) {
  code: 'EAUTH',
  response: '535 Authentication Failed for support@drphysioclinic.org',
  responseCode: 535,
  command: 'AUTH PLAIN'
}
Error submitting contact form: Error: Invalid login: 535 Authentication Failed for support@drphysioclinic.org
    at SMTPConnection._formatError (/home/dlongqwm/nodevenv/site/16/lib/node_modules/nodemailer/lib/smtp-connection/index.js:798:19)
    at SMTPConnection._actionAUTHComplete (/home/dlongqwm/nodevenv/site/16/lib/node_modules/nodemailer/lib/smtp-connection/index.js:1577:34)
    at SMTPConnection.<anonymous> (/home/dlongqwm/nodevenv/site/16/lib/node_modules/nodemailer/lib/smtp-connection/index.js:554:26)
    at SMTPConnection._processResponse (/home/dlongqwm/nodevenv/site/16/lib/node_modules/nodemailer/lib/smtp-connection/index.js:982:20)
    at SMTPConnection._onData (/home/dlongqwm/nodevenv/site/16/lib/node_modules/nodemailer/lib/smtp-connection/index.js:763:14)
    at TLSSocket.SMTPConnection._onSocketData (/home/dlongqwm/nodevenv/site/16/lib/node_modules/nodemailer/lib/smtp-connection/index.js:195:44)
    at TLSSocket.emit (node:events:513:28)
    at addChunk (node:internal/streams/readable:315:12)
    at readableAddChunk (node:internal/streams/readable:289:9)
    at TLSSocket.Readable.push (node:internal/streams/readable:228:10) {
  code: 'EAUTH',
  response: '535 Authentication Failed for support@drphysioclinic.org',
  responseCode: 535,
  command: 'AUTH PLAIN'
}
Error: Invalid login: 535 Authentication Failed for support@drphysioclinic.org
    at SMTPConnection._formatError (/home/dlongqwm/nodevenv/site/16/lib/node_modules/nodemailer/lib/smtp-connection/index.js:798:19)
    at SMTPConnection._actionAUTHComplete (/home/dlongqwm/nodevenv/site/16/lib/node_modules/nodemailer/lib/smtp-connection/index.js:1577:34)
    at SMTPConnection.<anonymous> (/home/dlongqwm/nodevenv/site/16/lib/node_modules/nodemailer/lib/smtp-connection/index.js:554:26)
    at SMTPConnection._processResponse (/home/dlongqwm/nodevenv/site/16/lib/node_modules/nodemailer/lib/smtp-connection/index.js:982:20)
    at SMTPConnection._onData (/home/dlongqwm/nodevenv/site/16/lib/node_modules/nodemailer/lib/smtp-connection/index.js:763:14)
    at TLSSocket.SMTPConnection._onSocketData (/home/dlongqwm/nodevenv/site/16/lib/node_modules/nodemailer/lib/smtp-connection/index.js:195:44)
    at TLSSocket.emit (node:events:513:28)
    at addChunk (node:internal/streams/readable:315:12)
    at readableAddChunk (node:internal/streams/readable:289:9)
    at TLSSocket.Readable.push (node:internal/streams/readable:228:10) {
  code: 'EAUTH',
  response: '535 Authentication Failed for support@drphysioclinic.org',
  responseCode: 535,
  command: 'AUTH PLAIN'
}
Error: Invalid login: 535 Authentication Failed for support@drphysioclinic.org
    at SMTPConnection._formatError (/home/dlongqwm/nodevenv/site/16/lib/node_modules/nodemailer/lib/smtp-connection/index.js:798:19)
    at SMTPConnection._actionAUTHComplete (/home/dlongqwm/nodevenv/site/16/lib/node_modules/nodemailer/lib/smtp-connection/index.js:1577:34)
    at SMTPConnection.<anonymous> (/home/dlongqwm/nodevenv/site/16/lib/node_modules/nodemailer/lib/smtp-connection/index.js:554:26)
    at SMTPConnection._processResponse (/home/dlongqwm/nodevenv/site/16/lib/node_modules/nodemailer/lib/smtp-connection/index.js:982:20)
    at SMTPConnection._onData (/home/dlongqwm/nodevenv/site/16/lib/node_modules/nodemailer/lib/smtp-connection/index.js:763:14)
    at TLSSocket.SMTPConnection._onSocketData (/home/dlongqwm/nodevenv/site/16/lib/node_modules/nodemailer/lib/smtp-connection/index.js:195:44)
    at TLSSocket.emit (node:events:513:28)
    at addChunk (node:internal/streams/readable:315:12)
    at readableAddChunk (node:internal/streams/readable:289:9)
    at TLSSocket.Readable.push (node:internal/streams/readable:228:10) {
  code: 'EAUTH',
  response: '535 Authentication Failed for support@drphysioclinic.org',
  responseCode: 535,
  command: 'AUTH PLAIN'
}
(node:1052351) [MONGODB DRIVER] Warning: useNewUrlParser is a deprecated option: useNewUrlParser has no effect since Node.js Driver version 4.0.0 and will be removed in the next major version
(Use `node --trace-warnings ...` to show where the warning was created)
(node:1052351) [MONGODB DRIVER] Warning: useUnifiedTopology is a deprecated option: useUnifiedTopology has no effect since Node.js Driver version 4.0.0 and will be removed in the next major version
(node:1198628) [MONGODB DRIVER] Warning: useNewUrlParser is a deprecated option: useNewUrlParser has no effect since Node.js Driver version 4.0.0 and will be removed in the next major version
(Use `node --trace-warnings ...` to show where the warning was created)
(node:1198628) [MONGODB DRIVER] Warning: useUnifiedTopology is a deprecated option: useUnifiedTopology has no effect since Node.js Driver version 4.0.0 and will be removed in the next major version
Error: Invalid login: 535 Authentication Failed for support@drphysioclinic.org
    at SMTPConnection._formatError (/home/dlongqwm/nodevenv/site/16/lib/node_modules/nodemailer/lib/smtp-connection/index.js:798:19)
    at SMTPConnection._actionAUTHComplete (/home/dlongqwm/nodevenv/site/16/lib/node_modules/nodemailer/lib/smtp-connection/index.js:1577:34)
    at SMTPConnection.<anonymous> (/home/dlongqwm/nodevenv/site/16/lib/node_modules/nodemailer/lib/smtp-connection/index.js:554:26)
    at SMTPConnection._processResponse (/home/dlongqwm/nodevenv/site/16/lib/node_modules/nodemailer/lib/smtp-connection/index.js:982:20)
    at SMTPConnection._onData (/home/dlongqwm/nodevenv/site/16/lib/node_modules/nodemailer/lib/smtp-connection/index.js:763:14)
    at TLSSocket.SMTPConnection._onSocketData (/home/dlongqwm/nodevenv/site/16/lib/node_modules/nodemailer/lib/smtp-connection/index.js:195:44)
    at TLSSocket.emit (node:events:513:28)
    at addChunk (node:internal/streams/readable:315:12)
    at readableAddChunk (node:internal/streams/readable:289:9)
    at TLSSocket.Readable.push (node:internal/streams/readable:228:10) {
  code: 'EAUTH',
  response: '535 Authentication Failed for support@drphysioclinic.org',
  responseCode: 535,
  command: 'AUTH PLAIN'
}
(node:553697) [MONGODB DRIVER] Warning: useNewUrlParser is a deprecated option: useNewUrlParser has no effect since Node.js Driver version 4.0.0 and will be removed in the next major version
(Use `node --trace-warnings ...` to show where the warning was created)
(node:553697) [MONGODB DRIVER] Warning: useUnifiedTopology is a deprecated option: useUnifiedTopology has no effect since Node.js Driver version 4.0.0 and will be removed in the next major version
(node:626493) [MONGODB DRIVER] Warning: useNewUrlParser is a deprecated option: useNewUrlParser has no effect since Node.js Driver version 4.0.0 and will be removed in the next major version
(Use `node --trace-warnings ...` to show where the warning was created)
(node:626493) [MONGODB DRIVER] Warning: useUnifiedTopology is a deprecated option: useUnifiedTopology has no effect since Node.js Driver version 4.0.0 and will be removed in the next major version
Error: Invalid login: 535 Authentication Failed for support@drphysioclinic.org
    at SMTPConnection._formatError (/home/dlongqwm/nodevenv/site/16/lib/node_modules/nodemailer/lib/smtp-connection/index.js:798:19)
    at SMTPConnection._actionAUTHComplete (/home/dlongqwm/nodevenv/site/16/lib/node_modules/nodemailer/lib/smtp-connection/index.js:1577:34)
    at SMTPConnection.<anonymous> (/home/dlongqwm/nodevenv/site/16/lib/node_modules/nodemailer/lib/smtp-connection/index.js:554:26)
    at SMTPConnection._processResponse (/home/dlongqwm/nodevenv/site/16/lib/node_modules/nodemailer/lib/smtp-connection/index.js:982:20)
    at SMTPConnection._onData (/home/dlongqwm/nodevenv/site/16/lib/node_modules/nodemailer/lib/smtp-connection/index.js:763:14)
    at TLSSocket.SMTPConnection._onSocketData (/home/dlongqwm/nodevenv/site/16/lib/node_modules/nodemailer/lib/smtp-connection/index.js:195:44)
    at TLSSocket.emit (node:events:513:28)
    at addChunk (node:internal/streams/readable:315:12)
    at readableAddChunk (node:internal/streams/readable:289:9)
    at TLSSocket.Readable.push (node:internal/streams/readable:228:10) {
  code: 'EAUTH',
  response: '535 Authentication Failed for support@drphysioclinic.org',
  responseCode: 535,
  command: 'AUTH PLAIN'
}
Error: Invalid login: 535 Authentication Failed for support@drphysioclinic.org
    at SMTPConnection._formatError (/home/dlongqwm/nodevenv/site/16/lib/node_modules/nodemailer/lib/smtp-connection/index.js:798:19)
    at SMTPConnection._actionAUTHComplete (/home/dlongqwm/nodevenv/site/16/lib/node_modules/nodemailer/lib/smtp-connection/index.js:1577:34)
    at SMTPConnection.<anonymous> (/home/dlongqwm/nodevenv/site/16/lib/node_modules/nodemailer/lib/smtp-connection/index.js:554:26)
    at SMTPConnection._processResponse (/home/dlongqwm/nodevenv/site/16/lib/node_modules/nodemailer/lib/smtp-connection/index.js:982:20)
    at SMTPConnection._onData (/home/dlongqwm/nodevenv/site/16/lib/node_modules/nodemailer/lib/smtp-connection/index.js:763:14)
    at TLSSocket.SMTPConnection._onSocketData (/home/dlongqwm/nodevenv/site/16/lib/node_modules/nodemailer/lib/smtp-connection/index.js:195:44)
    at TLSSocket.emit (node:events:513:28)
    at addChunk (node:internal/streams/readable:315:12)
    at readableAddChunk (node:internal/streams/readable:289:9)
    at TLSSocket.Readable.push (node:internal/streams/readable:228:10) {
  code: 'EAUTH',
  response: '535 Authentication Failed for support@drphysioclinic.org',
  responseCode: 535,
  command: 'AUTH PLAIN'
}
Error: Invalid login: 535 Authentication Failed for support@drphysioclinic.org
    at SMTPConnection._formatError (/home/dlongqwm/nodevenv/site/16/lib/node_modules/nodemailer/lib/smtp-connection/index.js:798:19)
    at SMTPConnection._actionAUTHComplete (/home/dlongqwm/nodevenv/site/16/lib/node_modules/nodemailer/lib/smtp-connection/index.js:1577:34)
    at SMTPConnection.<anonymous> (/home/dlongqwm/nodevenv/site/16/lib/node_modules/nodemailer/lib/smtp-connection/index.js:554:26)
    at SMTPConnection._processResponse (/home/dlongqwm/nodevenv/site/16/lib/node_modules/nodemailer/lib/smtp-connection/index.js:982:20)
    at SMTPConnection._onData (/home/dlongqwm/nodevenv/site/16/lib/node_modules/nodemailer/lib/smtp-connection/index.js:763:14)
    at TLSSocket.SMTPConnection._onSocketData (/home/dlongqwm/nodevenv/site/16/lib/node_modules/nodemailer/lib/smtp-connection/index.js:195:44)
    at TLSSocket.emit (node:events:513:28)
    at addChunk (node:internal/streams/readable:315:12)
    at readableAddChunk (node:internal/streams/readable:289:9)
    at TLSSocket.Readable.push (node:internal/streams/readable:228:10) {
  code: 'EAUTH',
  response: '535 Authentication Failed for support@drphysioclinic.org',
  responseCode: 535,
  command: 'AUTH PLAIN'
}
Error: Invalid login: 535 Authentication Failed for support@drphysioclinic.org
    at SMTPConnection._formatError (/home/dlongqwm/nodevenv/site/16/lib/node_modules/nodemailer/lib/smtp-connection/index.js:798:19)
    at SMTPConnection._actionAUTHComplete (/home/dlongqwm/nodevenv/site/16/lib/node_modules/nodemailer/lib/smtp-connection/index.js:1577:34)
    at SMTPConnection.<anonymous> (/home/dlongqwm/nodevenv/site/16/lib/node_modules/nodemailer/lib/smtp-connection/index.js:554:26)
    at SMTPConnection._processResponse (/home/dlongqwm/nodevenv/site/16/lib/node_modules/nodemailer/lib/smtp-connection/index.js:982:20)
    at SMTPConnection._onData (/home/dlongqwm/nodevenv/site/16/lib/node_modules/nodemailer/lib/smtp-connection/index.js:763:14)
    at TLSSocket.SMTPConnection._onSocketData (/home/dlongqwm/nodevenv/site/16/lib/node_modules/nodemailer/lib/smtp-connection/index.js:195:44)
    at TLSSocket.emit (node:events:513:28)
    at addChunk (node:internal/streams/readable:315:12)
    at readableAddChunk (node:internal/streams/readable:289:9)
    at TLSSocket.Readable.push (node:internal/streams/readable:228:10) {
  code: 'EAUTH',
  response: '535 Authentication Failed for support@drphysioclinic.org',
  responseCode: 535,
  command: 'AUTH PLAIN'
}
Error: Invalid login: 535 Authentication Failed for support@drphysioclinic.org
    at SMTPConnection._formatError (/home/dlongqwm/nodevenv/site/16/lib/node_modules/nodemailer/lib/smtp-connection/index.js:798:19)
    at SMTPConnection._actionAUTHComplete (/home/dlongqwm/nodevenv/site/16/lib/node_modules/nodemailer/lib/smtp-connection/index.js:1577:34)
    at SMTPConnection.<anonymous> (/home/dlongqwm/nodevenv/site/16/lib/node_modules/nodemailer/lib/smtp-connection/index.js:554:26)
    at SMTPConnection._processResponse (/home/dlongqwm/nodevenv/site/16/lib/node_modules/nodemailer/lib/smtp-connection/index.js:982:20)
    at SMTPConnection._onData (/home/dlongqwm/nodevenv/site/16/lib/node_modules/nodemailer/lib/smtp-connection/index.js:763:14)
    at TLSSocket.SMTPConnection._onSocketData (/home/dlongqwm/nodevenv/site/16/lib/node_modules/nodemailer/lib/smtp-connection/index.js:195:44)
    at TLSSocket.emit (node:events:513:28)
    at addChunk (node:internal/streams/readable:315:12)
    at readableAddChunk (node:internal/streams/readable:289:9)
    at TLSSocket.Readable.push (node:internal/streams/readable:228:10) {
  code: 'EAUTH',
  response: '535 Authentication Failed for support@drphysioclinic.org',
  responseCode: 535,
  command: 'AUTH PLAIN'
}
Error submitting contact form: Error: Invalid login: 535 Authentication Failed for support@drphysioclinic.org
    at SMTPConnection._formatError (/home/dlongqwm/nodevenv/site/16/lib/node_modules/nodemailer/lib/smtp-connection/index.js:798:19)
    at SMTPConnection._actionAUTHComplete (/home/dlongqwm/nodevenv/site/16/lib/node_modules/nodemailer/lib/smtp-connection/index.js:1577:34)
    at SMTPConnection.<anonymous> (/home/dlongqwm/nodevenv/site/16/lib/node_modules/nodemailer/lib/smtp-connection/index.js:554:26)
    at SMTPConnection._processResponse (/home/dlongqwm/nodevenv/site/16/lib/node_modules/nodemailer/lib/smtp-connection/index.js:982:20)
    at SMTPConnection._onData (/home/dlongqwm/nodevenv/site/16/lib/node_modules/nodemailer/lib/smtp-connection/index.js:763:14)
    at TLSSocket.SMTPConnection._onSocketData (/home/dlongqwm/nodevenv/site/16/lib/node_modules/nodemailer/lib/smtp-connection/index.js:195:44)
    at TLSSocket.emit (node:events:513:28)
    at addChunk (node:internal/streams/readable:315:12)
    at readableAddChunk (node:internal/streams/readable:289:9)
    at TLSSocket.Readable.push (node:internal/streams/readable:228:10) {
  code: 'EAUTH',
  response: '535 Authentication Failed for support@drphysioclinic.org',
  responseCode: 535,
  command: 'AUTH PLAIN'
}
Error submitting contact form: Error: Invalid login: 535 Authentication Failed for support@drphysioclinic.org
    at SMTPConnection._formatError (/home/dlongqwm/nodevenv/site/16/lib/node_modules/nodemailer/lib/smtp-connection/index.js:798:19)
    at SMTPConnection._actionAUTHComplete (/home/dlongqwm/nodevenv/site/16/lib/node_modules/nodemailer/lib/smtp-connection/index.js:1577:34)
    at SMTPConnection.<anonymous> (/home/dlongqwm/nodevenv/site/16/lib/node_modules/nodemailer/lib/smtp-connection/index.js:554:26)
    at SMTPConnection._processResponse (/home/dlongqwm/nodevenv/site/16/lib/node_modules/nodemailer/lib/smtp-connection/index.js:982:20)
    at SMTPConnection._onData (/home/dlongqwm/nodevenv/site/16/lib/node_modules/nodemailer/lib/smtp-connection/index.js:763:14)
    at TLSSocket.SMTPConnection._onSocketData (/home/dlongqwm/nodevenv/site/16/lib/node_modules/nodemailer/lib/smtp-connection/index.js:195:44)
    at TLSSocket.emit (node:events:513:28)
    at addChunk (node:internal/streams/readable:315:12)
    at readableAddChunk (node:internal/streams/readable:289:9)
    at TLSSocket.Readable.push (node:internal/streams/readable:228:10) {
  code: 'EAUTH',
  response: '535 Authentication Failed for support@drphysioclinic.org',
  responseCode: 535,
  command: 'AUTH PLAIN'
}
Error: Appointment validation failed: phoneNumber: Cast to Number failed for value "94439 58573" (type string) at path "phoneNumber"
    at ValidationError.inspect (/home/dlongqwm/nodevenv/site/16/lib/node_modules/mongoose/lib/error/validation.js:50:26)
    at formatValue (node:internal/util/inspect:806:19)
    at inspect (node:internal/util/inspect:365:10)
    at formatWithOptionsInternal (node:internal/util/inspect:2292:40)
    at formatWithOptions (node:internal/util/inspect:2154:10)
    at console.value (node:internal/console/constructor:348:14)
    at console.warn (node:internal/console/constructor:381:61)
    at /home/dlongqwm/site/server.js:96:13
    at runMicrotasks (<anonymous>)
    at processTicksAndRejections (node:internal/process/task_queues:96:5) {
  errors: {
    phoneNumber: CastError: Cast to Number failed for value "94439 58573" (type string) at path "phoneNumber"
        at SchemaNumber.cast (/home/dlongqwm/nodevenv/site/16/lib/node_modules/mongoose/lib/schema/number.js:380:11)
        at SchemaNumber.SchemaType.applySetters (/home/dlongqwm/nodevenv/site/16/lib/node_modules/mongoose/lib/schemaType.js:1236:12)
        at model.$set (/home/dlongqwm/nodevenv/site/16/lib/node_modules/mongoose/lib/document.js:1417:22)
        at model.$set (/home/dlongqwm/nodevenv/site/16/lib/node_modules/mongoose/lib/document.js:1113:16)
        at model.Document (/home/dlongqwm/nodevenv/site/16/lib/node_modules/mongoose/lib/document.js:166:12)
        at model.Model (/home/dlongqwm/nodevenv/site/16/lib/node_modules/mongoose/lib/model.js:131:12)
        at new model (/home/dlongqwm/nodevenv/site/16/lib/node_modules/mongoose/lib/model.js:4816:15)
        at /home/dlongqwm/site/server.js:75:25
        at Layer.handle [as handle_request] (/home/dlongqwm/nodevenv/site/16/lib/node_modules/express/lib/router/layer.js:95:5)
        at next (/home/dlongqwm/nodevenv/site/16/lib/node_modules/express/lib/router/route.js:149:13) {
      stringValue: '"94439 58573"',
      messageFormat: undefined,
      kind: 'Number',
      value: '94439 58573',
      path: 'phoneNumber',
      reason: AssertionError [ERR_ASSERTION]: The expression evaluated to a falsy value:
      
        assert.ok(!isNaN(val))
      
          at castNumber (/home/dlongqwm/nodevenv/site/16/lib/node_modules/mongoose/lib/cast/number.js:27:10)
          at SchemaNumber.cast (/home/dlongqwm/nodevenv/site/16/lib/node_modules/mongoose/lib/schema/number.js:378:12)
          at SchemaNumber.SchemaType.applySetters (/home/dlongqwm/nodevenv/site/16/lib/node_modules/mongoose/lib/schemaType.js:1236:12)
          at model.$set (/home/dlongqwm/nodevenv/site/16/lib/node_modules/mongoose/lib/document.js:1417:22)
          at model.$set (/home/dlongqwm/nodevenv/site/16/lib/node_modules/mongoose/lib/document.js:1113:16)
          at model.Document (/home/dlongqwm/nodevenv/site/16/lib/node_modules/mongoose/lib/document.js:166:12)
          at model.Model (/home/dlongqwm/nodevenv/site/16/lib/node_modules/mongoose/lib/model.js:131:12)
          at new model (/home/dlongqwm/nodevenv/site/16/lib/node_modules/mongoose/lib/model.js:4816:15)
          at /home/dlongqwm/site/server.js:75:25
          at Layer.handle [as handle_request] (/home/dlongqwm/nodevenv/site/16/lib/node_modules/express/lib/router/layer.js:95:5) {
        generatedMessage: true,
        code: 'ERR_ASSERTION',
        actual: false,
        expected: true,
        operator: '=='
      },
      valueType: 'string'
    }
  },
  _message: 'Appointment validation failed'
}
Error: Appointment validation failed: phoneNumber: Cast to Number failed for value "98422 55108" (type string) at path "phoneNumber"
    at ValidationError.inspect (/home/dlongqwm/nodevenv/site/16/lib/node_modules/mongoose/lib/error/validation.js:50:26)
    at formatValue (node:internal/util/inspect:806:19)
    at inspect (node:internal/util/inspect:365:10)
    at formatWithOptionsInternal (node:internal/util/inspect:2292:40)
    at formatWithOptions (node:internal/util/inspect:2154:10)
    at console.value (node:internal/console/constructor:348:14)
    at console.warn (node:internal/console/constructor:381:61)
    at /home/dlongqwm/site/server.js:96:13
    at runMicrotasks (<anonymous>)
    at processTicksAndRejections (node:internal/process/task_queues:96:5) {
  errors: {
    phoneNumber: CastError: Cast to Number failed for value "98422 55108" (type string) at path "phoneNumber"
        at SchemaNumber.cast (/home/dlongqwm/nodevenv/site/16/lib/node_modules/mongoose/lib/schema/number.js:380:11)
        at SchemaNumber.SchemaType.applySetters (/home/dlongqwm/nodevenv/site/16/lib/node_modules/mongoose/lib/schemaType.js:1236:12)
        at model.$set (/home/dlongqwm/nodevenv/site/16/lib/node_modules/mongoose/lib/document.js:1417:22)
        at model.$set (/home/dlongqwm/nodevenv/site/16/lib/node_modules/mongoose/lib/document.js:1113:16)
        at model.Document (/home/dlongqwm/nodevenv/site/16/lib/node_modules/mongoose/lib/document.js:166:12)
        at model.Model (/home/dlongqwm/nodevenv/site/16/lib/node_modules/mongoose/lib/model.js:131:12)
        at new model (/home/dlongqwm/nodevenv/site/16/lib/node_modules/mongoose/lib/model.js:4816:15)
        at /home/dlongqwm/site/server.js:75:25
        at Layer.handle [as handle_request] (/home/dlongqwm/nodevenv/site/16/lib/node_modules/express/lib/router/layer.js:95:5)
        at next (/home/dlongqwm/nodevenv/site/16/lib/node_modules/express/lib/router/route.js:149:13) {
      stringValue: '"98422 55108"',
      messageFormat: undefined,
      kind: 'Number',
      value: '98422 55108',
      path: 'phoneNumber',
      reason: AssertionError [ERR_ASSERTION]: The expression evaluated to a falsy value:
      
        assert.ok(!isNaN(val))
      
          at castNumber (/home/dlongqwm/nodevenv/site/16/lib/node_modules/mongoose/lib/cast/number.js:27:10)
          at SchemaNumber.cast (/home/dlongqwm/nodevenv/site/16/lib/node_modules/mongoose/lib/schema/number.js:378:12)
          at SchemaNumber.SchemaType.applySetters (/home/dlongqwm/nodevenv/site/16/lib/node_modules/mongoose/lib/schemaType.js:1236:12)
          at model.$set (/home/dlongqwm/nodevenv/site/16/lib/node_modules/mongoose/lib/document.js:1417:22)
          at model.$set (/home/dlongqwm/nodevenv/site/16/lib/node_modules/mongoose/lib/document.js:1113:16)
          at model.Document (/home/dlongqwm/nodevenv/site/16/lib/node_modules/mongoose/lib/document.js:166:12)
          at model.Model (/home/dlongqwm/nodevenv/site/16/lib/node_modules/mongoose/lib/model.js:131:12)
          at new model (/home/dlongqwm/nodevenv/site/16/lib/node_modules/mongoose/lib/model.js:4816:15)
          at /home/dlongqwm/site/server.js:75:25
          at Layer.handle [as handle_request] (/home/dlongqwm/nodevenv/site/16/lib/node_modules/express/lib/router/layer.js:95:5) {
        generatedMessage: true,
        code: 'ERR_ASSERTION',
        actual: false,
        expected: true,
        operator: '=='
      },
      valueType: 'string'
    }
  },
  _message: 'Appointment validation failed'
}
Error submitting contact form: Error: Invalid login: 535 Authentication Failed for support@drphysioclinic.org
    at SMTPConnection._formatError (/home/dlongqwm/nodevenv/site/16/lib/node_modules/nodemailer/lib/smtp-connection/index.js:798:19)
    at SMTPConnection._actionAUTHComplete (/home/dlongqwm/nodevenv/site/16/lib/node_modules/nodemailer/lib/smtp-connection/index.js:1577:34)
    at SMTPConnection.<anonymous> (/home/dlongqwm/nodevenv/site/16/lib/node_modules/nodemailer/lib/smtp-connection/index.js:554:26)
    at SMTPConnection._processResponse (/home/dlongqwm/nodevenv/site/16/lib/node_modules/nodemailer/lib/smtp-connection/index.js:982:20)
    at SMTPConnection._onData (/home/dlongqwm/nodevenv/site/16/lib/node_modules/nodemailer/lib/smtp-connection/index.js:763:14)
    at TLSSocket.SMTPConnection._onSocketData (/home/dlongqwm/nodevenv/site/16/lib/node_modules/nodemailer/lib/smtp-connection/index.js:195:44)
    at TLSSocket.emit (node:events:513:28)
    at addChunk (node:internal/streams/readable:315:12)
    at readableAddChunk (node:internal/streams/readable:289:9)
    at TLSSocket.Readable.push (node:internal/streams/readable:228:10) {
  code: 'EAUTH',
  response: '535 Authentication Failed for support@drphysioclinic.org',
  responseCode: 535,
  command: 'AUTH PLAIN'
}
Error: Appointment validation failed: phoneNumber: Cast to Number failed for value "99860 09618" (type string) at path "phoneNumber"
    at ValidationError.inspect (/home/dlongqwm/nodevenv/site/16/lib/node_modules/mongoose/lib/error/validation.js:50:26)
    at formatValue (node:internal/util/inspect:806:19)
    at inspect (node:internal/util/inspect:365:10)
    at formatWithOptionsInternal (node:internal/util/inspect:2292:40)
    at formatWithOptions (node:internal/util/inspect:2154:10)
    at console.value (node:internal/console/constructor:348:14)
    at console.warn (node:internal/console/constructor:381:61)
    at /home/dlongqwm/site/server.js:96:13
    at runMicrotasks (<anonymous>)
    at processTicksAndRejections (node:internal/process/task_queues:96:5) {
  errors: {
    phoneNumber: CastError: Cast to Number failed for value "99860 09618" (type string) at path "phoneNumber"
        at SchemaNumber.cast (/home/dlongqwm/nodevenv/site/16/lib/node_modules/mongoose/lib/schema/number.js:380:11)
        at SchemaNumber.SchemaType.applySetters (/home/dlongqwm/nodevenv/site/16/lib/node_modules/mongoose/lib/schemaType.js:1236:12)
        at model.$set (/home/dlongqwm/nodevenv/site/16/lib/node_modules/mongoose/lib/document.js:1417:22)
        at model.$set (/home/dlongqwm/nodevenv/site/16/lib/node_modules/mongoose/lib/document.js:1113:16)
        at model.Document (/home/dlongqwm/nodevenv/site/16/lib/node_modules/mongoose/lib/document.js:166:12)
        at model.Model (/home/dlongqwm/nodevenv/site/16/lib/node_modules/mongoose/lib/model.js:131:12)
        at new model (/home/dlongqwm/nodevenv/site/16/lib/node_modules/mongoose/lib/model.js:4816:15)
        at /home/dlongqwm/site/server.js:75:25
        at Layer.handle [as handle_request] (/home/dlongqwm/nodevenv/site/16/lib/node_modules/express/lib/router/layer.js:95:5)
        at next (/home/dlongqwm/nodevenv/site/16/lib/node_modules/express/lib/router/route.js:149:13) {
      stringValue: '"99860 09618"',
      messageFormat: undefined,
      kind: 'Number',
      value: '99860 09618',
      path: 'phoneNumber',
      reason: AssertionError [ERR_ASSERTION]: The expression evaluated to a falsy value:
      
        assert.ok(!isNaN(val))
      
          at castNumber (/home/dlongqwm/nodevenv/site/16/lib/node_modules/mongoose/lib/cast/number.js:27:10)
          at SchemaNumber.cast (/home/dlongqwm/nodevenv/site/16/lib/node_modules/mongoose/lib/schema/number.js:378:12)
          at SchemaNumber.SchemaType.applySetters (/home/dlongqwm/nodevenv/site/16/lib/node_modules/mongoose/lib/schemaType.js:1236:12)
          at model.$set (/home/dlongqwm/nodevenv/site/16/lib/node_modules/mongoose/lib/document.js:1417:22)
          at model.$set (/home/dlongqwm/nodevenv/site/16/lib/node_modules/mongoose/lib/document.js:1113:16)
          at model.Document (/home/dlongqwm/nodevenv/site/16/lib/node_modules/mongoose/lib/document.js:166:12)
          at model.Model (/home/dlongqwm/nodevenv/site/16/lib/node_modules/mongoose/lib/model.js:131:12)
          at new model (/home/dlongqwm/nodevenv/site/16/lib/node_modules/mongoose/lib/model.js:4816:15)
          at /home/dlongqwm/site/server.js:75:25
          at Layer.handle [as handle_request] (/home/dlongqwm/nodevenv/site/16/lib/node_modules/express/lib/router/layer.js:95:5) {
        generatedMessage: true,
        code: 'ERR_ASSERTION',
        actual: false,
        expected: true,
        operator: '=='
      },
      valueType: 'string'
    }
  },
  _message: 'Appointment validation failed'
}
Error submitting contact form: Error: Invalid login: 535 Authentication Failed for support@drphysioclinic.org
    at SMTPConnection._formatError (/home/dlongqwm/nodevenv/site/16/lib/node_modules/nodemailer/lib/smtp-connection/index.js:798:19)
    at SMTPConnection._actionAUTHComplete (/home/dlongqwm/nodevenv/site/16/lib/node_modules/nodemailer/lib/smtp-connection/index.js:1577:34)
    at SMTPConnection.<anonymous> (/home/dlongqwm/nodevenv/site/16/lib/node_modules/nodemailer/lib/smtp-connection/index.js:554:26)
    at SMTPConnection._processResponse (/home/dlongqwm/nodevenv/site/16/lib/node_modules/nodemailer/lib/smtp-connection/index.js:982:20)
    at SMTPConnection._onData (/home/dlongqwm/nodevenv/site/16/lib/node_modules/nodemailer/lib/smtp-connection/index.js:763:14)
    at TLSSocket.SMTPConnection._onSocketData (/home/dlongqwm/nodevenv/site/16/lib/node_modules/nodemailer/lib/smtp-connection/index.js:195:44)
    at TLSSocket.emit (node:events:513:28)
    at addChunk (node:internal/streams/readable:315:12)
    at readableAddChunk (node:internal/streams/readable:289:9)
    at TLSSocket.Readable.push (node:internal/streams/readable:228:10) {
  code: 'EAUTH',
  response: '535 Authentication Failed for support@drphysioclinic.org',
  responseCode: 535,
  command: 'AUTH PLAIN'
}
Error submitting contact form: Error: Invalid login: 535 Authentication Failed for support@drphysioclinic.org
    at SMTPConnection._formatError (/home/dlongqwm/nodevenv/site/16/lib/node_modules/nodemailer/lib/smtp-connection/index.js:798:19)
    at SMTPConnection._actionAUTHComplete (/home/dlongqwm/nodevenv/site/16/lib/node_modules/nodemailer/lib/smtp-connection/index.js:1577:34)
    at SMTPConnection.<anonymous> (/home/dlongqwm/nodevenv/site/16/lib/node_modules/nodemailer/lib/smtp-connection/index.js:554:26)
    at SMTPConnection._processResponse (/home/dlongqwm/nodevenv/site/16/lib/node_modules/nodemailer/lib/smtp-connection/index.js:982:20)
    at SMTPConnection._onData (/home/dlongqwm/nodevenv/site/16/lib/node_modules/nodemailer/lib/smtp-connection/index.js:763:14)
    at TLSSocket.SMTPConnection._onSocketData (/home/dlongqwm/nodevenv/site/16/lib/node_modules/nodemailer/lib/smtp-connection/index.js:195:44)
    at TLSSocket.emit (node:events:513:28)
    at addChunk (node:internal/streams/readable:315:12)
    at readableAddChunk (node:internal/streams/readable:289:9)
    at TLSSocket.Readable.push (node:internal/streams/readable:228:10) {
  code: 'EAUTH',
  response: '535 Authentication Failed for support@drphysioclinic.org',
  responseCode: 535,
  command: 'AUTH PLAIN'
}
Error: Invalid login: 535 Authentication Failed for support@drphysioclinic.org
    at SMTPConnection._formatError (/home/dlongqwm/nodevenv/site/16/lib/node_modules/nodemailer/lib/smtp-connection/index.js:798:19)
    at SMTPConnection._actionAUTHComplete (/home/dlongqwm/nodevenv/site/16/lib/node_modules/nodemailer/lib/smtp-connection/index.js:1577:34)
    at SMTPConnection.<anonymous> (/home/dlongqwm/nodevenv/site/16/lib/node_modules/nodemailer/lib/smtp-connection/index.js:554:26)
    at SMTPConnection._processResponse (/home/dlongqwm/nodevenv/site/16/lib/node_modules/nodemailer/lib/smtp-connection/index.js:982:20)
    at SMTPConnection._onData (/home/dlongqwm/nodevenv/site/16/lib/node_modules/nodemailer/lib/smtp-connection/index.js:763:14)
    at TLSSocket.SMTPConnection._onSocketData (/home/dlongqwm/nodevenv/site/16/lib/node_modules/nodemailer/lib/smtp-connection/index.js:195:44)
    at TLSSocket.emit (node:events:513:28)
    at addChunk (node:internal/streams/readable:315:12)
    at readableAddChunk (node:internal/streams/readable:289:9)
    at TLSSocket.Readable.push (node:internal/streams/readable:228:10) {
  code: 'EAUTH',
  response: '535 Authentication Failed for support@drphysioclinic.org',
  responseCode: 535,
  command: 'AUTH PLAIN'
}
Error: Invalid login: 535 Authentication Failed for support@drphysioclinic.org
    at SMTPConnection._formatError (/home/dlongqwm/nodevenv/site/16/lib/node_modules/nodemailer/lib/smtp-connection/index.js:798:19)
    at SMTPConnection._actionAUTHComplete (/home/dlongqwm/nodevenv/site/16/lib/node_modules/nodemailer/lib/smtp-connection/index.js:1577:34)
    at SMTPConnection.<anonymous> (/home/dlongqwm/nodevenv/site/16/lib/node_modules/nodemailer/lib/smtp-connection/index.js:554:26)
    at SMTPConnection._processResponse (/home/dlongqwm/nodevenv/site/16/lib/node_modules/nodemailer/lib/smtp-connection/index.js:982:20)
    at SMTPConnection._onData (/home/dlongqwm/nodevenv/site/16/lib/node_modules/nodemailer/lib/smtp-connection/index.js:763:14)
    at TLSSocket.SMTPConnection._onSocketData (/home/dlongqwm/nodevenv/site/16/lib/node_modules/nodemailer/lib/smtp-connection/index.js:195:44)
    at TLSSocket.emit (node:events:513:28)
    at addChunk (node:internal/streams/readable:315:12)
    at readableAddChunk (node:internal/streams/readable:289:9)
    at TLSSocket.Readable.push (node:internal/streams/readable:228:10) {
  code: 'EAUTH',
  response: '535 Authentication Failed for support@drphysioclinic.org',
  responseCode: 535,
  command: 'AUTH PLAIN'
}
Error submitting contact form: Error: Invalid login: 535 Authentication Failed for support@drphysioclinic.org
    at SMTPConnection._formatError (/home/dlongqwm/nodevenv/site/16/lib/node_modules/nodemailer/lib/smtp-connection/index.js:798:19)
    at SMTPConnection._actionAUTHComplete (/home/dlongqwm/nodevenv/site/16/lib/node_modules/nodemailer/lib/smtp-connection/index.js:1577:34)
    at SMTPConnection.<anonymous> (/home/dlongqwm/nodevenv/site/16/lib/node_modules/nodemailer/lib/smtp-connection/index.js:554:26)
    at SMTPConnection._processResponse (/home/dlongqwm/nodevenv/site/16/lib/node_modules/nodemailer/lib/smtp-connection/index.js:982:20)
    at SMTPConnection._onData (/home/dlongqwm/nodevenv/site/16/lib/node_modules/nodemailer/lib/smtp-connection/index.js:763:14)
    at TLSSocket.SMTPConnection._onSocketData (/home/dlongqwm/nodevenv/site/16/lib/node_modules/nodemailer/lib/smtp-connection/index.js:195:44)
    at TLSSocket.emit (node:events:513:28)
    at addChunk (node:internal/streams/readable:315:12)
    at readableAddChunk (node:internal/streams/readable:289:9)
    at TLSSocket.Readable.push (node:internal/streams/readable:228:10) {
  code: 'EAUTH',
  response: '535 Authentication Failed for support@drphysioclinic.org',
  responseCode: 535,
  command: 'AUTH PLAIN'
}
Error submitting contact form: Error: Invalid login: 535 Authentication Failed for support@drphysioclinic.org
    at SMTPConnection._formatError (/home/dlongqwm/nodevenv/site/16/lib/node_modules/nodemailer/lib/smtp-connection/index.js:798:19)
    at SMTPConnection._actionAUTHComplete (/home/dlongqwm/nodevenv/site/16/lib/node_modules/nodemailer/lib/smtp-connection/index.js:1577:34)
    at SMTPConnection.<anonymous> (/home/dlongqwm/nodevenv/site/16/lib/node_modules/nodemailer/lib/smtp-connection/index.js:554:26)
    at SMTPConnection._processResponse (/home/dlongqwm/nodevenv/site/16/lib/node_modules/nodemailer/lib/smtp-connection/index.js:982:20)
    at SMTPConnection._onData (/home/dlongqwm/nodevenv/site/16/lib/node_modules/nodemailer/lib/smtp-connection/index.js:763:14)
    at TLSSocket.SMTPConnection._onSocketData (/home/dlongqwm/nodevenv/site/16/lib/node_modules/nodemailer/lib/smtp-connection/index.js:195:44)
    at TLSSocket.emit (node:events:513:28)
    at addChunk (node:internal/streams/readable:315:12)
    at readableAddChunk (node:internal/streams/readable:289:9)
    at TLSSocket.Readable.push (node:internal/streams/readable:228:10) {
  code: 'EAUTH',
  response: '535 Authentication Failed for support@drphysioclinic.org',
  responseCode: 535,
  command: 'AUTH PLAIN'
}
Error: Invalid login: 535 Authentication Failed for support@drphysioclinic.org
    at SMTPConnection._formatError (/home/dlongqwm/nodevenv/site/16/lib/node_modules/nodemailer/lib/smtp-connection/index.js:798:19)
    at SMTPConnection._actionAUTHComplete (/home/dlongqwm/nodevenv/site/16/lib/node_modules/nodemailer/lib/smtp-connection/index.js:1577:34)
    at SMTPConnection.<anonymous> (/home/dlongqwm/nodevenv/site/16/lib/node_modules/nodemailer/lib/smtp-connection/index.js:554:26)
    at SMTPConnection._processResponse (/home/dlongqwm/nodevenv/site/16/lib/node_modules/nodemailer/lib/smtp-connection/index.js:982:20)
    at SMTPConnection._onData (/home/dlongqwm/nodevenv/site/16/lib/node_modules/nodemailer/lib/smtp-connection/index.js:763:14)
    at TLSSocket.SMTPConnection._onSocketData (/home/dlongqwm/nodevenv/site/16/lib/node_modules/nodemailer/lib/smtp-connection/index.js:195:44)
    at TLSSocket.emit (node:events:513:28)
    at addChunk (node:internal/streams/readable:315:12)
    at readableAddChunk (node:internal/streams/readable:289:9)
    at TLSSocket.Readable.push (node:internal/streams/readable:228:10) {
  code: 'EAUTH',
  response: '535 Authentication Failed for support@drphysioclinic.org',
  responseCode: 535,
  command: 'AUTH PLAIN'
}
Error: Invalid login: 535 Authentication Failed for support@drphysioclinic.org
    at SMTPConnection._formatError (/home/dlongqwm/nodevenv/site/16/lib/node_modules/nodemailer/lib/smtp-connection/index.js:798:19)
    at SMTPConnection._actionAUTHComplete (/home/dlongqwm/nodevenv/site/16/lib/node_modules/nodemailer/lib/smtp-connection/index.js:1577:34)
    at SMTPConnection.<anonymous> (/home/dlongqwm/nodevenv/site/16/lib/node_modules/nodemailer/lib/smtp-connection/index.js:554:26)
    at SMTPConnection._processResponse (/home/dlongqwm/nodevenv/site/16/lib/node_modules/nodemailer/lib/smtp-connection/index.js:982:20)
    at SMTPConnection._onData (/home/dlongqwm/nodevenv/site/16/lib/node_modules/nodemailer/lib/smtp-connection/index.js:763:14)
    at TLSSocket.SMTPConnection._onSocketData (/home/dlongqwm/nodevenv/site/16/lib/node_modules/nodemailer/lib/smtp-connection/index.js:195:44)
    at TLSSocket.emit (node:events:513:28)
    at addChunk (node:internal/streams/readable:315:12)
    at readableAddChunk (node:internal/streams/readable:289:9)
    at TLSSocket.Readable.push (node:internal/streams/readable:228:10) {
  code: 'EAUTH',
  response: '535 Authentication Failed for support@drphysioclinic.org',
  responseCode: 535,
  command: 'AUTH PLAIN'
}
Error: Invalid login: 535 Authentication Failed for support@drphysioclinic.org
    at SMTPConnection._formatError (/home/dlongqwm/nodevenv/site/16/lib/node_modules/nodemailer/lib/smtp-connection/index.js:798:19)
    at SMTPConnection._actionAUTHComplete (/home/dlongqwm/nodevenv/site/16/lib/node_modules/nodemailer/lib/smtp-connection/index.js:1577:34)
    at SMTPConnection.<anonymous> (/home/dlongqwm/nodevenv/site/16/lib/node_modules/nodemailer/lib/smtp-connection/index.js:554:26)
    at SMTPConnection._processResponse (/home/dlongqwm/nodevenv/site/16/lib/node_modules/nodemailer/lib/smtp-connection/index.js:982:20)
    at SMTPConnection._onData (/home/dlongqwm/nodevenv/site/16/lib/node_modules/nodemailer/lib/smtp-connection/index.js:763:14)
    at TLSSocket.SMTPConnection._onSocketData (/home/dlongqwm/nodevenv/site/16/lib/node_modules/nodemailer/lib/smtp-connection/index.js:195:44)
    at TLSSocket.emit (node:events:513:28)
    at addChunk (node:internal/streams/readable:315:12)
    at readableAddChunk (node:internal/streams/readable:289:9)
    at TLSSocket.Readable.push (node:internal/streams/readable:228:10) {
  code: 'EAUTH',
  response: '535 Authentication Failed for support@drphysioclinic.org',
  responseCode: 535,
  command: 'AUTH PLAIN'
}
Error submitting contact form: Error: Invalid login: 535 Authentication Failed for support@drphysioclinic.org
    at SMTPConnection._formatError (/home/dlongqwm/nodevenv/site/16/lib/node_modules/nodemailer/lib/smtp-connection/index.js:798:19)
    at SMTPConnection._actionAUTHComplete (/home/dlongqwm/nodevenv/site/16/lib/node_modules/nodemailer/lib/smtp-connection/index.js:1577:34)
    at SMTPConnection.<anonymous> (/home/dlongqwm/nodevenv/site/16/lib/node_modules/nodemailer/lib/smtp-connection/index.js:554:26)
    at SMTPConnection._processResponse (/home/dlongqwm/nodevenv/site/16/lib/node_modules/nodemailer/lib/smtp-connection/index.js:982:20)
    at SMTPConnection._onData (/home/dlongqwm/nodevenv/site/16/lib/node_modules/nodemailer/lib/smtp-connection/index.js:763:14)
    at TLSSocket.SMTPConnection._onSocketData (/home/dlongqwm/nodevenv/site/16/lib/node_modules/nodemailer/lib/smtp-connection/index.js:195:44)
    at TLSSocket.emit (node:events:513:28)
    at addChunk (node:internal/streams/readable:315:12)
    at readableAddChunk (node:internal/streams/readable:289:9)
    at TLSSocket.Readable.push (node:internal/streams/readable:228:10) {
  code: 'EAUTH',
  response: '535 Authentication Failed for support@drphysioclinic.org',
  responseCode: 535,
  command: 'AUTH PLAIN'
}
Error: Invalid login: 535 Authentication Failed for support@drphysioclinic.org
    at SMTPConnection._formatError (/home/dlongqwm/nodevenv/site/16/lib/node_modules/nodemailer/lib/smtp-connection/index.js:798:19)
    at SMTPConnection._actionAUTHComplete (/home/dlongqwm/nodevenv/site/16/lib/node_modules/nodemailer/lib/smtp-connection/index.js:1577:34)
    at SMTPConnection.<anonymous> (/home/dlongqwm/nodevenv/site/16/lib/node_modules/nodemailer/lib/smtp-connection/index.js:554:26)
    at SMTPConnection._processResponse (/home/dlongqwm/nodevenv/site/16/lib/node_modules/nodemailer/lib/smtp-connection/index.js:982:20)
    at SMTPConnection._onData (/home/dlongqwm/nodevenv/site/16/lib/node_modules/nodemailer/lib/smtp-connection/index.js:763:14)
    at TLSSocket.SMTPConnection._onSocketData (/home/dlongqwm/nodevenv/site/16/lib/node_modules/nodemailer/lib/smtp-connection/index.js:195:44)
    at TLSSocket.emit (node:events:513:28)
    at addChunk (node:internal/streams/readable:315:12)
    at readableAddChunk (node:internal/streams/readable:289:9)
    at TLSSocket.Readable.push (node:internal/streams/readable:228:10) {
  code: 'EAUTH',
  response: '535 Authentication Failed for support@drphysioclinic.org',
  responseCode: 535,
  command: 'AUTH PLAIN'
}
Error: Invalid login: 535 Authentication Failed for support@drphysioclinic.org
    at SMTPConnection._formatError (/home/dlongqwm/nodevenv/site/16/lib/node_modules/nodemailer/lib/smtp-connection/index.js:798:19)
    at SMTPConnection._actionAUTHComplete (/home/dlongqwm/nodevenv/site/16/lib/node_modules/nodemailer/lib/smtp-connection/index.js:1577:34)
    at SMTPConnection.<anonymous> (/home/dlongqwm/nodevenv/site/16/lib/node_modules/nodemailer/lib/smtp-connection/index.js:554:26)
    at SMTPConnection._processResponse (/home/dlongqwm/nodevenv/site/16/lib/node_modules/nodemailer/lib/smtp-connection/index.js:982:20)
    at SMTPConnection._onData (/home/dlongqwm/nodevenv/site/16/lib/node_modules/nodemailer/lib/smtp-connection/index.js:763:14)
    at TLSSocket.SMTPConnection._onSocketData (/home/dlongqwm/nodevenv/site/16/lib/node_modules/nodemailer/lib/smtp-connection/index.js:195:44)
    at TLSSocket.emit (node:events:513:28)
    at addChunk (node:internal/streams/readable:315:12)
    at readableAddChunk (node:internal/streams/readable:289:9)
    at TLSSocket.Readable.push (node:internal/streams/readable:228:10) {
  code: 'EAUTH',
  response: '535 Authentication Failed for support@drphysioclinic.org',
  responseCode: 535,
  command: 'AUTH PLAIN'
}
Error: Invalid login: 535 Authentication Failed for support@drphysioclinic.org
    at SMTPConnection._formatError (/home/dlongqwm/nodevenv/site/16/lib/node_modules/nodemailer/lib/smtp-connection/index.js:798:19)
    at SMTPConnection._actionAUTHComplete (/home/dlongqwm/nodevenv/site/16/lib/node_modules/nodemailer/lib/smtp-connection/index.js:1577:34)
    at SMTPConnection.<anonymous> (/home/dlongqwm/nodevenv/site/16/lib/node_modules/nodemailer/lib/smtp-connection/index.js:554:26)
    at SMTPConnection._processResponse (/home/dlongqwm/nodevenv/site/16/lib/node_modules/nodemailer/lib/smtp-connection/index.js:982:20)
    at SMTPConnection._onData (/home/dlongqwm/nodevenv/site/16/lib/node_modules/nodemailer/lib/smtp-connection/index.js:763:14)
    at TLSSocket.SMTPConnection._onSocketData (/home/dlongqwm/nodevenv/site/16/lib/node_modules/nodemailer/lib/smtp-connection/index.js:195:44)
    at TLSSocket.emit (node:events:513:28)
    at addChunk (node:internal/streams/readable:315:12)
    at readableAddChunk (node:internal/streams/readable:289:9)
    at TLSSocket.Readable.push (node:internal/streams/readable:228:10) {
  code: 'EAUTH',
  response: '535 Authentication Failed for support@drphysioclinic.org',
  responseCode: 535,
  command: 'AUTH PLAIN'
}
Error submitting contact form: Error: Invalid login: 535 Authentication Failed for support@drphysioclinic.org
    at SMTPConnection._formatError (/home/dlongqwm/nodevenv/site/16/lib/node_modules/nodemailer/lib/smtp-connection/index.js:798:19)
    at SMTPConnection._actionAUTHComplete (/home/dlongqwm/nodevenv/site/16/lib/node_modules/nodemailer/lib/smtp-connection/index.js:1577:34)
    at SMTPConnection.<anonymous> (/home/dlongqwm/nodevenv/site/16/lib/node_modules/nodemailer/lib/smtp-connection/index.js:554:26)
    at SMTPConnection._processResponse (/home/dlongqwm/nodevenv/site/16/lib/node_modules/nodemailer/lib/smtp-connection/index.js:982:20)
    at SMTPConnection._onData (/home/dlongqwm/nodevenv/site/16/lib/node_modules/nodemailer/lib/smtp-connection/index.js:763:14)
    at TLSSocket.SMTPConnection._onSocketData (/home/dlongqwm/nodevenv/site/16/lib/node_modules/nodemailer/lib/smtp-connection/index.js:195:44)
    at TLSSocket.emit (node:events:513:28)
    at addChunk (node:internal/streams/readable:315:12)
    at readableAddChunk (node:internal/streams/readable:289:9)
    at TLSSocket.Readable.push (node:internal/streams/readable:228:10) {
  code: 'EAUTH',
  response: '535 Authentication Failed for support@drphysioclinic.org',
  responseCode: 535,
  command: 'AUTH PLAIN'
}
Error submitting contact form: Error: Invalid login: 535 Authentication Failed for support@drphysioclinic.org
    at SMTPConnection._formatError (/home/dlongqwm/nodevenv/site/16/lib/node_modules/nodemailer/lib/smtp-connection/index.js:798:19)
    at SMTPConnection._actionAUTHComplete (/home/dlongqwm/nodevenv/site/16/lib/node_modules/nodemailer/lib/smtp-connection/index.js:1577:34)
    at SMTPConnection.<anonymous> (/home/dlongqwm/nodevenv/site/16/lib/node_modules/nodemailer/lib/smtp-connection/index.js:554:26)
    at SMTPConnection._processResponse (/home/dlongqwm/nodevenv/site/16/lib/node_modules/nodemailer/lib/smtp-connection/index.js:982:20)
    at SMTPConnection._onData (/home/dlongqwm/nodevenv/site/16/lib/node_modules/nodemailer/lib/smtp-connection/index.js:763:14)
    at TLSSocket.SMTPConnection._onSocketData (/home/dlongqwm/nodevenv/site/16/lib/node_modules/nodemailer/lib/smtp-connection/index.js:195:44)
    at TLSSocket.emit (node:events:513:28)
    at addChunk (node:internal/streams/readable:315:12)
    at readableAddChunk (node:internal/streams/readable:289:9)
    at TLSSocket.Readable.push (node:internal/streams/readable:228:10) {
  code: 'EAUTH',
  response: '535 Authentication Failed for support@drphysioclinic.org',
  responseCode: 535,
  command: 'AUTH PLAIN'
}
Error: Invalid login: 535 Authentication Failed for support@drphysioclinic.org
    at SMTPConnection._formatError (/home/dlongqwm/nodevenv/site/16/lib/node_modules/nodemailer/lib/smtp-connection/index.js:798:19)
    at SMTPConnection._actionAUTHComplete (/home/dlongqwm/nodevenv/site/16/lib/node_modules/nodemailer/lib/smtp-connection/index.js:1577:34)
    at SMTPConnection.<anonymous> (/home/dlongqwm/nodevenv/site/16/lib/node_modules/nodemailer/lib/smtp-connection/index.js:554:26)
    at SMTPConnection._processResponse (/home/dlongqwm/nodevenv/site/16/lib/node_modules/nodemailer/lib/smtp-connection/index.js:982:20)
    at SMTPConnection._onData (/home/dlongqwm/nodevenv/site/16/lib/node_modules/nodemailer/lib/smtp-connection/index.js:763:14)
    at TLSSocket.SMTPConnection._onSocketData (/home/dlongqwm/nodevenv/site/16/lib/node_modules/nodemailer/lib/smtp-connection/index.js:195:44)
    at TLSSocket.emit (node:events:513:28)
    at addChunk (node:internal/streams/readable:315:12)
    at readableAddChunk (node:internal/streams/readable:289:9)
    at TLSSocket.Readable.push (node:internal/streams/readable:228:10) {
  code: 'EAUTH',
  response: '535 Authentication Failed for support@drphysioclinic.org',
  responseCode: 535,
  command: 'AUTH PLAIN'
}
Error submitting contact form: Error: Invalid login: 535 Authentication Failed for support@drphysioclinic.org
    at SMTPConnection._formatError (/home/dlongqwm/nodevenv/site/16/lib/node_modules/nodemailer/lib/smtp-connection/index.js:798:19)
    at SMTPConnection._actionAUTHComplete (/home/dlongqwm/nodevenv/site/16/lib/node_modules/nodemailer/lib/smtp-connection/index.js:1577:34)
    at SMTPConnection.<anonymous> (/home/dlongqwm/nodevenv/site/16/lib/node_modules/nodemailer/lib/smtp-connection/index.js:554:26)
    at SMTPConnection._processResponse (/home/dlongqwm/nodevenv/site/16/lib/node_modules/nodemailer/lib/smtp-connection/index.js:982:20)
    at SMTPConnection._onData (/home/dlongqwm/nodevenv/site/16/lib/node_modules/nodemailer/lib/smtp-connection/index.js:763:14)
    at TLSSocket.SMTPConnection._onSocketData (/home/dlongqwm/nodevenv/site/16/lib/node_modules/nodemailer/lib/smtp-connection/index.js:195:44)
    at TLSSocket.emit (node:events:513:28)
    at addChunk (node:internal/streams/readable:315:12)
    at readableAddChunk (node:internal/streams/readable:289:9)
    at TLSSocket.Readable.push (node:internal/streams/readable:228:10) {
  code: 'EAUTH',
  response: '535 Authentication Failed for support@drphysioclinic.org',
  responseCode: 535,
  command: 'AUTH PLAIN'
}
Error submitting contact form: Error: Invalid login: 535 Authentication Failed for support@drphysioclinic.org
    at SMTPConnection._formatError (/home/dlongqwm/nodevenv/site/16/lib/node_modules/nodemailer/lib/smtp-connection/index.js:798:19)
    at SMTPConnection._actionAUTHComplete (/home/dlongqwm/nodevenv/site/16/lib/node_modules/nodemailer/lib/smtp-connection/index.js:1577:34)
    at SMTPConnection.<anonymous> (/home/dlongqwm/nodevenv/site/16/lib/node_modules/nodemailer/lib/smtp-connection/index.js:554:26)
    at SMTPConnection._processResponse (/home/dlongqwm/nodevenv/site/16/lib/node_modules/nodemailer/lib/smtp-connection/index.js:982:20)
    at SMTPConnection._onData (/home/dlongqwm/nodevenv/site/16/lib/node_modules/nodemailer/lib/smtp-connection/index.js:763:14)
    at TLSSocket.SMTPConnection._onSocketData (/home/dlongqwm/nodevenv/site/16/lib/node_modules/nodemailer/lib/smtp-connection/index.js:195:44)
    at TLSSocket.emit (node:events:513:28)
    at addChunk (node:internal/streams/readable:315:12)
    at readableAddChunk (node:internal/streams/readable:289:9)
    at TLSSocket.Readable.push (node:internal/streams/readable:228:10) {
  code: 'EAUTH',
  response: '535 Authentication Failed for support@drphysioclinic.org',
  responseCode: 535,
  command: 'AUTH PLAIN'
}
Error submitting contact form: Error: Invalid login: 535 Authentication Failed for support@drphysioclinic.org
    at SMTPConnection._formatError (/home/dlongqwm/nodevenv/site/16/lib/node_modules/nodemailer/lib/smtp-connection/index.js:798:19)
    at SMTPConnection._actionAUTHComplete (/home/dlongqwm/nodevenv/site/16/lib/node_modules/nodemailer/lib/smtp-connection/index.js:1577:34)
    at SMTPConnection.<anonymous> (/home/dlongqwm/nodevenv/site/16/lib/node_modules/nodemailer/lib/smtp-connection/index.js:554:26)
    at SMTPConnection._processResponse (/home/dlongqwm/nodevenv/site/16/lib/node_modules/nodemailer/lib/smtp-connection/index.js:982:20)
    at SMTPConnection._onData (/home/dlongqwm/nodevenv/site/16/lib/node_modules/nodemailer/lib/smtp-connection/index.js:763:14)
    at TLSSocket.SMTPConnection._onSocketData (/home/dlongqwm/nodevenv/site/16/lib/node_modules/nodemailer/lib/smtp-connection/index.js:195:44)
    at TLSSocket.emit (node:events:513:28)
    at addChunk (node:internal/streams/readable:315:12)
    at readableAddChunk (node:internal/streams/readable:289:9)
    at TLSSocket.Readable.push (node:internal/streams/readable:228:10) {
  code: 'EAUTH',
  response: '535 Authentication Failed for support@drphysioclinic.org',
  responseCode: 535,
  command: 'AUTH PLAIN'
}
(node:28855) [MONGODB DRIVER] Warning: useNewUrlParser is a deprecated option: useNewUrlParser has no effect since Node.js Driver version 4.0.0 and will be removed in the next major version
(Use `node --trace-warnings ...` to show where the warning was created)
(node:28855) [MONGODB DRIVER] Warning: useUnifiedTopology is a deprecated option: useUnifiedTopology has no effect since Node.js Driver version 4.0.0 and will be removed in the next major version
Error connecting to MongoDB: MongooseServerSelectionError: Could not connect to any servers in your MongoDB Atlas cluster. One common reason is that you're trying to access the database from an IP that isn't whitelisted. Make sure your current IP address is on your Atlas cluster's IP whitelist: https://www.mongodb.com/docs/atlas/security-whitelist/
    at _handleConnectionErrors (/home/dlongqwm/nodevenv/site/16/lib/node_modules/mongoose/lib/connection.js:875:11)
    at NativeConnection.openUri (/home/dlongqwm/nodevenv/site/16/lib/node_modules/mongoose/lib/connection.js:826:11) {
  reason: TopologyDescription {
    type: 'ReplicaSetNoPrimary',
    servers: Map(3) {
      'ac-5fiicoe-shard-00-01.qkrprta.mongodb.net:27017' => [ServerDescription],
      'ac-5fiicoe-shard-00-00.qkrprta.mongodb.net:27017' => [ServerDescription],
      'ac-5fiicoe-shard-00-02.qkrprta.mongodb.net:27017' => [ServerDescription]
    },
    stale: false,
    compatible: true,
    heartbeatFrequencyMS: 10000,
    localThresholdMS: 15,
    setName: 'atlas-q8hcx9-shard-0',
    maxElectionId: null,
    maxSetVersion: null,
    commonWireVersion: 0,
    logicalSessionTimeoutMinutes: null
  },
  code: undefined
}
(node:303274) [MONGODB DRIVER] Warning: useNewUrlParser is a deprecated option: useNewUrlParser has no effect since Node.js Driver version 4.0.0 and will be removed in the next major version
(Use `node --trace-warnings ...` to show where the warning was created)
(node:303274) [MONGODB DRIVER] Warning: useUnifiedTopology is a deprecated option: useUnifiedTopology has no effect since Node.js Driver version 4.0.0 and will be removed in the next major version
Error connecting to MongoDB: MongooseServerSelectionError: Could not connect to any servers in your MongoDB Atlas cluster. One common reason is that you're trying to access the database from an IP that isn't whitelisted. Make sure your current IP address is on your Atlas cluster's IP whitelist: https://www.mongodb.com/docs/atlas/security-whitelist/
    at _handleConnectionErrors (/home/dlongqwm/nodevenv/site/16/lib/node_modules/mongoose/lib/connection.js:875:11)
    at NativeConnection.openUri (/home/dlongqwm/nodevenv/site/16/lib/node_modules/mongoose/lib/connection.js:826:11) {
  reason: TopologyDescription {
    type: 'ReplicaSetNoPrimary',
    servers: Map(3) {
      'ac-5fiicoe-shard-00-01.qkrprta.mongodb.net:27017' => [ServerDescription],
      'ac-5fiicoe-shard-00-02.qkrprta.mongodb.net:27017' => [ServerDescription],
      'ac-5fiicoe-shard-00-00.qkrprta.mongodb.net:27017' => [ServerDescription]
    },
    stale: false,
    compatible: true,
    heartbeatFrequencyMS: 10000,
    localThresholdMS: 15,
    setName: 'atlas-q8hcx9-shard-0',
    maxElectionId: null,
    maxSetVersion: null,
    commonWireVersion: 0,
    logicalSessionTimeoutMinutes: null
  },
  code: undefined
}
Error submitting contact form: MongooseError: Operation `contacts.insertOne()` buffering timed out after 10000ms
    at Timeout.<anonymous> (/home/dlongqwm/nodevenv/site/16/lib/node_modules/mongoose/lib/drivers/node-mongodb-native/collection.js:185:23)
    at listOnTimeout (node:internal/timers:559:17)
    at processTimers (node:internal/timers:502:7)
Error submitting contact form: MongooseError: Operation `contacts.insertOne()` buffering timed out after 10000ms
    at Timeout.<anonymous> (/home/dlongqwm/nodevenv/site/16/lib/node_modules/mongoose/lib/drivers/node-mongodb-native/collection.js:185:23)
    at listOnTimeout (node:internal/timers:559:17)
    at processTimers (node:internal/timers:502:7)
(node:1524685) [MONGODB DRIVER] Warning: useNewUrlParser is a deprecated option: useNewUrlParser has no effect since Node.js Driver version 4.0.0 and will be removed in the next major version
(Use `node --trace-warnings ...` to show where the warning was created)
(node:1524685) [MONGODB DRIVER] Warning: useUnifiedTopology is a deprecated option: useUnifiedTopology has no effect since Node.js Driver version 4.0.0 and will be removed in the next major version
(node:1529710) [MONGODB DRIVER] Warning: useNewUrlParser is a deprecated option: useNewUrlParser has no effect since Node.js Driver version 4.0.0 and will be removed in the next major version
(Use `node --trace-warnings ...` to show where the warning was created)
(node:1529710) [MONGODB DRIVER] Warning: useUnifiedTopology is a deprecated option: useUnifiedTopology has no effect since Node.js Driver version 4.0.0 and will be removed in the next major version
Error submitting contact form: Error: Invalid login: 535 Authentication Failed for support@drphysioclinic.org
    at SMTPConnection._formatError (/home/dlongqwm/nodevenv/site/16/lib/node_modules/nodemailer/lib/smtp-connection/index.js:798:19)
    at SMTPConnection._actionAUTHComplete (/home/dlongqwm/nodevenv/site/16/lib/node_modules/nodemailer/lib/smtp-connection/index.js:1577:34)
    at SMTPConnection.<anonymous> (/home/dlongqwm/nodevenv/site/16/lib/node_modules/nodemailer/lib/smtp-connection/index.js:554:26)
    at SMTPConnection._processResponse (/home/dlongqwm/nodevenv/site/16/lib/node_modules/nodemailer/lib/smtp-connection/index.js:982:20)
    at SMTPConnection._onData (/home/dlongqwm/nodevenv/site/16/lib/node_modules/nodemailer/lib/smtp-connection/index.js:763:14)
    at TLSSocket.SMTPConnection._onSocketData (/home/dlongqwm/nodevenv/site/16/lib/node_modules/nodemailer/lib/smtp-connection/index.js:195:44)
    at TLSSocket.emit (node:events:513:28)
    at addChunk (node:internal/streams/readable:315:12)
    at readableAddChunk (node:internal/streams/readable:289:9)
    at TLSSocket.Readable.push (node:internal/streams/readable:228:10) {
  code: 'EAUTH',
  response: '535 Authentication Failed for support@drphysioclinic.org',
  responseCode: 535,
  command: 'AUTH PLAIN'
}
Error submitting contact form: Error: Invalid login: 535 Authentication Failed for support@drphysioclinic.org
    at SMTPConnection._formatError (/home/dlongqwm/nodevenv/site/16/lib/node_modules/nodemailer/lib/smtp-connection/index.js:798:19)
    at SMTPConnection._actionAUTHComplete (/home/dlongqwm/nodevenv/site/16/lib/node_modules/nodemailer/lib/smtp-connection/index.js:1577:34)
    at SMTPConnection.<anonymous> (/home/dlongqwm/nodevenv/site/16/lib/node_modules/nodemailer/lib/smtp-connection/index.js:554:26)
    at SMTPConnection._processResponse (/home/dlongqwm/nodevenv/site/16/lib/node_modules/nodemailer/lib/smtp-connection/index.js:982:20)
    at SMTPConnection._onData (/home/dlongqwm/nodevenv/site/16/lib/node_modules/nodemailer/lib/smtp-connection/index.js:763:14)
    at TLSSocket.SMTPConnection._onSocketData (/home/dlongqwm/nodevenv/site/16/lib/node_modules/nodemailer/lib/smtp-connection/index.js:195:44)
    at TLSSocket.emit (node:events:513:28)
    at addChunk (node:internal/streams/readable:315:12)
    at readableAddChunk (node:internal/streams/readable:289:9)
    at TLSSocket.Readable.push (node:internal/streams/readable:228:10) {
  code: 'EAUTH',
  response: '535 Authentication Failed for support@drphysioclinic.org',
  responseCode: 535,
  command: 'AUTH PLAIN'
}
(node:590628) [MONGODB DRIVER] Warning: useNewUrlParser is a deprecated option: useNewUrlParser has no effect since Node.js Driver version 4.0.0 and will be removed in the next major version
(Use `node --trace-warnings ...` to show where the warning was created)
(node:590628) [MONGODB DRIVER] Warning: useUnifiedTopology is a deprecated option: useUnifiedTopology has no effect since Node.js Driver version 4.0.0 and will be removed in the next major version
Error submitting contact form: Error: Invalid login: 535 Authentication Failed for support@drphysioclinic.org
    at SMTPConnection._formatError (/home/dlongqwm/nodevenv/site/16/lib/node_modules/nodemailer/lib/smtp-connection/index.js:798:19)
    at SMTPConnection._actionAUTHComplete (/home/dlongqwm/nodevenv/site/16/lib/node_modules/nodemailer/lib/smtp-connection/index.js:1577:34)
    at SMTPConnection.<anonymous> (/home/dlongqwm/nodevenv/site/16/lib/node_modules/nodemailer/lib/smtp-connection/index.js:554:26)
    at SMTPConnection._processResponse (/home/dlongqwm/nodevenv/site/16/lib/node_modules/nodemailer/lib/smtp-connection/index.js:982:20)
    at SMTPConnection._onData (/home/dlongqwm/nodevenv/site/16/lib/node_modules/nodemailer/lib/smtp-connection/index.js:763:14)
    at TLSSocket.SMTPConnection._onSocketData (/home/dlongqwm/nodevenv/site/16/lib/node_modules/nodemailer/lib/smtp-connection/index.js:195:44)
    at TLSSocket.emit (node:events:513:28)
    at addChunk (node:internal/streams/readable:315:12)
    at readableAddChunk (node:internal/streams/readable:289:9)
    at TLSSocket.Readable.push (node:internal/streams/readable:228:10) {
  code: 'EAUTH',
  response: '535 Authentication Failed for support@drphysioclinic.org',
  responseCode: 535,
  command: 'AUTH PLAIN'
}
Error submitting contact form: Error: Invalid login: 535 Authentication Failed for support@drphysioclinic.org
    at SMTPConnection._formatError (/home/dlongqwm/nodevenv/site/16/lib/node_modules/nodemailer/lib/smtp-connection/index.js:798:19)
    at SMTPConnection._actionAUTHComplete (/home/dlongqwm/nodevenv/site/16/lib/node_modules/nodemailer/lib/smtp-connection/index.js:1577:34)
    at SMTPConnection.<anonymous> (/home/dlongqwm/nodevenv/site/16/lib/node_modules/nodemailer/lib/smtp-connection/index.js:554:26)
    at SMTPConnection._processResponse (/home/dlongqwm/nodevenv/site/16/lib/node_modules/nodemailer/lib/smtp-connection/index.js:982:20)
    at SMTPConnection._onData (/home/dlongqwm/nodevenv/site/16/lib/node_modules/nodemailer/lib/smtp-connection/index.js:763:14)
    at TLSSocket.SMTPConnection._onSocketData (/home/dlongqwm/nodevenv/site/16/lib/node_modules/nodemailer/lib/smtp-connection/index.js:195:44)
    at TLSSocket.emit (node:events:513:28)
    at addChunk (node:internal/streams/readable:315:12)
    at readableAddChunk (node:internal/streams/readable:289:9)
    at TLSSocket.Readable.push (node:internal/streams/readable:228:10) {
  code: 'EAUTH',
  response: '535 Authentication Failed for support@drphysioclinic.org',
  responseCode: 535,
  command: 'AUTH PLAIN'
}
Error submitting contact form: Error: Invalid login: 535 Authentication Failed for support@drphysioclinic.org
    at SMTPConnection._formatError (/home/dlongqwm/nodevenv/site/16/lib/node_modules/nodemailer/lib/smtp-connection/index.js:798:19)
    at SMTPConnection._actionAUTHComplete (/home/dlongqwm/nodevenv/site/16/lib/node_modules/nodemailer/lib/smtp-connection/index.js:1577:34)
    at SMTPConnection.<anonymous> (/home/dlongqwm/nodevenv/site/16/lib/node_modules/nodemailer/lib/smtp-connection/index.js:554:26)
    at SMTPConnection._processResponse (/home/dlongqwm/nodevenv/site/16/lib/node_modules/nodemailer/lib/smtp-connection/index.js:982:20)
    at SMTPConnection._onData (/home/dlongqwm/nodevenv/site/16/lib/node_modules/nodemailer/lib/smtp-connection/index.js:763:14)
    at TLSSocket.SMTPConnection._onSocketData (/home/dlongqwm/nodevenv/site/16/lib/node_modules/nodemailer/lib/smtp-connection/index.js:195:44)
    at TLSSocket.emit (node:events:513:28)
    at addChunk (node:internal/streams/readable:315:12)
    at readableAddChunk (node:internal/streams/readable:289:9)
    at TLSSocket.Readable.push (node:internal/streams/readable:228:10) {
  code: 'EAUTH',
  response: '535 Authentication Failed for support@drphysioclinic.org',
  responseCode: 535,
  command: 'AUTH PLAIN'
}
Error submitting contact form: Error: Invalid login: 535 Authentication Failed for support@drphysioclinic.org
    at SMTPConnection._formatError (/home/dlongqwm/nodevenv/site/16/lib/node_modules/nodemailer/lib/smtp-connection/index.js:798:19)
    at SMTPConnection._actionAUTHComplete (/home/dlongqwm/nodevenv/site/16/lib/node_modules/nodemailer/lib/smtp-connection/index.js:1577:34)
    at SMTPConnection.<anonymous> (/home/dlongqwm/nodevenv/site/16/lib/node_modules/nodemailer/lib/smtp-connection/index.js:554:26)
    at SMTPConnection._processResponse (/home/dlongqwm/nodevenv/site/16/lib/node_modules/nodemailer/lib/smtp-connection/index.js:982:20)
    at SMTPConnection._onData (/home/dlongqwm/nodevenv/site/16/lib/node_modules/nodemailer/lib/smtp-connection/index.js:763:14)
    at TLSSocket.SMTPConnection._onSocketData (/home/dlongqwm/nodevenv/site/16/lib/node_modules/nodemailer/lib/smtp-connection/index.js:195:44)
    at TLSSocket.emit (node:events:513:28)
    at addChunk (node:internal/streams/readable:315:12)
    at readableAddChunk (node:internal/streams/readable:289:9)
    at TLSSocket.Readable.push (node:internal/streams/readable:228:10) {
  code: 'EAUTH',
  response: '535 Authentication Failed for support@drphysioclinic.org',
  responseCode: 535,
  command: 'AUTH PLAIN'
}
Error submitting contact form: Error: Invalid login: 535 Authentication Failed for support@drphysioclinic.org
    at SMTPConnection._formatError (/home/dlongqwm/nodevenv/site/16/lib/node_modules/nodemailer/lib/smtp-connection/index.js:798:19)
    at SMTPConnection._actionAUTHComplete (/home/dlongqwm/nodevenv/site/16/lib/node_modules/nodemailer/lib/smtp-connection/index.js:1577:34)
    at SMTPConnection.<anonymous> (/home/dlongqwm/nodevenv/site/16/lib/node_modules/nodemailer/lib/smtp-connection/index.js:554:26)
    at SMTPConnection._processResponse (/home/dlongqwm/nodevenv/site/16/lib/node_modules/nodemailer/lib/smtp-connection/index.js:982:20)
    at SMTPConnection._onData (/home/dlongqwm/nodevenv/site/16/lib/node_modules/nodemailer/lib/smtp-connection/index.js:763:14)
    at TLSSocket.SMTPConnection._onSocketData (/home/dlongqwm/nodevenv/site/16/lib/node_modules/nodemailer/lib/smtp-connection/index.js:195:44)
    at TLSSocket.emit (node:events:513:28)
    at addChunk (node:internal/streams/readable:315:12)
    at readableAddChunk (node:internal/streams/readable:289:9)
    at TLSSocket.Readable.push (node:internal/streams/readable:228:10) {
  code: 'EAUTH',
  response: '535 Authentication Failed for support@drphysioclinic.org',
  responseCode: 535,
  command: 'AUTH PLAIN'
}
(node:414128) [MONGODB DRIVER] Warning: useNewUrlParser is a deprecated option: useNewUrlParser has no effect since Node.js Driver version 4.0.0 and will be removed in the next major version
(Use `node --trace-warnings ...` to show where the warning was created)
(node:414128) [MONGODB DRIVER] Warning: useUnifiedTopology is a deprecated option: useUnifiedTopology has no effect since Node.js Driver version 4.0.0 and will be removed in the next major version
(node:1192149) [MONGODB DRIVER] Warning: useNewUrlParser is a deprecated option: useNewUrlParser has no effect since Node.js Driver version 4.0.0 and will be removed in the next major version
(Use `node --trace-warnings ...` to show where the warning was created)
(node:1192149) [MONGODB DRIVER] Warning: useUnifiedTopology is a deprecated option: useUnifiedTopology has no effect since Node.js Driver version 4.0.0 and will be removed in the next major version
Error submitting contact form: Error: Invalid login: 535 Authentication Failed for support@drphysioclinic.org
    at SMTPConnection._formatError (/home/dlongqwm/nodevenv/site/16/lib/node_modules/nodemailer/lib/smtp-connection/index.js:798:19)
    at SMTPConnection._actionAUTHComplete (/home/dlongqwm/nodevenv/site/16/lib/node_modules/nodemailer/lib/smtp-connection/index.js:1577:34)
    at SMTPConnection.<anonymous> (/home/dlongqwm/nodevenv/site/16/lib/node_modules/nodemailer/lib/smtp-connection/index.js:554:26)
    at SMTPConnection._processResponse (/home/dlongqwm/nodevenv/site/16/lib/node_modules/nodemailer/lib/smtp-connection/index.js:982:20)
    at SMTPConnection._onData (/home/dlongqwm/nodevenv/site/16/lib/node_modules/nodemailer/lib/smtp-connection/index.js:763:14)
    at TLSSocket.SMTPConnection._onSocketData (/home/dlongqwm/nodevenv/site/16/lib/node_modules/nodemailer/lib/smtp-connection/index.js:195:44)
    at TLSSocket.emit (node:events:513:28)
    at addChunk (node:internal/streams/readable:315:12)
    at readableAddChunk (node:internal/streams/readable:289:9)
    at TLSSocket.Readable.push (node:internal/streams/readable:228:10) {
  code: 'EAUTH',
  response: '535 Authentication Failed for support@drphysioclinic.org',
  responseCode: 535,
  command: 'AUTH PLAIN'
}
(node:2276137) [MONGODB DRIVER] Warning: useNewUrlParser is a deprecated option: useNewUrlParser has no effect since Node.js Driver version 4.0.0 and will be removed in the next major version
(Use `node --trace-warnings ...` to show where the warning was created)
(node:2276137) [MONGODB DRIVER] Warning: useUnifiedTopology is a deprecated option: useUnifiedTopology has no effect since Node.js Driver version 4.0.0 and will be removed in the next major version
(node:3432799) [MONGODB DRIVER] Warning: useNewUrlParser is a deprecated option: useNewUrlParser has no effect since Node.js Driver version 4.0.0 and will be removed in the next major version
(Use `node --trace-warnings ...` to show where the warning was created)
(node:3432799) [MONGODB DRIVER] Warning: useUnifiedTopology is a deprecated option: useUnifiedTopology has no effect since Node.js Driver version 4.0.0 and will be removed in the next major version
Error submitting contact form: Error: Invalid login: 535 Authentication Failed for support@drphysioclinic.org
    at SMTPConnection._formatError (/home/dlongqwm/nodevenv/site/16/lib/node_modules/nodemailer/lib/smtp-connection/index.js:798:19)
    at SMTPConnection._actionAUTHComplete (/home/dlongqwm/nodevenv/site/16/lib/node_modules/nodemailer/lib/smtp-connection/index.js:1577:34)
    at SMTPConnection.<anonymous> (/home/dlongqwm/nodevenv/site/16/lib/node_modules/nodemailer/lib/smtp-connection/index.js:554:26)
    at SMTPConnection._processResponse (/home/dlongqwm/nodevenv/site/16/lib/node_modules/nodemailer/lib/smtp-connection/index.js:982:20)
    at SMTPConnection._onData (/home/dlongqwm/nodevenv/site/16/lib/node_modules/nodemailer/lib/smtp-connection/index.js:763:14)
    at TLSSocket.SMTPConnection._onSocketData (/home/dlongqwm/nodevenv/site/16/lib/node_modules/nodemailer/lib/smtp-connection/index.js:195:44)
    at TLSSocket.emit (node:events:513:28)
    at addChunk (node:internal/streams/readable:315:12)
    at readableAddChunk (node:internal/streams/readable:289:9)
    at TLSSocket.Readable.push (node:internal/streams/readable:228:10) {
  code: 'EAUTH',
  response: '535 Authentication Failed for support@drphysioclinic.org',
  responseCode: 535,
  command: 'AUTH PLAIN'
}
Error: Invalid login: 535 Authentication Failed for support@drphysioclinic.org
    at SMTPConnection._formatError (/home/dlongqwm/nodevenv/site/16/lib/node_modules/nodemailer/lib/smtp-connection/index.js:798:19)
    at SMTPConnection._actionAUTHComplete (/home/dlongqwm/nodevenv/site/16/lib/node_modules/nodemailer/lib/smtp-connection/index.js:1577:34)
    at SMTPConnection.<anonymous> (/home/dlongqwm/nodevenv/site/16/lib/node_modules/nodemailer/lib/smtp-connection/index.js:554:26)
    at SMTPConnection._processResponse (/home/dlongqwm/nodevenv/site/16/lib/node_modules/nodemailer/lib/smtp-connection/index.js:982:20)
    at SMTPConnection._onData (/home/dlongqwm/nodevenv/site/16/lib/node_modules/nodemailer/lib/smtp-connection/index.js:763:14)
    at TLSSocket.SMTPConnection._onSocketData (/home/dlongqwm/nodevenv/site/16/lib/node_modules/nodemailer/lib/smtp-connection/index.js:195:44)
    at TLSSocket.emit (node:events:513:28)
    at addChunk (node:internal/streams/readable:315:12)
    at readableAddChunk (node:internal/streams/readable:289:9)
    at TLSSocket.Readable.push (node:internal/streams/readable:228:10) {
  code: 'EAUTH',
  response: '535 Authentication Failed for support@drphysioclinic.org',
  responseCode: 535,
  command: 'AUTH PLAIN'
}
Error: Invalid login: 535 Authentication Failed for support@drphysioclinic.org
    at SMTPConnection._formatError (/home/dlongqwm/nodevenv/site/16/lib/node_modules/nodemailer/lib/smtp-connection/index.js:798:19)
    at SMTPConnection._actionAUTHComplete (/home/dlongqwm/nodevenv/site/16/lib/node_modules/nodemailer/lib/smtp-connection/index.js:1577:34)
    at SMTPConnection.<anonymous> (/home/dlongqwm/nodevenv/site/16/lib/node_modules/nodemailer/lib/smtp-connection/index.js:554:26)
    at SMTPConnection._processResponse (/home/dlongqwm/nodevenv/site/16/lib/node_modules/nodemailer/lib/smtp-connection/index.js:982:20)
    at SMTPConnection._onData (/home/dlongqwm/nodevenv/site/16/lib/node_modules/nodemailer/lib/smtp-connection/index.js:763:14)
    at TLSSocket.SMTPConnection._onSocketData (/home/dlongqwm/nodevenv/site/16/lib/node_modules/nodemailer/lib/smtp-connection/index.js:195:44)
    at TLSSocket.emit (node:events:513:28)
    at addChunk (node:internal/streams/readable:315:12)
    at readableAddChunk (node:internal/streams/readable:289:9)
    at TLSSocket.Readable.push (node:internal/streams/readable:228:10) {
  code: 'EAUTH',
  response: '535 Authentication Failed for support@drphysioclinic.org',
  responseCode: 535,
  command: 'AUTH PLAIN'
}
Error: Invalid login: 535 Authentication Failed for support@drphysioclinic.org
    at SMTPConnection._formatError (/home/dlongqwm/nodevenv/site/16/lib/node_modules/nodemailer/lib/smtp-connection/index.js:798:19)
    at SMTPConnection._actionAUTHComplete (/home/dlongqwm/nodevenv/site/16/lib/node_modules/nodemailer/lib/smtp-connection/index.js:1577:34)
    at SMTPConnection.<anonymous> (/home/dlongqwm/nodevenv/site/16/lib/node_modules/nodemailer/lib/smtp-connection/index.js:554:26)
    at SMTPConnection._processResponse (/home/dlongqwm/nodevenv/site/16/lib/node_modules/nodemailer/lib/smtp-connection/index.js:982:20)
    at SMTPConnection._onData (/home/dlongqwm/nodevenv/site/16/lib/node_modules/nodemailer/lib/smtp-connection/index.js:763:14)
    at TLSSocket.SMTPConnection._onSocketData (/home/dlongqwm/nodevenv/site/16/lib/node_modules/nodemailer/lib/smtp-connection/index.js:195:44)
    at TLSSocket.emit (node:events:513:28)
    at addChunk (node:internal/streams/readable:315:12)
    at readableAddChunk (node:internal/streams/readable:289:9)
    at TLSSocket.Readable.push (node:internal/streams/readable:228:10) {
  code: 'EAUTH',
  response: '535 Authentication Failed for support@drphysioclinic.org',
  responseCode: 535,
  command: 'AUTH PLAIN'
}
Error: Invalid login: 535 Authentication Failed for support@drphysioclinic.org
    at SMTPConnection._formatError (/home/dlongqwm/nodevenv/site/16/lib/node_modules/nodemailer/lib/smtp-connection/index.js:798:19)
    at SMTPConnection._actionAUTHComplete (/home/dlongqwm/nodevenv/site/16/lib/node_modules/nodemailer/lib/smtp-connection/index.js:1577:34)
    at SMTPConnection.<anonymous> (/home/dlongqwm/nodevenv/site/16/lib/node_modules/nodemailer/lib/smtp-connection/index.js:554:26)
    at SMTPConnection._processResponse (/home/dlongqwm/nodevenv/site/16/lib/node_modules/nodemailer/lib/smtp-connection/index.js:982:20)
    at SMTPConnection._onData (/home/dlongqwm/nodevenv/site/16/lib/node_modules/nodemailer/lib/smtp-connection/index.js:763:14)
    at TLSSocket.SMTPConnection._onSocketData (/home/dlongqwm/nodevenv/site/16/lib/node_modules/nodemailer/lib/smtp-connection/index.js:195:44)
    at TLSSocket.emit (node:events:513:28)
    at addChunk (node:internal/streams/readable:315:12)
    at readableAddChunk (node:internal/streams/readable:289:9)
    at TLSSocket.Readable.push (node:internal/streams/readable:228:10) {
  code: 'EAUTH',
  response: '535 Authentication Failed for support@drphysioclinic.org',
  responseCode: 535,
  command: 'AUTH PLAIN'
}
Error: Invalid login: 535 Authentication Failed for support@drphysioclinic.org
    at SMTPConnection._formatError (/home/dlongqwm/nodevenv/site/16/lib/node_modules/nodemailer/lib/smtp-connection/index.js:798:19)
    at SMTPConnection._actionAUTHComplete (/home/dlongqwm/nodevenv/site/16/lib/node_modules/nodemailer/lib/smtp-connection/index.js:1577:34)
    at SMTPConnection.<anonymous> (/home/dlongqwm/nodevenv/site/16/lib/node_modules/nodemailer/lib/smtp-connection/index.js:554:26)
    at SMTPConnection._processResponse (/home/dlongqwm/nodevenv/site/16/lib/node_modules/nodemailer/lib/smtp-connection/index.js:982:20)
    at SMTPConnection._onData (/home/dlongqwm/nodevenv/site/16/lib/node_modules/nodemailer/lib/smtp-connection/index.js:763:14)
    at TLSSocket.SMTPConnection._onSocketData (/home/dlongqwm/nodevenv/site/16/lib/node_modules/nodemailer/lib/smtp-connection/index.js:195:44)
    at TLSSocket.emit (node:events:513:28)
    at addChunk (node:internal/streams/readable:315:12)
    at readableAddChunk (node:internal/streams/readable:289:9)
    at TLSSocket.Readable.push (node:internal/streams/readable:228:10) {
  code: 'EAUTH',
  response: '535 Authentication Failed for support@drphysioclinic.org',
  responseCode: 535,
  command: 'AUTH PLAIN'
}
Error submitting contact form: Error: Invalid login: 535 Authentication Failed for support@drphysioclinic.org
    at SMTPConnection._formatError (/home/dlongqwm/nodevenv/site/16/lib/node_modules/nodemailer/lib/smtp-connection/index.js:798:19)
    at SMTPConnection._actionAUTHComplete (/home/dlongqwm/nodevenv/site/16/lib/node_modules/nodemailer/lib/smtp-connection/index.js:1577:34)
    at SMTPConnection.<anonymous> (/home/dlongqwm/nodevenv/site/16/lib/node_modules/nodemailer/lib/smtp-connection/index.js:554:26)
    at SMTPConnection._processResponse (/home/dlongqwm/nodevenv/site/16/lib/node_modules/nodemailer/lib/smtp-connection/index.js:982:20)
    at SMTPConnection._onData (/home/dlongqwm/nodevenv/site/16/lib/node_modules/nodemailer/lib/smtp-connection/index.js:763:14)
    at TLSSocket.SMTPConnection._onSocketData (/home/dlongqwm/nodevenv/site/16/lib/node_modules/nodemailer/lib/smtp-connection/index.js:195:44)
    at TLSSocket.emit (node:events:513:28)
    at addChunk (node:internal/streams/readable:315:12)
    at readableAddChunk (node:internal/streams/readable:289:9)
    at TLSSocket.Readable.push (node:internal/streams/readable:228:10) {
  code: 'EAUTH',
  response: '535 Authentication Failed for support@drphysioclinic.org',
  responseCode: 535,
  command: 'AUTH PLAIN'
}
Error submitting contact form: Error: Invalid login: 535 Authentication Failed for support@drphysioclinic.org
    at SMTPConnection._formatError (/home/dlongqwm/nodevenv/site/16/lib/node_modules/nodemailer/lib/smtp-connection/index.js:798:19)
    at SMTPConnection._actionAUTHComplete (/home/dlongqwm/nodevenv/site/16/lib/node_modules/nodemailer/lib/smtp-connection/index.js:1577:34)
    at SMTPConnection.<anonymous> (/home/dlongqwm/nodevenv/site/16/lib/node_modules/nodemailer/lib/smtp-connection/index.js:554:26)
    at SMTPConnection._processResponse (/home/dlongqwm/nodevenv/site/16/lib/node_modules/nodemailer/lib/smtp-connection/index.js:982:20)
    at SMTPConnection._onData (/home/dlongqwm/nodevenv/site/16/lib/node_modules/nodemailer/lib/smtp-connection/index.js:763:14)
    at TLSSocket.SMTPConnection._onSocketData (/home/dlongqwm/nodevenv/site/16/lib/node_modules/nodemailer/lib/smtp-connection/index.js:195:44)
    at TLSSocket.emit (node:events:513:28)
    at addChunk (node:internal/streams/readable:315:12)
    at readableAddChunk (node:internal/streams/readable:289:9)
    at TLSSocket.Readable.push (node:internal/streams/readable:228:10) {
  code: 'EAUTH',
  response: '535 Authentication Failed for support@drphysioclinic.org',
  responseCode: 535,
  command: 'AUTH PLAIN'
}
Error: Invalid login: 535 Authentication Failed for support@drphysioclinic.org
    at SMTPConnection._formatError (/home/dlongqwm/nodevenv/site/16/lib/node_modules/nodemailer/lib/smtp-connection/index.js:798:19)
    at SMTPConnection._actionAUTHComplete (/home/dlongqwm/nodevenv/site/16/lib/node_modules/nodemailer/lib/smtp-connection/index.js:1577:34)
    at SMTPConnection.<anonymous> (/home/dlongqwm/nodevenv/site/16/lib/node_modules/nodemailer/lib/smtp-connection/index.js:554:26)
    at SMTPConnection._processResponse (/home/dlongqwm/nodevenv/site/16/lib/node_modules/nodemailer/lib/smtp-connection/index.js:982:20)
    at SMTPConnection._onData (/home/dlongqwm/nodevenv/site/16/lib/node_modules/nodemailer/lib/smtp-connection/index.js:763:14)
    at TLSSocket.SMTPConnection._onSocketData (/home/dlongqwm/nodevenv/site/16/lib/node_modules/nodemailer/lib/smtp-connection/index.js:195:44)
    at TLSSocket.emit (node:events:513:28)
    at addChunk (node:internal/streams/readable:315:12)
    at readableAddChunk (node:internal/streams/readable:289:9)
    at TLSSocket.Readable.push (node:internal/streams/readable:228:10) {
  code: 'EAUTH',
  response: '535 Authentication Failed for support@drphysioclinic.org',
  responseCode: 535,
  command: 'AUTH PLAIN'
}
Error submitting contact form: Error: Invalid login: 535 Authentication Failed for support@drphysioclinic.org
    at SMTPConnection._formatError (/home/dlongqwm/nodevenv/site/16/lib/node_modules/nodemailer/lib/smtp-connection/index.js:798:19)
    at SMTPConnection._actionAUTHComplete (/home/dlongqwm/nodevenv/site/16/lib/node_modules/nodemailer/lib/smtp-connection/index.js:1577:34)
    at SMTPConnection.<anonymous> (/home/dlongqwm/nodevenv/site/16/lib/node_modules/nodemailer/lib/smtp-connection/index.js:554:26)
    at SMTPConnection._processResponse (/home/dlongqwm/nodevenv/site/16/lib/node_modules/nodemailer/lib/smtp-connection/index.js:982:20)
    at SMTPConnection._onData (/home/dlongqwm/nodevenv/site/16/lib/node_modules/nodemailer/lib/smtp-connection/index.js:763:14)
    at TLSSocket.SMTPConnection._onSocketData (/home/dlongqwm/nodevenv/site/16/lib/node_modules/nodemailer/lib/smtp-connection/index.js:195:44)
    at TLSSocket.emit (node:events:513:28)
    at addChunk (node:internal/streams/readable:315:12)
    at readableAddChunk (node:internal/streams/readable:289:9)
    at TLSSocket.Readable.push (node:internal/streams/readable:228:10) {
  code: 'EAUTH',
  response: '535 Authentication Failed for support@drphysioclinic.org',
  responseCode: 535,
  command: 'AUTH PLAIN'
}
Error: read ECONNRESET
    at TCP.onStreamRead (node:internal/stream_base_commons:217:20) {
  errno: -104,
  code: 'ESOCKET',
  syscall: 'read',
  command: 'CONN'
}
Error: Invalid login: 535 Authentication Failed for support@drphysioclinic.org
    at SMTPConnection._formatError (/home/dlongqwm/nodevenv/site/16/lib/node_modules/nodemailer/lib/smtp-connection/index.js:798:19)
    at SMTPConnection._actionAUTHComplete (/home/dlongqwm/nodevenv/site/16/lib/node_modules/nodemailer/lib/smtp-connection/index.js:1577:34)
    at SMTPConnection.<anonymous> (/home/dlongqwm/nodevenv/site/16/lib/node_modules/nodemailer/lib/smtp-connection/index.js:554:26)
    at SMTPConnection._processResponse (/home/dlongqwm/nodevenv/site/16/lib/node_modules/nodemailer/lib/smtp-connection/index.js:982:20)
    at SMTPConnection._onData (/home/dlongqwm/nodevenv/site/16/lib/node_modules/nodemailer/lib/smtp-connection/index.js:763:14)
    at TLSSocket.SMTPConnection._onSocketData (/home/dlongqwm/nodevenv/site/16/lib/node_modules/nodemailer/lib/smtp-connection/index.js:195:44)
    at TLSSocket.emit (node:events:513:28)
    at addChunk (node:internal/streams/readable:315:12)
    at readableAddChunk (node:internal/streams/readable:289:9)
    at TLSSocket.Readable.push (node:internal/streams/readable:228:10) {
  code: 'EAUTH',
  response: '535 Authentication Failed for support@drphysioclinic.org',
  responseCode: 535,
  command: 'AUTH PLAIN'
}
Error: Invalid login: 535 Authentication Failed for support@drphysioclinic.org
    at SMTPConnection._formatError (/home/dlongqwm/nodevenv/site/16/lib/node_modules/nodemailer/lib/smtp-connection/index.js:798:19)
    at SMTPConnection._actionAUTHComplete (/home/dlongqwm/nodevenv/site/16/lib/node_modules/nodemailer/lib/smtp-connection/index.js:1577:34)
    at SMTPConnection.<anonymous> (/home/dlongqwm/nodevenv/site/16/lib/node_modules/nodemailer/lib/smtp-connection/index.js:554:26)
    at SMTPConnection._processResponse (/home/dlongqwm/nodevenv/site/16/lib/node_modules/nodemailer/lib/smtp-connection/index.js:982:20)
    at SMTPConnection._onData (/home/dlongqwm/nodevenv/site/16/lib/node_modules/nodemailer/lib/smtp-connection/index.js:763:14)
    at TLSSocket.SMTPConnection._onSocketData (/home/dlongqwm/nodevenv/site/16/lib/node_modules/nodemailer/lib/smtp-connection/index.js:195:44)
    at TLSSocket.emit (node:events:513:28)
    at addChunk (node:internal/streams/readable:315:12)
    at readableAddChunk (node:internal/streams/readable:289:9)
    at TLSSocket.Readable.push (node:internal/streams/readable:228:10) {
  code: 'EAUTH',
  response: '535 Authentication Failed for support@drphysioclinic.org',
  responseCode: 535,
  command: 'AUTH PLAIN'
}
Error: Invalid login: 535 Authentication Failed for support@drphysioclinic.org
    at SMTPConnection._formatError (/home/dlongqwm/nodevenv/site/16/lib/node_modules/nodemailer/lib/smtp-connection/index.js:798:19)
    at SMTPConnection._actionAUTHComplete (/home/dlongqwm/nodevenv/site/16/lib/node_modules/nodemailer/lib/smtp-connection/index.js:1577:34)
    at SMTPConnection.<anonymous> (/home/dlongqwm/nodevenv/site/16/lib/node_modules/nodemailer/lib/smtp-connection/index.js:554:26)
    at SMTPConnection._processResponse (/home/dlongqwm/nodevenv/site/16/lib/node_modules/nodemailer/lib/smtp-connection/index.js:982:20)
    at SMTPConnection._onData (/home/dlongqwm/nodevenv/site/16/lib/node_modules/nodemailer/lib/smtp-connection/index.js:763:14)
    at TLSSocket.SMTPConnection._onSocketData (/home/dlongqwm/nodevenv/site/16/lib/node_modules/nodemailer/lib/smtp-connection/index.js:195:44)
    at TLSSocket.emit (node:events:513:28)
    at addChunk (node:internal/streams/readable:315:12)
    at readableAddChunk (node:internal/streams/readable:289:9)
    at TLSSocket.Readable.push (node:internal/streams/readable:228:10) {
  code: 'EAUTH',
  response: '535 Authentication Failed for support@drphysioclinic.org',
  responseCode: 535,
  command: 'AUTH PLAIN'
}
Error: Invalid login: 535 Authentication Failed for support@drphysioclinic.org
    at SMTPConnection._formatError (/home/dlongqwm/nodevenv/site/16/lib/node_modules/nodemailer/lib/smtp-connection/index.js:798:19)
    at SMTPConnection._actionAUTHComplete (/home/dlongqwm/nodevenv/site/16/lib/node_modules/nodemailer/lib/smtp-connection/index.js:1577:34)
    at SMTPConnection.<anonymous> (/home/dlongqwm/nodevenv/site/16/lib/node_modules/nodemailer/lib/smtp-connection/index.js:554:26)
    at SMTPConnection._processResponse (/home/dlongqwm/nodevenv/site/16/lib/node_modules/nodemailer/lib/smtp-connection/index.js:982:20)
    at SMTPConnection._onData (/home/dlongqwm/nodevenv/site/16/lib/node_modules/nodemailer/lib/smtp-connection/index.js:763:14)
    at TLSSocket.SMTPConnection._onSocketData (/home/dlongqwm/nodevenv/site/16/lib/node_modules/nodemailer/lib/smtp-connection/index.js:195:44)
    at TLSSocket.emit (node:events:513:28)
    at addChunk (node:internal/streams/readable:315:12)
    at readableAddChunk (node:internal/streams/readable:289:9)
    at TLSSocket.Readable.push (node:internal/streams/readable:228:10) {
  code: 'EAUTH',
  response: '535 Authentication Failed for support@drphysioclinic.org',
  responseCode: 535,
  command: 'AUTH PLAIN'
}
Error submitting contact form: Error: Invalid login: 535 Authentication Failed for support@drphysioclinic.org
    at SMTPConnection._formatError (/home/dlongqwm/nodevenv/site/16/lib/node_modules/nodemailer/lib/smtp-connection/index.js:798:19)
    at SMTPConnection._actionAUTHComplete (/home/dlongqwm/nodevenv/site/16/lib/node_modules/nodemailer/lib/smtp-connection/index.js:1577:34)
    at SMTPConnection.<anonymous> (/home/dlongqwm/nodevenv/site/16/lib/node_modules/nodemailer/lib/smtp-connection/index.js:554:26)
    at SMTPConnection._processResponse (/home/dlongqwm/nodevenv/site/16/lib/node_modules/nodemailer/lib/smtp-connection/index.js:982:20)
    at SMTPConnection._onData (/home/dlongqwm/nodevenv/site/16/lib/node_modules/nodemailer/lib/smtp-connection/index.js:763:14)
    at TLSSocket.SMTPConnection._onSocketData (/home/dlongqwm/nodevenv/site/16/lib/node_modules/nodemailer/lib/smtp-connection/index.js:195:44)
    at TLSSocket.emit (node:events:513:28)
    at addChunk (node:internal/streams/readable:315:12)
    at readableAddChunk (node:internal/streams/readable:289:9)
    at TLSSocket.Readable.push (node:internal/streams/readable:228:10) {
  code: 'EAUTH',
  response: '535 Authentication Failed for support@drphysioclinic.org',
  responseCode: 535,
  command: 'AUTH PLAIN'
}
Error submitting contact form: Error: Invalid login: 535 Authentication Failed for support@drphysioclinic.org
    at SMTPConnection._formatError (/home/dlongqwm/nodevenv/site/16/lib/node_modules/nodemailer/lib/smtp-connection/index.js:798:19)
    at SMTPConnection._actionAUTHComplete (/home/dlongqwm/nodevenv/site/16/lib/node_modules/nodemailer/lib/smtp-connection/index.js:1577:34)
    at SMTPConnection.<anonymous> (/home/dlongqwm/nodevenv/site/16/lib/node_modules/nodemailer/lib/smtp-connection/index.js:554:26)
    at SMTPConnection._processResponse (/home/dlongqwm/nodevenv/site/16/lib/node_modules/nodemailer/lib/smtp-connection/index.js:982:20)
    at SMTPConnection._onData (/home/dlongqwm/nodevenv/site/16/lib/node_modules/nodemailer/lib/smtp-connection/index.js:763:14)
    at TLSSocket.SMTPConnection._onSocketData (/home/dlongqwm/nodevenv/site/16/lib/node_modules/nodemailer/lib/smtp-connection/index.js:195:44)
    at TLSSocket.emit (node:events:513:28)
    at addChunk (node:internal/streams/readable:315:12)
    at readableAddChunk (node:internal/streams/readable:289:9)
    at TLSSocket.Readable.push (node:internal/streams/readable:228:10) {
  code: 'EAUTH',
  response: '535 Authentication Failed for support@drphysioclinic.org',
  responseCode: 535,
  command: 'AUTH PLAIN'
}
Error submitting contact form: Error: Invalid login: 535 Authentication Failed for support@drphysioclinic.org
    at SMTPConnection._formatError (/home/dlongqwm/nodevenv/site/16/lib/node_modules/nodemailer/lib/smtp-connection/index.js:798:19)
    at SMTPConnection._actionAUTHComplete (/home/dlongqwm/nodevenv/site/16/lib/node_modules/nodemailer/lib/smtp-connection/index.js:1577:34)
    at SMTPConnection.<anonymous> (/home/dlongqwm/nodevenv/site/16/lib/node_modules/nodemailer/lib/smtp-connection/index.js:554:26)
    at SMTPConnection._processResponse (/home/dlongqwm/nodevenv/site/16/lib/node_modules/nodemailer/lib/smtp-connection/index.js:982:20)
    at SMTPConnection._onData (/home/dlongqwm/nodevenv/site/16/lib/node_modules/nodemailer/lib/smtp-connection/index.js:763:14)
    at TLSSocket.SMTPConnection._onSocketData (/home/dlongqwm/nodevenv/site/16/lib/node_modules/nodemailer/lib/smtp-connection/index.js:195:44)
    at TLSSocket.emit (node:events:513:28)
    at addChunk (node:internal/streams/readable:315:12)
    at readableAddChunk (node:internal/streams/readable:289:9)
    at TLSSocket.Readable.push (node:internal/streams/readable:228:10) {
  code: 'EAUTH',
  response: '535 Authentication Failed for support@drphysioclinic.org',
  responseCode: 535,
  command: 'AUTH PLAIN'
}
Error submitting contact form: Error: Invalid login: 535 Authentication Failed for support@drphysioclinic.org
    at SMTPConnection._formatError (/home/dlongqwm/nodevenv/site/16/lib/node_modules/nodemailer/lib/smtp-connection/index.js:798:19)
    at SMTPConnection._actionAUTHComplete (/home/dlongqwm/nodevenv/site/16/lib/node_modules/nodemailer/lib/smtp-connection/index.js:1577:34)
    at SMTPConnection.<anonymous> (/home/dlongqwm/nodevenv/site/16/lib/node_modules/nodemailer/lib/smtp-connection/index.js:554:26)
    at SMTPConnection._processResponse (/home/dlongqwm/nodevenv/site/16/lib/node_modules/nodemailer/lib/smtp-connection/index.js:982:20)
    at SMTPConnection._onData (/home/dlongqwm/nodevenv/site/16/lib/node_modules/nodemailer/lib/smtp-connection/index.js:763:14)
    at TLSSocket.SMTPConnection._onSocketData (/home/dlongqwm/nodevenv/site/16/lib/node_modules/nodemailer/lib/smtp-connection/index.js:195:44)
    at TLSSocket.emit (node:events:513:28)
    at addChunk (node:internal/streams/readable:315:12)
    at readableAddChunk (node:internal/streams/readable:289:9)
    at TLSSocket.Readable.push (node:internal/streams/readable:228:10) {
  code: 'EAUTH',
  response: '535 Authentication Failed for support@drphysioclinic.org',
  responseCode: 535,
  command: 'AUTH PLAIN'
}
Error: Appointment validation failed: phoneNumber: Cast to Number failed for value "99216 22203" (type string) at path "phoneNumber"
    at ValidationError.inspect (/home/dlongqwm/nodevenv/site/16/lib/node_modules/mongoose/lib/error/validation.js:50:26)
    at formatValue (node:internal/util/inspect:806:19)
    at inspect (node:internal/util/inspect:365:10)
    at formatWithOptionsInternal (node:internal/util/inspect:2292:40)
    at formatWithOptions (node:internal/util/inspect:2154:10)
    at console.value (node:internal/console/constructor:348:14)
    at console.warn (node:internal/console/constructor:381:61)
    at /home/dlongqwm/site/server.js:96:13
    at runMicrotasks (<anonymous>)
    at processTicksAndRejections (node:internal/process/task_queues:96:5) {
  errors: {
    phoneNumber: CastError: Cast to Number failed for value "99216 22203" (type string) at path "phoneNumber"
        at SchemaNumber.cast (/home/dlongqwm/nodevenv/site/16/lib/node_modules/mongoose/lib/schema/number.js:380:11)
        at SchemaNumber.SchemaType.applySetters (/home/dlongqwm/nodevenv/site/16/lib/node_modules/mongoose/lib/schemaType.js:1236:12)
        at model.$set (/home/dlongqwm/nodevenv/site/16/lib/node_modules/mongoose/lib/document.js:1417:22)
        at model.$set (/home/dlongqwm/nodevenv/site/16/lib/node_modules/mongoose/lib/document.js:1113:16)
        at model.Document (/home/dlongqwm/nodevenv/site/16/lib/node_modules/mongoose/lib/document.js:166:12)
        at model.Model (/home/dlongqwm/nodevenv/site/16/lib/node_modules/mongoose/lib/model.js:131:12)
        at new model (/home/dlongqwm/nodevenv/site/16/lib/node_modules/mongoose/lib/model.js:4816:15)
        at /home/dlongqwm/site/server.js:75:25
        at Layer.handle [as handle_request] (/home/dlongqwm/nodevenv/site/16/lib/node_modules/express/lib/router/layer.js:95:5)
        at next (/home/dlongqwm/nodevenv/site/16/lib/node_modules/express/lib/router/route.js:149:13) {
      stringValue: '"99216 22203"',
      messageFormat: undefined,
      kind: 'Number',
      value: '99216 22203',
      path: 'phoneNumber',
      reason: AssertionError [ERR_ASSERTION]: The expression evaluated to a falsy value:
      
        assert.ok(!isNaN(val))
      
          at castNumber (/home/dlongqwm/nodevenv/site/16/lib/node_modules/mongoose/lib/cast/number.js:27:10)
          at SchemaNumber.cast (/home/dlongqwm/nodevenv/site/16/lib/node_modules/mongoose/lib/schema/number.js:378:12)
          at SchemaNumber.SchemaType.applySetters (/home/dlongqwm/nodevenv/site/16/lib/node_modules/mongoose/lib/schemaType.js:1236:12)
          at model.$set (/home/dlongqwm/nodevenv/site/16/lib/node_modules/mongoose/lib/document.js:1417:22)
          at model.$set (/home/dlongqwm/nodevenv/site/16/lib/node_modules/mongoose/lib/document.js:1113:16)
          at model.Document (/home/dlongqwm/nodevenv/site/16/lib/node_modules/mongoose/lib/document.js:166:12)
          at model.Model (/home/dlongqwm/nodevenv/site/16/lib/node_modules/mongoose/lib/model.js:131:12)
          at new model (/home/dlongqwm/nodevenv/site/16/lib/node_modules/mongoose/lib/model.js:4816:15)
          at /home/dlongqwm/site/server.js:75:25
          at Layer.handle [as handle_request] (/home/dlongqwm/nodevenv/site/16/lib/node_modules/express/lib/router/layer.js:95:5) {
        generatedMessage: true,
        code: 'ERR_ASSERTION',
        actual: false,
        expected: true,
        operator: '=='
      },
      valueType: 'string'
    }
  },
  _message: 'Appointment validation failed'
}
Error: Appointment validation failed: phoneNumber: Cast to Number failed for value "99216 22203" (type string) at path "phoneNumber"
    at ValidationError.inspect (/home/dlongqwm/nodevenv/site/16/lib/node_modules/mongoose/lib/error/validation.js:50:26)
    at formatValue (node:internal/util/inspect:806:19)
    at inspect (node:internal/util/inspect:365:10)
    at formatWithOptionsInternal (node:internal/util/inspect:2292:40)
    at formatWithOptions (node:internal/util/inspect:2154:10)
    at console.value (node:internal/console/constructor:348:14)
    at console.warn (node:internal/console/constructor:381:61)
    at /home/dlongqwm/site/server.js:96:13
    at runMicrotasks (<anonymous>)
    at processTicksAndRejections (node:internal/process/task_queues:96:5) {
  errors: {
    phoneNumber: CastError: Cast to Number failed for value "99216 22203" (type string) at path "phoneNumber"
        at SchemaNumber.cast (/home/dlongqwm/nodevenv/site/16/lib/node_modules/mongoose/lib/schema/number.js:380:11)
        at SchemaNumber.SchemaType.applySetters (/home/dlongqwm/nodevenv/site/16/lib/node_modules/mongoose/lib/schemaType.js:1236:12)
        at model.$set (/home/dlongqwm/nodevenv/site/16/lib/node_modules/mongoose/lib/document.js:1417:22)
        at model.$set (/home/dlongqwm/nodevenv/site/16/lib/node_modules/mongoose/lib/document.js:1113:16)
        at model.Document (/home/dlongqwm/nodevenv/site/16/lib/node_modules/mongoose/lib/document.js:166:12)
        at model.Model (/home/dlongqwm/nodevenv/site/16/lib/node_modules/mongoose/lib/model.js:131:12)
        at new model (/home/dlongqwm/nodevenv/site/16/lib/node_modules/mongoose/lib/model.js:4816:15)
        at /home/dlongqwm/site/server.js:75:25
        at Layer.handle [as handle_request] (/home/dlongqwm/nodevenv/site/16/lib/node_modules/express/lib/router/layer.js:95:5)
        at next (/home/dlongqwm/nodevenv/site/16/lib/node_modules/express/lib/router/route.js:149:13) {
      stringValue: '"99216 22203"',
      messageFormat: undefined,
      kind: 'Number',
      value: '99216 22203',
      path: 'phoneNumber',
      reason: AssertionError [ERR_ASSERTION]: The expression evaluated to a falsy value:
      
        assert.ok(!isNaN(val))
      
          at castNumber (/home/dlongqwm/nodevenv/site/16/lib/node_modules/mongoose/lib/cast/number.js:27:10)
          at SchemaNumber.cast (/home/dlongqwm/nodevenv/site/16/lib/node_modules/mongoose/lib/schema/number.js:378:12)
          at SchemaNumber.SchemaType.applySetters (/home/dlongqwm/nodevenv/site/16/lib/node_modules/mongoose/lib/schemaType.js:1236:12)
          at model.$set (/home/dlongqwm/nodevenv/site/16/lib/node_modules/mongoose/lib/document.js:1417:22)
          at model.$set (/home/dlongqwm/nodevenv/site/16/lib/node_modules/mongoose/lib/document.js:1113:16)
          at model.Document (/home/dlongqwm/nodevenv/site/16/lib/node_modules/mongoose/lib/document.js:166:12)
          at model.Model (/home/dlongqwm/nodevenv/site/16/lib/node_modules/mongoose/lib/model.js:131:12)
          at new model (/home/dlongqwm/nodevenv/site/16/lib/node_modules/mongoose/lib/model.js:4816:15)
          at /home/dlongqwm/site/server.js:75:25
          at Layer.handle [as handle_request] (/home/dlongqwm/nodevenv/site/16/lib/node_modules/express/lib/router/layer.js:95:5) {
        generatedMessage: true,
        code: 'ERR_ASSERTION',
        actual: false,
        expected: true,
        operator: '=='
      },
      valueType: 'string'
    }
  },
  _message: 'Appointment validation failed'
}
Error: Invalid login: 535 Authentication Failed for support@drphysioclinic.org
    at SMTPConnection._formatError (/home/dlongqwm/nodevenv/site/16/lib/node_modules/nodemailer/lib/smtp-connection/index.js:798:19)
    at SMTPConnection._actionAUTHComplete (/home/dlongqwm/nodevenv/site/16/lib/node_modules/nodemailer/lib/smtp-connection/index.js:1577:34)
    at SMTPConnection.<anonymous> (/home/dlongqwm/nodevenv/site/16/lib/node_modules/nodemailer/lib/smtp-connection/index.js:554:26)
    at SMTPConnection._processResponse (/home/dlongqwm/nodevenv/site/16/lib/node_modules/nodemailer/lib/smtp-connection/index.js:982:20)
    at SMTPConnection._onData (/home/dlongqwm/nodevenv/site/16/lib/node_modules/nodemailer/lib/smtp-connection/index.js:763:14)
    at TLSSocket.SMTPConnection._onSocketData (/home/dlongqwm/nodevenv/site/16/lib/node_modules/nodemailer/lib/smtp-connection/index.js:195:44)
    at TLSSocket.emit (node:events:513:28)
    at addChunk (node:internal/streams/readable:315:12)
    at readableAddChunk (node:internal/streams/readable:289:9)
    at TLSSocket.Readable.push (node:internal/streams/readable:228:10) {
  code: 'EAUTH',
  response: '535 Authentication Failed for support@drphysioclinic.org',
  responseCode: 535,
  command: 'AUTH PLAIN'
}
Error: Invalid login: 535 Authentication Failed for support@drphysioclinic.org
    at SMTPConnection._formatError (/home/dlongqwm/nodevenv/site/16/lib/node_modules/nodemailer/lib/smtp-connection/index.js:798:19)
    at SMTPConnection._actionAUTHComplete (/home/dlongqwm/nodevenv/site/16/lib/node_modules/nodemailer/lib/smtp-connection/index.js:1577:34)
    at SMTPConnection.<anonymous> (/home/dlongqwm/nodevenv/site/16/lib/node_modules/nodemailer/lib/smtp-connection/index.js:554:26)
    at SMTPConnection._processResponse (/home/dlongqwm/nodevenv/site/16/lib/node_modules/nodemailer/lib/smtp-connection/index.js:982:20)
    at SMTPConnection._onData (/home/dlongqwm/nodevenv/site/16/lib/node_modules/nodemailer/lib/smtp-connection/index.js:763:14)
    at TLSSocket.SMTPConnection._onSocketData (/home/dlongqwm/nodevenv/site/16/lib/node_modules/nodemailer/lib/smtp-connection/index.js:195:44)
    at TLSSocket.emit (node:events:513:28)
    at addChunk (node:internal/streams/readable:315:12)
    at readableAddChunk (node:internal/streams/readable:289:9)
    at TLSSocket.Readable.push (node:internal/streams/readable:228:10) {
  code: 'EAUTH',
  response: '535 Authentication Failed for support@drphysioclinic.org',
  responseCode: 535,
  command: 'AUTH PLAIN'
}
Error: Invalid login: 535 Authentication Failed for support@drphysioclinic.org
    at SMTPConnection._formatError (/home/dlongqwm/nodevenv/site/16/lib/node_modules/nodemailer/lib/smtp-connection/index.js:798:19)
    at SMTPConnection._actionAUTHComplete (/home/dlongqwm/nodevenv/site/16/lib/node_modules/nodemailer/lib/smtp-connection/index.js:1577:34)
    at SMTPConnection.<anonymous> (/home/dlongqwm/nodevenv/site/16/lib/node_modules/nodemailer/lib/smtp-connection/index.js:554:26)
    at SMTPConnection._processResponse (/home/dlongqwm/nodevenv/site/16/lib/node_modules/nodemailer/lib/smtp-connection/index.js:982:20)
    at SMTPConnection._onData (/home/dlongqwm/nodevenv/site/16/lib/node_modules/nodemailer/lib/smtp-connection/index.js:763:14)
    at TLSSocket.SMTPConnection._onSocketData (/home/dlongqwm/nodevenv/site/16/lib/node_modules/nodemailer/lib/smtp-connection/index.js:195:44)
    at TLSSocket.emit (node:events:513:28)
    at addChunk (node:internal/streams/readable:315:12)
    at readableAddChunk (node:internal/streams/readable:289:9)
    at TLSSocket.Readable.push (node:internal/streams/readable:228:10) {
  code: 'EAUTH',
  response: '535 Authentication Failed for support@drphysioclinic.org',
  responseCode: 535,
  command: 'AUTH PLAIN'
}
Error: Invalid login: 535 Authentication Failed for support@drphysioclinic.org
    at SMTPConnection._formatError (/home/dlongqwm/nodevenv/site/16/lib/node_modules/nodemailer/lib/smtp-connection/index.js:798:19)
    at SMTPConnection._actionAUTHComplete (/home/dlongqwm/nodevenv/site/16/lib/node_modules/nodemailer/lib/smtp-connection/index.js:1577:34)
    at SMTPConnection.<anonymous> (/home/dlongqwm/nodevenv/site/16/lib/node_modules/nodemailer/lib/smtp-connection/index.js:554:26)
    at SMTPConnection._processResponse (/home/dlongqwm/nodevenv/site/16/lib/node_modules/nodemailer/lib/smtp-connection/index.js:982:20)
    at SMTPConnection._onData (/home/dlongqwm/nodevenv/site/16/lib/node_modules/nodemailer/lib/smtp-connection/index.js:763:14)
    at TLSSocket.SMTPConnection._onSocketData (/home/dlongqwm/nodevenv/site/16/lib/node_modules/nodemailer/lib/smtp-connection/index.js:195:44)
    at TLSSocket.emit (node:events:513:28)
    at addChunk (node:internal/streams/readable:315:12)
    at readableAddChunk (node:internal/streams/readable:289:9)
    at TLSSocket.Readable.push (node:internal/streams/readable:228:10) {
  code: 'EAUTH',
  response: '535 Authentication Failed for support@drphysioclinic.org',
  responseCode: 535,
  command: 'AUTH PLAIN'
}
Error: Invalid login: 535 Authentication Failed for support@drphysioclinic.org
    at SMTPConnection._formatError (/home/dlongqwm/nodevenv/site/16/lib/node_modules/nodemailer/lib/smtp-connection/index.js:798:19)
    at SMTPConnection._actionAUTHComplete (/home/dlongqwm/nodevenv/site/16/lib/node_modules/nodemailer/lib/smtp-connection/index.js:1577:34)
    at SMTPConnection.<anonymous> (/home/dlongqwm/nodevenv/site/16/lib/node_modules/nodemailer/lib/smtp-connection/index.js:554:26)
    at SMTPConnection._processResponse (/home/dlongqwm/nodevenv/site/16/lib/node_modules/nodemailer/lib/smtp-connection/index.js:982:20)
    at SMTPConnection._onData (/home/dlongqwm/nodevenv/site/16/lib/node_modules/nodemailer/lib/smtp-connection/index.js:763:14)
    at TLSSocket.SMTPConnection._onSocketData (/home/dlongqwm/nodevenv/site/16/lib/node_modules/nodemailer/lib/smtp-connection/index.js:195:44)
    at TLSSocket.emit (node:events:513:28)
    at addChunk (node:internal/streams/readable:315:12)
    at readableAddChunk (node:internal/streams/readable:289:9)
    at TLSSocket.Readable.push (node:internal/streams/readable:228:10) {
  code: 'EAUTH',
  response: '535 Authentication Failed for support@drphysioclinic.org',
  responseCode: 535,
  command: 'AUTH PLAIN'
}
Error: Invalid login: 535 Authentication Failed for support@drphysioclinic.org
    at SMTPConnection._formatError (/home/dlongqwm/nodevenv/site/16/lib/node_modules/nodemailer/lib/smtp-connection/index.js:798:19)
    at SMTPConnection._actionAUTHComplete (/home/dlongqwm/nodevenv/site/16/lib/node_modules/nodemailer/lib/smtp-connection/index.js:1577:34)
    at SMTPConnection.<anonymous> (/home/dlongqwm/nodevenv/site/16/lib/node_modules/nodemailer/lib/smtp-connection/index.js:554:26)
    at SMTPConnection._processResponse (/home/dlongqwm/nodevenv/site/16/lib/node_modules/nodemailer/lib/smtp-connection/index.js:982:20)
    at SMTPConnection._onData (/home/dlongqwm/nodevenv/site/16/lib/node_modules/nodemailer/lib/smtp-connection/index.js:763:14)
    at TLSSocket.SMTPConnection._onSocketData (/home/dlongqwm/nodevenv/site/16/lib/node_modules/nodemailer/lib/smtp-connection/index.js:195:44)
    at TLSSocket.emit (node:events:513:28)
    at addChunk (node:internal/streams/readable:315:12)
    at readableAddChunk (node:internal/streams/readable:289:9)
    at TLSSocket.Readable.push (node:internal/streams/readable:228:10) {
  code: 'EAUTH',
  response: '535 Authentication Failed for support@drphysioclinic.org',
  responseCode: 535,
  command: 'AUTH PLAIN'
}
Error submitting contact form: Error: Invalid login: 535 Authentication Failed for support@drphysioclinic.org
    at SMTPConnection._formatError (/home/dlongqwm/nodevenv/site/16/lib/node_modules/nodemailer/lib/smtp-connection/index.js:798:19)
    at SMTPConnection._actionAUTHComplete (/home/dlongqwm/nodevenv/site/16/lib/node_modules/nodemailer/lib/smtp-connection/index.js:1577:34)
    at SMTPConnection.<anonymous> (/home/dlongqwm/nodevenv/site/16/lib/node_modules/nodemailer/lib/smtp-connection/index.js:554:26)
    at SMTPConnection._processResponse (/home/dlongqwm/nodevenv/site/16/lib/node_modules/nodemailer/lib/smtp-connection/index.js:982:20)
    at SMTPConnection._onData (/home/dlongqwm/nodevenv/site/16/lib/node_modules/nodemailer/lib/smtp-connection/index.js:763:14)
    at TLSSocket.SMTPConnection._onSocketData (/home/dlongqwm/nodevenv/site/16/lib/node_modules/nodemailer/lib/smtp-connection/index.js:195:44)
    at TLSSocket.emit (node:events:513:28)
    at addChunk (node:internal/streams/readable:315:12)
    at readableAddChunk (node:internal/streams/readable:289:9)
    at TLSSocket.Readable.push (node:internal/streams/readable:228:10) {
  code: 'EAUTH',
  response: '535 Authentication Failed for support@drphysioclinic.org',
  responseCode: 535,
  command: 'AUTH PLAIN'
}
Error submitting contact form: Error: Invalid login: 535 Authentication Failed for support@drphysioclinic.org
    at SMTPConnection._formatError (/home/dlongqwm/nodevenv/site/16/lib/node_modules/nodemailer/lib/smtp-connection/index.js:798:19)
    at SMTPConnection._actionAUTHComplete (/home/dlongqwm/nodevenv/site/16/lib/node_modules/nodemailer/lib/smtp-connection/index.js:1577:34)
    at SMTPConnection.<anonymous> (/home/dlongqwm/nodevenv/site/16/lib/node_modules/nodemailer/lib/smtp-connection/index.js:554:26)
    at SMTPConnection._processResponse (/home/dlongqwm/nodevenv/site/16/lib/node_modules/nodemailer/lib/smtp-connection/index.js:982:20)
    at SMTPConnection._onData (/home/dlongqwm/nodevenv/site/16/lib/node_modules/nodemailer/lib/smtp-connection/index.js:763:14)
    at TLSSocket.SMTPConnection._onSocketData (/home/dlongqwm/nodevenv/site/16/lib/node_modules/nodemailer/lib/smtp-connection/index.js:195:44)
    at TLSSocket.emit (node:events:513:28)
    at addChunk (node:internal/streams/readable:315:12)
    at readableAddChunk (node:internal/streams/readable:289:9)
    at TLSSocket.Readable.push (node:internal/streams/readable:228:10) {
  code: 'EAUTH',
  response: '535 Authentication Failed for support@drphysioclinic.org',
  responseCode: 535,
  command: 'AUTH PLAIN'
}
(node:1644511) [MONGODB DRIVER] Warning: useNewUrlParser is a deprecated option: useNewUrlParser has no effect since Node.js Driver version 4.0.0 and will be removed in the next major version
(Use `node --trace-warnings ...` to show where the warning was created)
(node:1644511) [MONGODB DRIVER] Warning: useUnifiedTopology is a deprecated option: useUnifiedTopology has no effect since Node.js Driver version 4.0.0 and will be removed in the next major version
Error submitting contact form: Error: Invalid login: 535 Authentication Failed for support@drphysioclinic.org
    at SMTPConnection._formatError (/home/dlongqwm/nodevenv/site/16/lib/node_modules/nodemailer/lib/smtp-connection/index.js:798:19)
    at SMTPConnection._actionAUTHComplete (/home/dlongqwm/nodevenv/site/16/lib/node_modules/nodemailer/lib/smtp-connection/index.js:1577:34)
    at SMTPConnection.<anonymous> (/home/dlongqwm/nodevenv/site/16/lib/node_modules/nodemailer/lib/smtp-connection/index.js:554:26)
    at SMTPConnection._processResponse (/home/dlongqwm/nodevenv/site/16/lib/node_modules/nodemailer/lib/smtp-connection/index.js:982:20)
    at SMTPConnection._onData (/home/dlongqwm/nodevenv/site/16/lib/node_modules/nodemailer/lib/smtp-connection/index.js:763:14)
    at TLSSocket.SMTPConnection._onSocketData (/home/dlongqwm/nodevenv/site/16/lib/node_modules/nodemailer/lib/smtp-connection/index.js:195:44)
    at TLSSocket.emit (node:events:513:28)
    at addChunk (node:internal/streams/readable:315:12)
    at readableAddChunk (node:internal/streams/readable:289:9)
    at TLSSocket.Readable.push (node:internal/streams/readable:228:10) {
  code: 'EAUTH',
  response: '535 Authentication Failed for support@drphysioclinic.org',
  responseCode: 535,
  command: 'AUTH PLAIN'
}
Error: Invalid login: 535 Authentication Failed for support@drphysioclinic.org
    at SMTPConnection._formatError (/home/dlongqwm/nodevenv/site/16/lib/node_modules/nodemailer/lib/smtp-connection/index.js:798:19)
    at SMTPConnection._actionAUTHComplete (/home/dlongqwm/nodevenv/site/16/lib/node_modules/nodemailer/lib/smtp-connection/index.js:1577:34)
    at SMTPConnection.<anonymous> (/home/dlongqwm/nodevenv/site/16/lib/node_modules/nodemailer/lib/smtp-connection/index.js:554:26)
    at SMTPConnection._processResponse (/home/dlongqwm/nodevenv/site/16/lib/node_modules/nodemailer/lib/smtp-connection/index.js:982:20)
    at SMTPConnection._onData (/home/dlongqwm/nodevenv/site/16/lib/node_modules/nodemailer/lib/smtp-connection/index.js:763:14)
    at TLSSocket.SMTPConnection._onSocketData (/home/dlongqwm/nodevenv/site/16/lib/node_modules/nodemailer/lib/smtp-connection/index.js:195:44)
    at TLSSocket.emit (node:events:513:28)
    at addChunk (node:internal/streams/readable:315:12)
    at readableAddChunk (node:internal/streams/readable:289:9)
    at TLSSocket.Readable.push (node:internal/streams/readable:228:10) {
  code: 'EAUTH',
  response: '535 Authentication Failed for support@drphysioclinic.org',
  responseCode: 535,
  command: 'AUTH PLAIN'
}
Error: Invalid login: 535 Authentication Failed for support@drphysioclinic.org
    at SMTPConnection._formatError (/home/dlongqwm/nodevenv/site/16/lib/node_modules/nodemailer/lib/smtp-connection/index.js:798:19)
    at SMTPConnection._actionAUTHComplete (/home/dlongqwm/nodevenv/site/16/lib/node_modules/nodemailer/lib/smtp-connection/index.js:1577:34)
    at SMTPConnection.<anonymous> (/home/dlongqwm/nodevenv/site/16/lib/node_modules/nodemailer/lib/smtp-connection/index.js:554:26)
    at SMTPConnection._processResponse (/home/dlongqwm/nodevenv/site/16/lib/node_modules/nodemailer/lib/smtp-connection/index.js:982:20)
    at SMTPConnection._onData (/home/dlongqwm/nodevenv/site/16/lib/node_modules/nodemailer/lib/smtp-connection/index.js:763:14)
    at TLSSocket.SMTPConnection._onSocketData (/home/dlongqwm/nodevenv/site/16/lib/node_modules/nodemailer/lib/smtp-connection/index.js:195:44)
    at TLSSocket.emit (node:events:513:28)
    at addChunk (node:internal/streams/readable:315:12)
    at readableAddChunk (node:internal/streams/readable:289:9)
    at TLSSocket.Readable.push (node:internal/streams/readable:228:10) {
  code: 'EAUTH',
  response: '535 Authentication Failed for support@drphysioclinic.org',
  responseCode: 535,
  command: 'AUTH PLAIN'
}
Error: Invalid login: 535 Authentication Failed for support@drphysioclinic.org
    at SMTPConnection._formatError (/home/dlongqwm/nodevenv/site/16/lib/node_modules/nodemailer/lib/smtp-connection/index.js:798:19)
    at SMTPConnection._actionAUTHComplete (/home/dlongqwm/nodevenv/site/16/lib/node_modules/nodemailer/lib/smtp-connection/index.js:1577:34)
    at SMTPConnection.<anonymous> (/home/dlongqwm/nodevenv/site/16/lib/node_modules/nodemailer/lib/smtp-connection/index.js:554:26)
    at SMTPConnection._processResponse (/home/dlongqwm/nodevenv/site/16/lib/node_modules/nodemailer/lib/smtp-connection/index.js:982:20)
    at SMTPConnection._onData (/home/dlongqwm/nodevenv/site/16/lib/node_modules/nodemailer/lib/smtp-connection/index.js:763:14)
    at TLSSocket.SMTPConnection._onSocketData (/home/dlongqwm/nodevenv/site/16/lib/node_modules/nodemailer/lib/smtp-connection/index.js:195:44)
    at TLSSocket.emit (node:events:513:28)
    at addChunk (node:internal/streams/readable:315:12)
    at readableAddChunk (node:internal/streams/readable:289:9)
    at TLSSocket.Readable.push (node:internal/streams/readable:228:10) {
  code: 'EAUTH',
  response: '535 Authentication Failed for support@drphysioclinic.org',
  responseCode: 535,
  command: 'AUTH PLAIN'
}
Error submitting contact form: Error: Invalid login: 535 Authentication Failed for support@drphysioclinic.org
    at SMTPConnection._formatError (/home/dlongqwm/nodevenv/site/16/lib/node_modules/nodemailer/lib/smtp-connection/index.js:798:19)
    at SMTPConnection._actionAUTHComplete (/home/dlongqwm/nodevenv/site/16/lib/node_modules/nodemailer/lib/smtp-connection/index.js:1577:34)
    at SMTPConnection.<anonymous> (/home/dlongqwm/nodevenv/site/16/lib/node_modules/nodemailer/lib/smtp-connection/index.js:554:26)
    at SMTPConnection._processResponse (/home/dlongqwm/nodevenv/site/16/lib/node_modules/nodemailer/lib/smtp-connection/index.js:982:20)
    at SMTPConnection._onData (/home/dlongqwm/nodevenv/site/16/lib/node_modules/nodemailer/lib/smtp-connection/index.js:763:14)
    at TLSSocket.SMTPConnection._onSocketData (/home/dlongqwm/nodevenv/site/16/lib/node_modules/nodemailer/lib/smtp-connection/index.js:195:44)
    at TLSSocket.emit (node:events:513:28)
    at addChunk (node:internal/streams/readable:315:12)
    at readableAddChunk (node:internal/streams/readable:289:9)
    at TLSSocket.Readable.push (node:internal/streams/readable:228:10) {
  code: 'EAUTH',
  response: '535 Authentication Failed for support@drphysioclinic.org',
  responseCode: 535,
  command: 'AUTH PLAIN'
}
Error: Invalid login: 535 Authentication Failed for support@drphysioclinic.org
    at SMTPConnection._formatError (/home/dlongqwm/nodevenv/site/16/lib/node_modules/nodemailer/lib/smtp-connection/index.js:798:19)
    at SMTPConnection._actionAUTHComplete (/home/dlongqwm/nodevenv/site/16/lib/node_modules/nodemailer/lib/smtp-connection/index.js:1577:34)
    at SMTPConnection.<anonymous> (/home/dlongqwm/nodevenv/site/16/lib/node_modules/nodemailer/lib/smtp-connection/index.js:554:26)
    at SMTPConnection._processResponse (/home/dlongqwm/nodevenv/site/16/lib/node_modules/nodemailer/lib/smtp-connection/index.js:982:20)
    at SMTPConnection._onData (/home/dlongqwm/nodevenv/site/16/lib/node_modules/nodemailer/lib/smtp-connection/index.js:763:14)
    at TLSSocket.SMTPConnection._onSocketData (/home/dlongqwm/nodevenv/site/16/lib/node_modules/nodemailer/lib/smtp-connection/index.js:195:44)
    at TLSSocket.emit (node:events:513:28)
    at addChunk (node:internal/streams/readable:315:12)
    at readableAddChunk (node:internal/streams/readable:289:9)
    at TLSSocket.Readable.push (node:internal/streams/readable:228:10) {
  code: 'EAUTH',
  response: '535 Authentication Failed for support@drphysioclinic.org',
  responseCode: 535,
  command: 'AUTH PLAIN'
}
(node:1776631) [MONGODB DRIVER] Warning: useNewUrlParser is a deprecated option: useNewUrlParser has no effect since Node.js Driver version 4.0.0 and will be removed in the next major version
(Use `node --trace-warnings ...` to show where the warning was created)
(node:1776631) [MONGODB DRIVER] Warning: useUnifiedTopology is a deprecated option: useUnifiedTopology has no effect since Node.js Driver version 4.0.0 and will be removed in the next major version
(node:1941072) [MONGODB DRIVER] Warning: useNewUrlParser is a deprecated option: useNewUrlParser has no effect since Node.js Driver version 4.0.0 and will be removed in the next major version
(Use `node --trace-warnings ...` to show where the warning was created)
(node:1941072) [MONGODB DRIVER] Warning: useUnifiedTopology is a deprecated option: useUnifiedTopology has no effect since Node.js Driver version 4.0.0 and will be removed in the next major version
Error submitting contact form: Error: Invalid login: 535 Authentication Failed for support@drphysioclinic.org
    at SMTPConnection._formatError (/home/dlongqwm/nodevenv/site/16/lib/node_modules/nodemailer/lib/smtp-connection/index.js:798:19)
    at SMTPConnection._actionAUTHComplete (/home/dlongqwm/nodevenv/site/16/lib/node_modules/nodemailer/lib/smtp-connection/index.js:1577:34)
    at SMTPConnection.<anonymous> (/home/dlongqwm/nodevenv/site/16/lib/node_modules/nodemailer/lib/smtp-connection/index.js:554:26)
    at SMTPConnection._processResponse (/home/dlongqwm/nodevenv/site/16/lib/node_modules/nodemailer/lib/smtp-connection/index.js:982:20)
    at SMTPConnection._onData (/home/dlongqwm/nodevenv/site/16/lib/node_modules/nodemailer/lib/smtp-connection/index.js:763:14)
    at TLSSocket.SMTPConnection._onSocketData (/home/dlongqwm/nodevenv/site/16/lib/node_modules/nodemailer/lib/smtp-connection/index.js:195:44)
    at TLSSocket.emit (node:events:513:28)
    at addChunk (node:internal/streams/readable:315:12)
    at readableAddChunk (node:internal/streams/readable:289:9)
    at TLSSocket.Readable.push (node:internal/streams/readable:228:10) {
  code: 'EAUTH',
  response: '535 Authentication Failed for support@drphysioclinic.org',
  responseCode: 535,
  command: 'AUTH PLAIN'
}
Error: Invalid login: 535 Authentication Failed for support@drphysioclinic.org
    at SMTPConnection._formatError (/home/dlongqwm/nodevenv/site/16/lib/node_modules/nodemailer/lib/smtp-connection/index.js:798:19)
    at SMTPConnection._actionAUTHComplete (/home/dlongqwm/nodevenv/site/16/lib/node_modules/nodemailer/lib/smtp-connection/index.js:1577:34)
    at SMTPConnection.<anonymous> (/home/dlongqwm/nodevenv/site/16/lib/node_modules/nodemailer/lib/smtp-connection/index.js:554:26)
    at SMTPConnection._processResponse (/home/dlongqwm/nodevenv/site/16/lib/node_modules/nodemailer/lib/smtp-connection/index.js:982:20)
    at SMTPConnection._onData (/home/dlongqwm/nodevenv/site/16/lib/node_modules/nodemailer/lib/smtp-connection/index.js:763:14)
    at TLSSocket.SMTPConnection._onSocketData (/home/dlongqwm/nodevenv/site/16/lib/node_modules/nodemailer/lib/smtp-connection/index.js:195:44)
    at TLSSocket.emit (node:events:513:28)
    at addChunk (node:internal/streams/readable:315:12)
    at readableAddChunk (node:internal/streams/readable:289:9)
    at TLSSocket.Readable.push (node:internal/streams/readable:228:10) {
  code: 'EAUTH',
  response: '535 Authentication Failed for support@drphysioclinic.org',
  responseCode: 535,
  command: 'AUTH PLAIN'
}
Error: Invalid login: 535 Authentication Failed for support@drphysioclinic.org
    at SMTPConnection._formatError (/home/dlongqwm/nodevenv/site/16/lib/node_modules/nodemailer/lib/smtp-connection/index.js:798:19)
    at SMTPConnection._actionAUTHComplete (/home/dlongqwm/nodevenv/site/16/lib/node_modules/nodemailer/lib/smtp-connection/index.js:1577:34)
    at SMTPConnection.<anonymous> (/home/dlongqwm/nodevenv/site/16/lib/node_modules/nodemailer/lib/smtp-connection/index.js:554:26)
    at SMTPConnection._processResponse (/home/dlongqwm/nodevenv/site/16/lib/node_modules/nodemailer/lib/smtp-connection/index.js:982:20)
    at SMTPConnection._onData (/home/dlongqwm/nodevenv/site/16/lib/node_modules/nodemailer/lib/smtp-connection/index.js:763:14)
    at TLSSocket.SMTPConnection._onSocketData (/home/dlongqwm/nodevenv/site/16/lib/node_modules/nodemailer/lib/smtp-connection/index.js:195:44)
    at TLSSocket.emit (node:events:513:28)
    at addChunk (node:internal/streams/readable:315:12)
    at readableAddChunk (node:internal/streams/readable:289:9)
    at TLSSocket.Readable.push (node:internal/streams/readable:228:10) {
  code: 'EAUTH',
  response: '535 Authentication Failed for support@drphysioclinic.org',
  responseCode: 535,
  command: 'AUTH PLAIN'
}
Error submitting contact form: Error: Invalid login: 535 Authentication Failed for support@drphysioclinic.org
    at SMTPConnection._formatError (/home/dlongqwm/nodevenv/site/16/lib/node_modules/nodemailer/lib/smtp-connection/index.js:798:19)
    at SMTPConnection._actionAUTHComplete (/home/dlongqwm/nodevenv/site/16/lib/node_modules/nodemailer/lib/smtp-connection/index.js:1577:34)
    at SMTPConnection.<anonymous> (/home/dlongqwm/nodevenv/site/16/lib/node_modules/nodemailer/lib/smtp-connection/index.js:554:26)
    at SMTPConnection._processResponse (/home/dlongqwm/nodevenv/site/16/lib/node_modules/nodemailer/lib/smtp-connection/index.js:982:20)
    at SMTPConnection._onData (/home/dlongqwm/nodevenv/site/16/lib/node_modules/nodemailer/lib/smtp-connection/index.js:763:14)
    at TLSSocket.SMTPConnection._onSocketData (/home/dlongqwm/nodevenv/site/16/lib/node_modules/nodemailer/lib/smtp-connection/index.js:195:44)
    at TLSSocket.emit (node:events:513:28)
    at addChunk (node:internal/streams/readable:315:12)
    at readableAddChunk (node:internal/streams/readable:289:9)
    at TLSSocket.Readable.push (node:internal/streams/readable:228:10) {
  code: 'EAUTH',
  response: '535 Authentication Failed for support@drphysioclinic.org',
  responseCode: 535,
  command: 'AUTH PLAIN'
}
Error: Invalid login: 535 Authentication Failed for support@drphysioclinic.org
    at SMTPConnection._formatError (/home/dlongqwm/nodevenv/site/16/lib/node_modules/nodemailer/lib/smtp-connection/index.js:798:19)
    at SMTPConnection._actionAUTHComplete (/home/dlongqwm/nodevenv/site/16/lib/node_modules/nodemailer/lib/smtp-connection/index.js:1577:34)
    at SMTPConnection.<anonymous> (/home/dlongqwm/nodevenv/site/16/lib/node_modules/nodemailer/lib/smtp-connection/index.js:554:26)
    at SMTPConnection._processResponse (/home/dlongqwm/nodevenv/site/16/lib/node_modules/nodemailer/lib/smtp-connection/index.js:982:20)
    at SMTPConnection._onData (/home/dlongqwm/nodevenv/site/16/lib/node_modules/nodemailer/lib/smtp-connection/index.js:763:14)
    at TLSSocket.SMTPConnection._onSocketData (/home/dlongqwm/nodevenv/site/16/lib/node_modules/nodemailer/lib/smtp-connection/index.js:195:44)
    at TLSSocket.emit (node:events:513:28)
    at addChunk (node:internal/streams/readable:315:12)
    at readableAddChunk (node:internal/streams/readable:289:9)
    at TLSSocket.Readable.push (node:internal/streams/readable:228:10) {
  code: 'EAUTH',
  response: '535 Authentication Failed for support@drphysioclinic.org',
  responseCode: 535,
  command: 'AUTH PLAIN'
}
Error: Appointment validation failed: phoneNumber: Cast to Number failed for value "83108 38930" (type string) at path "phoneNumber"
    at ValidationError.inspect (/home/dlongqwm/nodevenv/site/16/lib/node_modules/mongoose/lib/error/validation.js:50:26)
    at formatValue (node:internal/util/inspect:806:19)
    at inspect (node:internal/util/inspect:365:10)
    at formatWithOptionsInternal (node:internal/util/inspect:2292:40)
    at formatWithOptions (node:internal/util/inspect:2154:10)
    at console.value (node:internal/console/constructor:348:14)
    at console.warn (node:internal/console/constructor:381:61)
    at /home/dlongqwm/site/server.js:96:13
    at runMicrotasks (<anonymous>)
    at processTicksAndRejections (node:internal/process/task_queues:96:5) {
  errors: {
    phoneNumber: CastError: Cast to Number failed for value "83108 38930" (type string) at path "phoneNumber"
        at SchemaNumber.cast (/home/dlongqwm/nodevenv/site/16/lib/node_modules/mongoose/lib/schema/number.js:380:11)
        at SchemaNumber.SchemaType.applySetters (/home/dlongqwm/nodevenv/site/16/lib/node_modules/mongoose/lib/schemaType.js:1236:12)
        at model.$set (/home/dlongqwm/nodevenv/site/16/lib/node_modules/mongoose/lib/document.js:1417:22)
        at model.$set (/home/dlongqwm/nodevenv/site/16/lib/node_modules/mongoose/lib/document.js:1113:16)
        at model.Document (/home/dlongqwm/nodevenv/site/16/lib/node_modules/mongoose/lib/document.js:166:12)
        at model.Model (/home/dlongqwm/nodevenv/site/16/lib/node_modules/mongoose/lib/model.js:131:12)
        at new model (/home/dlongqwm/nodevenv/site/16/lib/node_modules/mongoose/lib/model.js:4816:15)
        at /home/dlongqwm/site/server.js:75:25
        at Layer.handle [as handle_request] (/home/dlongqwm/nodevenv/site/16/lib/node_modules/express/lib/router/layer.js:95:5)
        at next (/home/dlongqwm/nodevenv/site/16/lib/node_modules/express/lib/router/route.js:149:13) {
      stringValue: '"83108 38930"',
      messageFormat: undefined,
      kind: 'Number',
      value: '83108 38930',
      path: 'phoneNumber',
      reason: AssertionError [ERR_ASSERTION]: The expression evaluated to a falsy value:
      
        assert.ok(!isNaN(val))
      
          at castNumber (/home/dlongqwm/nodevenv/site/16/lib/node_modules/mongoose/lib/cast/number.js:27:10)
          at SchemaNumber.cast (/home/dlongqwm/nodevenv/site/16/lib/node_modules/mongoose/lib/schema/number.js:378:12)
          at SchemaNumber.SchemaType.applySetters (/home/dlongqwm/nodevenv/site/16/lib/node_modules/mongoose/lib/schemaType.js:1236:12)
          at model.$set (/home/dlongqwm/nodevenv/site/16/lib/node_modules/mongoose/lib/document.js:1417:22)
          at model.$set (/home/dlongqwm/nodevenv/site/16/lib/node_modules/mongoose/lib/document.js:1113:16)
          at model.Document (/home/dlongqwm/nodevenv/site/16/lib/node_modules/mongoose/lib/document.js:166:12)
          at model.Model (/home/dlongqwm/nodevenv/site/16/lib/node_modules/mongoose/lib/model.js:131:12)
          at new model (/home/dlongqwm/nodevenv/site/16/lib/node_modules/mongoose/lib/model.js:4816:15)
          at /home/dlongqwm/site/server.js:75:25
          at Layer.handle [as handle_request] (/home/dlongqwm/nodevenv/site/16/lib/node_modules/express/lib/router/layer.js:95:5) {
        generatedMessage: true,
        code: 'ERR_ASSERTION',
        actual: false,
        expected: true,
        operator: '=='
      },
      valueType: 'string'
    }
  },
  _message: 'Appointment validation failed'
}
Error: Invalid login: 535 Authentication Failed for support@drphysioclinic.org
    at SMTPConnection._formatError (/home/dlongqwm/nodevenv/site/16/lib/node_modules/nodemailer/lib/smtp-connection/index.js:798:19)
    at SMTPConnection._actionAUTHComplete (/home/dlongqwm/nodevenv/site/16/lib/node_modules/nodemailer/lib/smtp-connection/index.js:1577:34)
    at SMTPConnection.<anonymous> (/home/dlongqwm/nodevenv/site/16/lib/node_modules/nodemailer/lib/smtp-connection/index.js:554:26)
    at SMTPConnection._processResponse (/home/dlongqwm/nodevenv/site/16/lib/node_modules/nodemailer/lib/smtp-connection/index.js:982:20)
    at SMTPConnection._onData (/home/dlongqwm/nodevenv/site/16/lib/node_modules/nodemailer/lib/smtp-connection/index.js:763:14)
    at TLSSocket.SMTPConnection._onSocketData (/home/dlongqwm/nodevenv/site/16/lib/node_modules/nodemailer/lib/smtp-connection/index.js:195:44)
    at TLSSocket.emit (node:events:513:28)
    at addChunk (node:internal/streams/readable:315:12)
    at readableAddChunk (node:internal/streams/readable:289:9)
    at TLSSocket.Readable.push (node:internal/streams/readable:228:10) {
  code: 'EAUTH',
  response: '535 Authentication Failed for support@drphysioclinic.org',
  responseCode: 535,
  command: 'AUTH PLAIN'
}
Error: Invalid login: 535 Authentication Failed for support@drphysioclinic.org
    at SMTPConnection._formatError (/home/dlongqwm/nodevenv/site/16/lib/node_modules/nodemailer/lib/smtp-connection/index.js:798:19)
    at SMTPConnection._actionAUTHComplete (/home/dlongqwm/nodevenv/site/16/lib/node_modules/nodemailer/lib/smtp-connection/index.js:1577:34)
    at SMTPConnection.<anonymous> (/home/dlongqwm/nodevenv/site/16/lib/node_modules/nodemailer/lib/smtp-connection/index.js:554:26)
    at SMTPConnection._processResponse (/home/dlongqwm/nodevenv/site/16/lib/node_modules/nodemailer/lib/smtp-connection/index.js:982:20)
    at SMTPConnection._onData (/home/dlongqwm/nodevenv/site/16/lib/node_modules/nodemailer/lib/smtp-connection/index.js:763:14)
    at TLSSocket.SMTPConnection._onSocketData (/home/dlongqwm/nodevenv/site/16/lib/node_modules/nodemailer/lib/smtp-connection/index.js:195:44)
    at TLSSocket.emit (node:events:513:28)
    at addChunk (node:internal/streams/readable:315:12)
    at readableAddChunk (node:internal/streams/readable:289:9)
    at TLSSocket.Readable.push (node:internal/streams/readable:228:10) {
  code: 'EAUTH',
  response: '535 Authentication Failed for support@drphysioclinic.org',
  responseCode: 535,
  command: 'AUTH PLAIN'
}
Error: Invalid login: 535 Authentication Failed for support@drphysioclinic.org
    at SMTPConnection._formatError (/home/dlongqwm/nodevenv/site/16/lib/node_modules/nodemailer/lib/smtp-connection/index.js:798:19)
    at SMTPConnection._actionAUTHComplete (/home/dlongqwm/nodevenv/site/16/lib/node_modules/nodemailer/lib/smtp-connection/index.js:1577:34)
    at SMTPConnection.<anonymous> (/home/dlongqwm/nodevenv/site/16/lib/node_modules/nodemailer/lib/smtp-connection/index.js:554:26)
    at SMTPConnection._processResponse (/home/dlongqwm/nodevenv/site/16/lib/node_modules/nodemailer/lib/smtp-connection/index.js:982:20)
    at SMTPConnection._onData (/home/dlongqwm/nodevenv/site/16/lib/node_modules/nodemailer/lib/smtp-connection/index.js:763:14)
    at TLSSocket.SMTPConnection._onSocketData (/home/dlongqwm/nodevenv/site/16/lib/node_modules/nodemailer/lib/smtp-connection/index.js:195:44)
    at TLSSocket.emit (node:events:513:28)
    at addChunk (node:internal/streams/readable:315:12)
    at readableAddChunk (node:internal/streams/readable:289:9)
    at TLSSocket.Readable.push (node:internal/streams/readable:228:10) {
  code: 'EAUTH',
  response: '535 Authentication Failed for support@drphysioclinic.org',
  responseCode: 535,
  command: 'AUTH PLAIN'
}
Error submitting contact form: Error: Invalid login: 535 Authentication Failed for support@drphysioclinic.org
    at SMTPConnection._formatError (/home/dlongqwm/nodevenv/site/16/lib/node_modules/nodemailer/lib/smtp-connection/index.js:798:19)
    at SMTPConnection._actionAUTHComplete (/home/dlongqwm/nodevenv/site/16/lib/node_modules/nodemailer/lib/smtp-connection/index.js:1577:34)
    at SMTPConnection.<anonymous> (/home/dlongqwm/nodevenv/site/16/lib/node_modules/nodemailer/lib/smtp-connection/index.js:554:26)
    at SMTPConnection._processResponse (/home/dlongqwm/nodevenv/site/16/lib/node_modules/nodemailer/lib/smtp-connection/index.js:982:20)
    at SMTPConnection._onData (/home/dlongqwm/nodevenv/site/16/lib/node_modules/nodemailer/lib/smtp-connection/index.js:763:14)
    at TLSSocket.SMTPConnection._onSocketData (/home/dlongqwm/nodevenv/site/16/lib/node_modules/nodemailer/lib/smtp-connection/index.js:195:44)
    at TLSSocket.emit (node:events:513:28)
    at addChunk (node:internal/streams/readable:315:12)
    at readableAddChunk (node:internal/streams/readable:289:9)
    at TLSSocket.Readable.push (node:internal/streams/readable:228:10) {
  code: 'EAUTH',
  response: '535 Authentication Failed for support@drphysioclinic.org',
  responseCode: 535,
  command: 'AUTH PLAIN'
}
Error submitting contact form: Error: Invalid login: 535 Authentication Failed for support@drphysioclinic.org
    at SMTPConnection._formatError (/home/dlongqwm/nodevenv/site/16/lib/node_modules/nodemailer/lib/smtp-connection/index.js:798:19)
    at SMTPConnection._actionAUTHComplete (/home/dlongqwm/nodevenv/site/16/lib/node_modules/nodemailer/lib/smtp-connection/index.js:1577:34)
    at SMTPConnection.<anonymous> (/home/dlongqwm/nodevenv/site/16/lib/node_modules/nodemailer/lib/smtp-connection/index.js:554:26)
    at SMTPConnection._processResponse (/home/dlongqwm/nodevenv/site/16/lib/node_modules/nodemailer/lib/smtp-connection/index.js:982:20)
    at SMTPConnection._onData (/home/dlongqwm/nodevenv/site/16/lib/node_modules/nodemailer/lib/smtp-connection/index.js:763:14)
    at TLSSocket.SMTPConnection._onSocketData (/home/dlongqwm/nodevenv/site/16/lib/node_modules/nodemailer/lib/smtp-connection/index.js:195:44)
    at TLSSocket.emit (node:events:513:28)
    at addChunk (node:internal/streams/readable:315:12)
    at readableAddChunk (node:internal/streams/readable:289:9)
    at TLSSocket.Readable.push (node:internal/streams/readable:228:10) {
  code: 'EAUTH',
  response: '535 Authentication Failed for support@drphysioclinic.org',
  responseCode: 535,
  command: 'AUTH PLAIN'
}
Error: Invalid login: 535 Authentication Failed for support@drphysioclinic.org
    at SMTPConnection._formatError (/home/dlongqwm/nodevenv/site/16/lib/node_modules/nodemailer/lib/smtp-connection/index.js:798:19)
    at SMTPConnection._actionAUTHComplete (/home/dlongqwm/nodevenv/site/16/lib/node_modules/nodemailer/lib/smtp-connection/index.js:1577:34)
    at SMTPConnection.<anonymous> (/home/dlongqwm/nodevenv/site/16/lib/node_modules/nodemailer/lib/smtp-connection/index.js:554:26)
    at SMTPConnection._processResponse (/home/dlongqwm/nodevenv/site/16/lib/node_modules/nodemailer/lib/smtp-connection/index.js:982:20)
    at SMTPConnection._onData (/home/dlongqwm/nodevenv/site/16/lib/node_modules/nodemailer/lib/smtp-connection/index.js:763:14)
    at TLSSocket.SMTPConnection._onSocketData (/home/dlongqwm/nodevenv/site/16/lib/node_modules/nodemailer/lib/smtp-connection/index.js:195:44)
    at TLSSocket.emit (node:events:513:28)
    at addChunk (node:internal/streams/readable:315:12)
    at readableAddChunk (node:internal/streams/readable:289:9)
    at TLSSocket.Readable.push (node:internal/streams/readable:228:10) {
  code: 'EAUTH',
  response: '535 Authentication Failed for support@drphysioclinic.org',
  responseCode: 535,
  command: 'AUTH PLAIN'
}
Error submitting contact form: Error: Invalid login: 535 Authentication Failed for support@drphysioclinic.org
    at SMTPConnection._formatError (/home/dlongqwm/nodevenv/site/16/lib/node_modules/nodemailer/lib/smtp-connection/index.js:798:19)
    at SMTPConnection._actionAUTHComplete (/home/dlongqwm/nodevenv/site/16/lib/node_modules/nodemailer/lib/smtp-connection/index.js:1577:34)
    at SMTPConnection.<anonymous> (/home/dlongqwm/nodevenv/site/16/lib/node_modules/nodemailer/lib/smtp-connection/index.js:554:26)
    at SMTPConnection._processResponse (/home/dlongqwm/nodevenv/site/16/lib/node_modules/nodemailer/lib/smtp-connection/index.js:982:20)
    at SMTPConnection._onData (/home/dlongqwm/nodevenv/site/16/lib/node_modules/nodemailer/lib/smtp-connection/index.js:763:14)
    at TLSSocket.SMTPConnection._onSocketData (/home/dlongqwm/nodevenv/site/16/lib/node_modules/nodemailer/lib/smtp-connection/index.js:195:44)
    at TLSSocket.emit (node:events:513:28)
    at addChunk (node:internal/streams/readable:315:12)
    at readableAddChunk (node:internal/streams/readable:289:9)
    at TLSSocket.Readable.push (node:internal/streams/readable:228:10) {
  code: 'EAUTH',
  response: '535 Authentication Failed for support@drphysioclinic.org',
  responseCode: 535,
  command: 'AUTH PLAIN'
}
Error: Appointment validation failed: phoneNumber: Cast to Number failed for value "+91 98192 99413" (type string) at path "phoneNumber"
    at ValidationError.inspect (/home/dlongqwm/nodevenv/site/16/lib/node_modules/mongoose/lib/error/validation.js:50:26)
    at formatValue (node:internal/util/inspect:806:19)
    at inspect (node:internal/util/inspect:365:10)
    at formatWithOptionsInternal (node:internal/util/inspect:2292:40)
    at formatWithOptions (node:internal/util/inspect:2154:10)
    at console.value (node:internal/console/constructor:348:14)
    at console.warn (node:internal/console/constructor:381:61)
    at /home/dlongqwm/site/server.js:96:13
    at runMicrotasks (<anonymous>)
    at processTicksAndRejections (node:internal/process/task_queues:96:5) {
  errors: {
    phoneNumber: CastError: Cast to Number failed for value "+91 98192 99413" (type string) at path "phoneNumber"
        at SchemaNumber.cast (/home/dlongqwm/nodevenv/site/16/lib/node_modules/mongoose/lib/schema/number.js:380:11)
        at SchemaNumber.SchemaType.applySetters (/home/dlongqwm/nodevenv/site/16/lib/node_modules/mongoose/lib/schemaType.js:1236:12)
        at model.$set (/home/dlongqwm/nodevenv/site/16/lib/node_modules/mongoose/lib/document.js:1417:22)
        at model.$set (/home/dlongqwm/nodevenv/site/16/lib/node_modules/mongoose/lib/document.js:1113:16)
        at model.Document (/home/dlongqwm/nodevenv/site/16/lib/node_modules/mongoose/lib/document.js:166:12)
        at model.Model (/home/dlongqwm/nodevenv/site/16/lib/node_modules/mongoose/lib/model.js:131:12)
        at new model (/home/dlongqwm/nodevenv/site/16/lib/node_modules/mongoose/lib/model.js:4816:15)
        at /home/dlongqwm/site/server.js:75:25
        at Layer.handle [as handle_request] (/home/dlongqwm/nodevenv/site/16/lib/node_modules/express/lib/router/layer.js:95:5)
        at next (/home/dlongqwm/nodevenv/site/16/lib/node_modules/express/lib/router/route.js:149:13) {
      stringValue: '"+91 98192 99413"',
      messageFormat: undefined,
      kind: 'Number',
      value: '+91 98192 99413',
      path: 'phoneNumber',
      reason: AssertionError [ERR_ASSERTION]: The expression evaluated to a falsy value:
      
        assert.ok(!isNaN(val))
      
          at castNumber (/home/dlongqwm/nodevenv/site/16/lib/node_modules/mongoose/lib/cast/number.js:27:10)
          at SchemaNumber.cast (/home/dlongqwm/nodevenv/site/16/lib/node_modules/mongoose/lib/schema/number.js:378:12)
          at SchemaNumber.SchemaType.applySetters (/home/dlongqwm/nodevenv/site/16/lib/node_modules/mongoose/lib/schemaType.js:1236:12)
          at model.$set (/home/dlongqwm/nodevenv/site/16/lib/node_modules/mongoose/lib/document.js:1417:22)
          at model.$set (/home/dlongqwm/nodevenv/site/16/lib/node_modules/mongoose/lib/document.js:1113:16)
          at model.Document (/home/dlongqwm/nodevenv/site/16/lib/node_modules/mongoose/lib/document.js:166:12)
          at model.Model (/home/dlongqwm/nodevenv/site/16/lib/node_modules/mongoose/lib/model.js:131:12)
          at new model (/home/dlongqwm/nodevenv/site/16/lib/node_modules/mongoose/lib/model.js:4816:15)
          at /home/dlongqwm/site/server.js:75:25
          at Layer.handle [as handle_request] (/home/dlongqwm/nodevenv/site/16/lib/node_modules/express/lib/router/layer.js:95:5) {
        generatedMessage: true,
        code: 'ERR_ASSERTION',
        actual: false,
        expected: true,
        operator: '=='
      },
      valueType: 'string'
    }
  },
  _message: 'Appointment validation failed'
}
Error: Invalid login: 535 Authentication Failed for support@drphysioclinic.org
    at SMTPConnection._formatError (/home/dlongqwm/nodevenv/site/16/lib/node_modules/nodemailer/lib/smtp-connection/index.js:798:19)
    at SMTPConnection._actionAUTHComplete (/home/dlongqwm/nodevenv/site/16/lib/node_modules/nodemailer/lib/smtp-connection/index.js:1577:34)
    at SMTPConnection.<anonymous> (/home/dlongqwm/nodevenv/site/16/lib/node_modules/nodemailer/lib/smtp-connection/index.js:554:26)
    at SMTPConnection._processResponse (/home/dlongqwm/nodevenv/site/16/lib/node_modules/nodemailer/lib/smtp-connection/index.js:982:20)
    at SMTPConnection._onData (/home/dlongqwm/nodevenv/site/16/lib/node_modules/nodemailer/lib/smtp-connection/index.js:763:14)
    at TLSSocket.SMTPConnection._onSocketData (/home/dlongqwm/nodevenv/site/16/lib/node_modules/nodemailer/lib/smtp-connection/index.js:195:44)
    at TLSSocket.emit (node:events:513:28)
    at addChunk (node:internal/streams/readable:315:12)
    at readableAddChunk (node:internal/streams/readable:289:9)
    at TLSSocket.Readable.push (node:internal/streams/readable:228:10) {
  code: 'EAUTH',
  response: '535 Authentication Failed for support@drphysioclinic.org',
  responseCode: 535,
  command: 'AUTH PLAIN'
}
Error: Invalid login: 535 Authentication Failed for support@drphysioclinic.org
    at SMTPConnection._formatError (/home/dlongqwm/nodevenv/site/16/lib/node_modules/nodemailer/lib/smtp-connection/index.js:798:19)
    at SMTPConnection._actionAUTHComplete (/home/dlongqwm/nodevenv/site/16/lib/node_modules/nodemailer/lib/smtp-connection/index.js:1577:34)
    at SMTPConnection.<anonymous> (/home/dlongqwm/nodevenv/site/16/lib/node_modules/nodemailer/lib/smtp-connection/index.js:554:26)
    at SMTPConnection._processResponse (/home/dlongqwm/nodevenv/site/16/lib/node_modules/nodemailer/lib/smtp-connection/index.js:982:20)
    at SMTPConnection._onData (/home/dlongqwm/nodevenv/site/16/lib/node_modules/nodemailer/lib/smtp-connection/index.js:763:14)
    at TLSSocket.SMTPConnection._onSocketData (/home/dlongqwm/nodevenv/site/16/lib/node_modules/nodemailer/lib/smtp-connection/index.js:195:44)
    at TLSSocket.emit (node:events:513:28)
    at addChunk (node:internal/streams/readable:315:12)
    at readableAddChunk (node:internal/streams/readable:289:9)
    at TLSSocket.Readable.push (node:internal/streams/readable:228:10) {
  code: 'EAUTH',
  response: '535 Authentication Failed for support@drphysioclinic.org',
  responseCode: 535,
  command: 'AUTH PLAIN'
}
Error: Appointment validation failed: phoneNumber: Cast to Number failed for value "82205 40023 " (type string) at path "phoneNumber"
    at ValidationError.inspect (/home/dlongqwm/nodevenv/site/16/lib/node_modules/mongoose/lib/error/validation.js:50:26)
    at formatValue (node:internal/util/inspect:806:19)
    at inspect (node:internal/util/inspect:365:10)
    at formatWithOptionsInternal (node:internal/util/inspect:2292:40)
    at formatWithOptions (node:internal/util/inspect:2154:10)
    at console.value (node:internal/console/constructor:348:14)
    at console.warn (node:internal/console/constructor:381:61)
    at /home/dlongqwm/site/server.js:96:13
    at runMicrotasks (<anonymous>)
    at processTicksAndRejections (node:internal/process/task_queues:96:5) {
  errors: {
    phoneNumber: CastError: Cast to Number failed for value "82205 40023 " (type string) at path "phoneNumber"
        at SchemaNumber.cast (/home/dlongqwm/nodevenv/site/16/lib/node_modules/mongoose/lib/schema/number.js:380:11)
        at SchemaNumber.SchemaType.applySetters (/home/dlongqwm/nodevenv/site/16/lib/node_modules/mongoose/lib/schemaType.js:1236:12)
        at model.$set (/home/dlongqwm/nodevenv/site/16/lib/node_modules/mongoose/lib/document.js:1417:22)
        at model.$set (/home/dlongqwm/nodevenv/site/16/lib/node_modules/mongoose/lib/document.js:1113:16)
        at model.Document (/home/dlongqwm/nodevenv/site/16/lib/node_modules/mongoose/lib/document.js:166:12)
        at model.Model (/home/dlongqwm/nodevenv/site/16/lib/node_modules/mongoose/lib/model.js:131:12)
        at new model (/home/dlongqwm/nodevenv/site/16/lib/node_modules/mongoose/lib/model.js:4816:15)
        at /home/dlongqwm/site/server.js:75:25
        at Layer.handle [as handle_request] (/home/dlongqwm/nodevenv/site/16/lib/node_modules/express/lib/router/layer.js:95:5)
        at next (/home/dlongqwm/nodevenv/site/16/lib/node_modules/express/lib/router/route.js:149:13) {
      stringValue: '"82205 40023 "',
      messageFormat: undefined,
      kind: 'Number',
      value: '82205 40023 ',
      path: 'phoneNumber',
      reason: AssertionError [ERR_ASSERTION]: The expression evaluated to a falsy value:
      
        assert.ok(!isNaN(val))
      
          at castNumber (/home/dlongqwm/nodevenv/site/16/lib/node_modules/mongoose/lib/cast/number.js:27:10)
          at SchemaNumber.cast (/home/dlongqwm/nodevenv/site/16/lib/node_modules/mongoose/lib/schema/number.js:378:12)
          at SchemaNumber.SchemaType.applySetters (/home/dlongqwm/nodevenv/site/16/lib/node_modules/mongoose/lib/schemaType.js:1236:12)
          at model.$set (/home/dlongqwm/nodevenv/site/16/lib/node_modules/mongoose/lib/document.js:1417:22)
          at model.$set (/home/dlongqwm/nodevenv/site/16/lib/node_modules/mongoose/lib/document.js:1113:16)
          at model.Document (/home/dlongqwm/nodevenv/site/16/lib/node_modules/mongoose/lib/document.js:166:12)
          at model.Model (/home/dlongqwm/nodevenv/site/16/lib/node_modules/mongoose/lib/model.js:131:12)
          at new model (/home/dlongqwm/nodevenv/site/16/lib/node_modules/mongoose/lib/model.js:4816:15)
          at /home/dlongqwm/site/server.js:75:25
          at Layer.handle [as handle_request] (/home/dlongqwm/nodevenv/site/16/lib/node_modules/express/lib/router/layer.js:95:5) {
        generatedMessage: true,
        code: 'ERR_ASSERTION',
        actual: false,
        expected: true,
        operator: '=='
      },
      valueType: 'string'
    }
  },
  _message: 'Appointment validation failed'
}
Error: Invalid login: 535 Authentication Failed for support@drphysioclinic.org
    at SMTPConnection._formatError (/home/dlongqwm/nodevenv/site/16/lib/node_modules/nodemailer/lib/smtp-connection/index.js:798:19)
    at SMTPConnection._actionAUTHComplete (/home/dlongqwm/nodevenv/site/16/lib/node_modules/nodemailer/lib/smtp-connection/index.js:1577:34)
    at SMTPConnection.<anonymous> (/home/dlongqwm/nodevenv/site/16/lib/node_modules/nodemailer/lib/smtp-connection/index.js:554:26)
    at SMTPConnection._processResponse (/home/dlongqwm/nodevenv/site/16/lib/node_modules/nodemailer/lib/smtp-connection/index.js:982:20)
    at SMTPConnection._onData (/home/dlongqwm/nodevenv/site/16/lib/node_modules/nodemailer/lib/smtp-connection/index.js:763:14)
    at TLSSocket.SMTPConnection._onSocketData (/home/dlongqwm/nodevenv/site/16/lib/node_modules/nodemailer/lib/smtp-connection/index.js:195:44)
    at TLSSocket.emit (node:events:513:28)
    at addChunk (node:internal/streams/readable:315:12)
    at readableAddChunk (node:internal/streams/readable:289:9)
    at TLSSocket.Readable.push (node:internal/streams/readable:228:10) {
  code: 'EAUTH',
  response: '535 Authentication Failed for support@drphysioclinic.org',
  responseCode: 535,
  command: 'AUTH PLAIN'
}
(node:322791) [MONGODB DRIVER] Warning: useNewUrlParser is a deprecated option: useNewUrlParser has no effect since Node.js Driver version 4.0.0 and will be removed in the next major version
(Use `node --trace-warnings ...` to show where the warning was created)
(node:322791) [MONGODB DRIVER] Warning: useUnifiedTopology is a deprecated option: useUnifiedTopology has no effect since Node.js Driver version 4.0.0 and will be removed in the next major version
(node:501742) [MONGODB DRIVER] Warning: useNewUrlParser is a deprecated option: useNewUrlParser has no effect since Node.js Driver version 4.0.0 and will be removed in the next major version
(Use `node --trace-warnings ...` to show where the warning was created)
(node:501742) [MONGODB DRIVER] Warning: useUnifiedTopology is a deprecated option: useUnifiedTopology has no effect since Node.js Driver version 4.0.0 and will be removed in the next major version
(node:3147134) [MONGODB DRIVER] Warning: useNewUrlParser is a deprecated option: useNewUrlParser has no effect since Node.js Driver version 4.0.0 and will be removed in the next major version
(Use `node --trace-warnings ...` to show where the warning was created)
(node:3147134) [MONGODB DRIVER] Warning: useUnifiedTopology is a deprecated option: useUnifiedTopology has no effect since Node.js Driver version 4.0.0 and will be removed in the next major version
Error submitting contact form: Error: read ECONNRESET
    at TCP.onStreamRead (node:internal/stream_base_commons:217:20) {
  errno: -104,
  code: 'ESOCKET',
  syscall: 'read',
  command: 'CONN'
}
Error: read ECONNRESET
    at TCP.onStreamRead (node:internal/stream_base_commons:217:20) {
  errno: -104,
  code: 'ESOCKET',
  syscall: 'read',
  command: 'CONN'
}
Error: Appointment validation failed: phoneNumber: Cast to Number failed for value "85558 79647" (type string) at path "phoneNumber"
    at ValidationError.inspect (/home/dlongqwm/nodevenv/site/16/lib/node_modules/mongoose/lib/error/validation.js:50:26)
    at formatValue (node:internal/util/inspect:806:19)
    at inspect (node:internal/util/inspect:365:10)
    at formatWithOptionsInternal (node:internal/util/inspect:2292:40)
    at formatWithOptions (node:internal/util/inspect:2154:10)
    at console.value (node:internal/console/constructor:348:14)
    at console.warn (node:internal/console/constructor:381:61)
    at /home/dlongqwm/site/server.js:96:13
    at runMicrotasks (<anonymous>)
    at processTicksAndRejections (node:internal/process/task_queues:96:5) {
  errors: {
    phoneNumber: CastError: Cast to Number failed for value "85558 79647" (type string) at path "phoneNumber"
        at SchemaNumber.cast (/home/dlongqwm/nodevenv/site/16/lib/node_modules/mongoose/lib/schema/number.js:380:11)
        at SchemaNumber.SchemaType.applySetters (/home/dlongqwm/nodevenv/site/16/lib/node_modules/mongoose/lib/schemaType.js:1236:12)
        at model.$set (/home/dlongqwm/nodevenv/site/16/lib/node_modules/mongoose/lib/document.js:1417:22)
        at model.$set (/home/dlongqwm/nodevenv/site/16/lib/node_modules/mongoose/lib/document.js:1113:16)
        at model.Document (/home/dlongqwm/nodevenv/site/16/lib/node_modules/mongoose/lib/document.js:166:12)
        at model.Model (/home/dlongqwm/nodevenv/site/16/lib/node_modules/mongoose/lib/model.js:131:12)
        at new model (/home/dlongqwm/nodevenv/site/16/lib/node_modules/mongoose/lib/model.js:4816:15)
        at /home/dlongqwm/site/server.js:75:25
        at Layer.handle [as handle_request] (/home/dlongqwm/nodevenv/site/16/lib/node_modules/express/lib/router/layer.js:95:5)
        at next (/home/dlongqwm/nodevenv/site/16/lib/node_modules/express/lib/router/route.js:149:13) {
      stringValue: '"85558 79647"',
      messageFormat: undefined,
      kind: 'Number',
      value: '85558 79647',
      path: 'phoneNumber',
      reason: AssertionError [ERR_ASSERTION]: The expression evaluated to a falsy value:
      
        assert.ok(!isNaN(val))
      
          at castNumber (/home/dlongqwm/nodevenv/site/16/lib/node_modules/mongoose/lib/cast/number.js:27:10)
          at SchemaNumber.cast (/home/dlongqwm/nodevenv/site/16/lib/node_modules/mongoose/lib/schema/number.js:378:12)
          at SchemaNumber.SchemaType.applySetters (/home/dlongqwm/nodevenv/site/16/lib/node_modules/mongoose/lib/schemaType.js:1236:12)
          at model.$set (/home/dlongqwm/nodevenv/site/16/lib/node_modules/mongoose/lib/document.js:1417:22)
          at model.$set (/home/dlongqwm/nodevenv/site/16/lib/node_modules/mongoose/lib/document.js:1113:16)
          at model.Document (/home/dlongqwm/nodevenv/site/16/lib/node_modules/mongoose/lib/document.js:166:12)
          at model.Model (/home/dlongqwm/nodevenv/site/16/lib/node_modules/mongoose/lib/model.js:131:12)
          at new model (/home/dlongqwm/nodevenv/site/16/lib/node_modules/mongoose/lib/model.js:4816:15)
          at /home/dlongqwm/site/server.js:75:25
          at Layer.handle [as handle_request] (/home/dlongqwm/nodevenv/site/16/lib/node_modules/express/lib/router/layer.js:95:5) {
        generatedMessage: true,
        code: 'ERR_ASSERTION',
        actual: false,
        expected: true,
        operator: '=='
      },
      valueType: 'string'
    }
  },
  _message: 'Appointment validation failed'
}
Error: Appointment validation failed: phoneNumber: Cast to Number failed for value "88701 04220" (type string) at path "phoneNumber"
    at ValidationError.inspect (/home/dlongqwm/nodevenv/site/16/lib/node_modules/mongoose/lib/error/validation.js:50:26)
    at formatValue (node:internal/util/inspect:806:19)
    at inspect (node:internal/util/inspect:365:10)
    at formatWithOptionsInternal (node:internal/util/inspect:2292:40)
    at formatWithOptions (node:internal/util/inspect:2154:10)
    at console.value (node:internal/console/constructor:348:14)
    at console.warn (node:internal/console/constructor:381:61)
    at /home/dlongqwm/site/server.js:96:13
    at runMicrotasks (<anonymous>)
    at processTicksAndRejections (node:internal/process/task_queues:96:5) {
  errors: {
    phoneNumber: CastError: Cast to Number failed for value "88701 04220" (type string) at path "phoneNumber"
        at SchemaNumber.cast (/home/dlongqwm/nodevenv/site/16/lib/node_modules/mongoose/lib/schema/number.js:380:11)
        at SchemaNumber.SchemaType.applySetters (/home/dlongqwm/nodevenv/site/16/lib/node_modules/mongoose/lib/schemaType.js:1236:12)
        at model.$set (/home/dlongqwm/nodevenv/site/16/lib/node_modules/mongoose/lib/document.js:1417:22)
        at model.$set (/home/dlongqwm/nodevenv/site/16/lib/node_modules/mongoose/lib/document.js:1113:16)
        at model.Document (/home/dlongqwm/nodevenv/site/16/lib/node_modules/mongoose/lib/document.js:166:12)
        at model.Model (/home/dlongqwm/nodevenv/site/16/lib/node_modules/mongoose/lib/model.js:131:12)
        at new model (/home/dlongqwm/nodevenv/site/16/lib/node_modules/mongoose/lib/model.js:4816:15)
        at /home/dlongqwm/site/server.js:75:25
        at Layer.handle [as handle_request] (/home/dlongqwm/nodevenv/site/16/lib/node_modules/express/lib/router/layer.js:95:5)
        at next (/home/dlongqwm/nodevenv/site/16/lib/node_modules/express/lib/router/route.js:149:13) {
      stringValue: '"88701 04220"',
      messageFormat: undefined,
      kind: 'Number',
      value: '88701 04220',
      path: 'phoneNumber',
      reason: AssertionError [ERR_ASSERTION]: The expression evaluated to a falsy value:
      
        assert.ok(!isNaN(val))
      
          at castNumber (/home/dlongqwm/nodevenv/site/16/lib/node_modules/mongoose/lib/cast/number.js:27:10)
          at SchemaNumber.cast (/home/dlongqwm/nodevenv/site/16/lib/node_modules/mongoose/lib/schema/number.js:378:12)
          at SchemaNumber.SchemaType.applySetters (/home/dlongqwm/nodevenv/site/16/lib/node_modules/mongoose/lib/schemaType.js:1236:12)
          at model.$set (/home/dlongqwm/nodevenv/site/16/lib/node_modules/mongoose/lib/document.js:1417:22)
          at model.$set (/home/dlongqwm/nodevenv/site/16/lib/node_modules/mongoose/lib/document.js:1113:16)
          at model.Document (/home/dlongqwm/nodevenv/site/16/lib/node_modules/mongoose/lib/document.js:166:12)
          at model.Model (/home/dlongqwm/nodevenv/site/16/lib/node_modules/mongoose/lib/model.js:131:12)
          at new model (/home/dlongqwm/nodevenv/site/16/lib/node_modules/mongoose/lib/model.js:4816:15)
          at /home/dlongqwm/site/server.js:75:25
          at Layer.handle [as handle_request] (/home/dlongqwm/nodevenv/site/16/lib/node_modules/express/lib/router/layer.js:95:5) {
        generatedMessage: true,
        code: 'ERR_ASSERTION',
        actual: false,
        expected: true,
        operator: '=='
      },
      valueType: 'string'
    }
  },
  _message: 'Appointment validation failed'
}
Error: Appointment validation failed: phoneNumber: Cast to Number failed for value "88701 04220" (type string) at path "phoneNumber"
    at ValidationError.inspect (/home/dlongqwm/nodevenv/site/16/lib/node_modules/mongoose/lib/error/validation.js:50:26)
    at formatValue (node:internal/util/inspect:806:19)
    at inspect (node:internal/util/inspect:365:10)
    at formatWithOptionsInternal (node:internal/util/inspect:2292:40)
    at formatWithOptions (node:internal/util/inspect:2154:10)
    at console.value (node:internal/console/constructor:348:14)
    at console.warn (node:internal/console/constructor:381:61)
    at /home/dlongqwm/site/server.js:96:13
    at runMicrotasks (<anonymous>)
    at processTicksAndRejections (node:internal/process/task_queues:96:5) {
  errors: {
    phoneNumber: CastError: Cast to Number failed for value "88701 04220" (type string) at path "phoneNumber"
        at SchemaNumber.cast (/home/dlongqwm/nodevenv/site/16/lib/node_modules/mongoose/lib/schema/number.js:380:11)
        at SchemaNumber.SchemaType.applySetters (/home/dlongqwm/nodevenv/site/16/lib/node_modules/mongoose/lib/schemaType.js:1236:12)
        at model.$set (/home/dlongqwm/nodevenv/site/16/lib/node_modules/mongoose/lib/document.js:1417:22)
        at model.$set (/home/dlongqwm/nodevenv/site/16/lib/node_modules/mongoose/lib/document.js:1113:16)
        at model.Document (/home/dlongqwm/nodevenv/site/16/lib/node_modules/mongoose/lib/document.js:166:12)
        at model.Model (/home/dlongqwm/nodevenv/site/16/lib/node_modules/mongoose/lib/model.js:131:12)
        at new model (/home/dlongqwm/nodevenv/site/16/lib/node_modules/mongoose/lib/model.js:4816:15)
        at /home/dlongqwm/site/server.js:75:25
        at Layer.handle [as handle_request] (/home/dlongqwm/nodevenv/site/16/lib/node_modules/express/lib/router/layer.js:95:5)
        at next (/home/dlongqwm/nodevenv/site/16/lib/node_modules/express/lib/router/route.js:149:13) {
      stringValue: '"88701 04220"',
      messageFormat: undefined,
      kind: 'Number',
      value: '88701 04220',
      path: 'phoneNumber',
      reason: AssertionError [ERR_ASSERTION]: The expression evaluated to a falsy value:
      
        assert.ok(!isNaN(val))
      
          at castNumber (/home/dlongqwm/nodevenv/site/16/lib/node_modules/mongoose/lib/cast/number.js:27:10)
          at SchemaNumber.cast (/home/dlongqwm/nodevenv/site/16/lib/node_modules/mongoose/lib/schema/number.js:378:12)
          at SchemaNumber.SchemaType.applySetters (/home/dlongqwm/nodevenv/site/16/lib/node_modules/mongoose/lib/schemaType.js:1236:12)
          at model.$set (/home/dlongqwm/nodevenv/site/16/lib/node_modules/mongoose/lib/document.js:1417:22)
          at model.$set (/home/dlongqwm/nodevenv/site/16/lib/node_modules/mongoose/lib/document.js:1113:16)
          at model.Document (/home/dlongqwm/nodevenv/site/16/lib/node_modules/mongoose/lib/document.js:166:12)
          at model.Model (/home/dlongqwm/nodevenv/site/16/lib/node_modules/mongoose/lib/model.js:131:12)
          at new model (/home/dlongqwm/nodevenv/site/16/lib/node_modules/mongoose/lib/model.js:4816:15)
          at /home/dlongqwm/site/server.js:75:25
          at Layer.handle [as handle_request] (/home/dlongqwm/nodevenv/site/16/lib/node_modules/express/lib/router/layer.js:95:5) {
        generatedMessage: true,
        code: 'ERR_ASSERTION',
        actual: false,
        expected: true,
        operator: '=='
      },
      valueType: 'string'
    }
  },
  _message: 'Appointment validation failed'
}
Error: Invalid login: 535 Authentication Failed for support@drphysioclinic.org
    at SMTPConnection._formatError (/home/dlongqwm/nodevenv/site/16/lib/node_modules/nodemailer/lib/smtp-connection/index.js:798:19)
    at SMTPConnection._actionAUTHComplete (/home/dlongqwm/nodevenv/site/16/lib/node_modules/nodemailer/lib/smtp-connection/index.js:1577:34)
    at SMTPConnection.<anonymous> (/home/dlongqwm/nodevenv/site/16/lib/node_modules/nodemailer/lib/smtp-connection/index.js:554:26)
    at SMTPConnection._processResponse (/home/dlongqwm/nodevenv/site/16/lib/node_modules/nodemailer/lib/smtp-connection/index.js:982:20)
    at SMTPConnection._onData (/home/dlongqwm/nodevenv/site/16/lib/node_modules/nodemailer/lib/smtp-connection/index.js:763:14)
    at TLSSocket.SMTPConnection._onSocketData (/home/dlongqwm/nodevenv/site/16/lib/node_modules/nodemailer/lib/smtp-connection/index.js:195:44)
    at TLSSocket.emit (node:events:513:28)
    at addChunk (node:internal/streams/readable:315:12)
    at readableAddChunk (node:internal/streams/readable:289:9)
    at TLSSocket.Readable.push (node:internal/streams/readable:228:10) {
  code: 'EAUTH',
  response: '535 Authentication Failed for support@drphysioclinic.org',
  responseCode: 535,
  command: 'AUTH PLAIN'
}
Error: Invalid login: 535 Authentication Failed for support@drphysioclinic.org
    at SMTPConnection._formatError (/home/dlongqwm/nodevenv/site/16/lib/node_modules/nodemailer/lib/smtp-connection/index.js:798:19)
    at SMTPConnection._actionAUTHComplete (/home/dlongqwm/nodevenv/site/16/lib/node_modules/nodemailer/lib/smtp-connection/index.js:1577:34)
    at SMTPConnection.<anonymous> (/home/dlongqwm/nodevenv/site/16/lib/node_modules/nodemailer/lib/smtp-connection/index.js:554:26)
    at SMTPConnection._processResponse (/home/dlongqwm/nodevenv/site/16/lib/node_modules/nodemailer/lib/smtp-connection/index.js:982:20)
    at SMTPConnection._onData (/home/dlongqwm/nodevenv/site/16/lib/node_modules/nodemailer/lib/smtp-connection/index.js:763:14)
    at TLSSocket.SMTPConnection._onSocketData (/home/dlongqwm/nodevenv/site/16/lib/node_modules/nodemailer/lib/smtp-connection/index.js:195:44)
    at TLSSocket.emit (node:events:513:28)
    at addChunk (node:internal/streams/readable:315:12)
    at readableAddChunk (node:internal/streams/readable:289:9)
    at TLSSocket.Readable.push (node:internal/streams/readable:228:10) {
  code: 'EAUTH',
  response: '535 Authentication Failed for support@drphysioclinic.org',
  responseCode: 535,
  command: 'AUTH PLAIN'
}
Error submitting contact form: Error: Invalid login: 535 Authentication Failed for support@drphysioclinic.org
    at SMTPConnection._formatError (/home/dlongqwm/nodevenv/site/16/lib/node_modules/nodemailer/lib/smtp-connection/index.js:798:19)
    at SMTPConnection._actionAUTHComplete (/home/dlongqwm/nodevenv/site/16/lib/node_modules/nodemailer/lib/smtp-connection/index.js:1577:34)
    at SMTPConnection.<anonymous> (/home/dlongqwm/nodevenv/site/16/lib/node_modules/nodemailer/lib/smtp-connection/index.js:554:26)
    at SMTPConnection._processResponse (/home/dlongqwm/nodevenv/site/16/lib/node_modules/nodemailer/lib/smtp-connection/index.js:982:20)
    at SMTPConnection._onData (/home/dlongqwm/nodevenv/site/16/lib/node_modules/nodemailer/lib/smtp-connection/index.js:763:14)
    at TLSSocket.SMTPConnection._onSocketData (/home/dlongqwm/nodevenv/site/16/lib/node_modules/nodemailer/lib/smtp-connection/index.js:195:44)
    at TLSSocket.emit (node:events:513:28)
    at addChunk (node:internal/streams/readable:315:12)
    at readableAddChunk (node:internal/streams/readable:289:9)
    at TLSSocket.Readable.push (node:internal/streams/readable:228:10) {
  code: 'EAUTH',
  response: '535 Authentication Failed for support@drphysioclinic.org',
  responseCode: 535,
  command: 'AUTH PLAIN'
}
Error: Invalid login: 535 Authentication Failed for support@drphysioclinic.org
    at SMTPConnection._formatError (/home/dlongqwm/nodevenv/site/16/lib/node_modules/nodemailer/lib/smtp-connection/index.js:798:19)
    at SMTPConnection._actionAUTHComplete (/home/dlongqwm/nodevenv/site/16/lib/node_modules/nodemailer/lib/smtp-connection/index.js:1577:34)
    at SMTPConnection.<anonymous> (/home/dlongqwm/nodevenv/site/16/lib/node_modules/nodemailer/lib/smtp-connection/index.js:554:26)
    at SMTPConnection._processResponse (/home/dlongqwm/nodevenv/site/16/lib/node_modules/nodemailer/lib/smtp-connection/index.js:982:20)
    at SMTPConnection._onData (/home/dlongqwm/nodevenv/site/16/lib/node_modules/nodemailer/lib/smtp-connection/index.js:763:14)
    at TLSSocket.SMTPConnection._onSocketData (/home/dlongqwm/nodevenv/site/16/lib/node_modules/nodemailer/lib/smtp-connection/index.js:195:44)
    at TLSSocket.emit (node:events:513:28)
    at addChunk (node:internal/streams/readable:315:12)
    at readableAddChunk (node:internal/streams/readable:289:9)
    at TLSSocket.Readable.push (node:internal/streams/readable:228:10) {
  code: 'EAUTH',
  response: '535 Authentication Failed for support@drphysioclinic.org',
  responseCode: 535,
  command: 'AUTH PLAIN'
}
Error: Invalid login: 535 Authentication Failed for support@drphysioclinic.org
    at SMTPConnection._formatError (/home/dlongqwm/nodevenv/site/16/lib/node_modules/nodemailer/lib/smtp-connection/index.js:798:19)
    at SMTPConnection._actionAUTHComplete (/home/dlongqwm/nodevenv/site/16/lib/node_modules/nodemailer/lib/smtp-connection/index.js:1577:34)
    at SMTPConnection.<anonymous> (/home/dlongqwm/nodevenv/site/16/lib/node_modules/nodemailer/lib/smtp-connection/index.js:554:26)
    at SMTPConnection._processResponse (/home/dlongqwm/nodevenv/site/16/lib/node_modules/nodemailer/lib/smtp-connection/index.js:982:20)
    at SMTPConnection._onData (/home/dlongqwm/nodevenv/site/16/lib/node_modules/nodemailer/lib/smtp-connection/index.js:763:14)
    at TLSSocket.SMTPConnection._onSocketData (/home/dlongqwm/nodevenv/site/16/lib/node_modules/nodemailer/lib/smtp-connection/index.js:195:44)
    at TLSSocket.emit (node:events:513:28)
    at addChunk (node:internal/streams/readable:315:12)
    at readableAddChunk (node:internal/streams/readable:289:9)
    at TLSSocket.Readable.push (node:internal/streams/readable:228:10) {
  code: 'EAUTH',
  response: '535 Authentication Failed for support@drphysioclinic.org',
  responseCode: 535,
  command: 'AUTH PLAIN'
}
Error submitting contact form: Error: Connection timeout
    at SMTPConnection._formatError (/home/dlongqwm/nodevenv/site/16/lib/node_modules/nodemailer/lib/smtp-connection/index.js:798:19)
    at SMTPConnection._onError (/home/dlongqwm/nodevenv/site/16/lib/node_modules/nodemailer/lib/smtp-connection/index.js:784:20)
    at Timeout.<anonymous> (/home/dlongqwm/nodevenv/site/16/lib/node_modules/nodemailer/lib/smtp-connection/index.js:237:22)
    at listOnTimeout (node:internal/timers:559:17)
    at processTimers (node:internal/timers:502:7) {
  code: 'ETIMEDOUT',
  command: 'CONN'
}
Error submitting contact form: Error: Connection timeout
    at SMTPConnection._formatError (/home/dlongqwm/nodevenv/site/16/lib/node_modules/nodemailer/lib/smtp-connection/index.js:798:19)
    at SMTPConnection._onError (/home/dlongqwm/nodevenv/site/16/lib/node_modules/nodemailer/lib/smtp-connection/index.js:784:20)
    at Timeout.<anonymous> (/home/dlongqwm/nodevenv/site/16/lib/node_modules/nodemailer/lib/smtp-connection/index.js:237:22)
    at listOnTimeout (node:internal/timers:559:17)
    at processTimers (node:internal/timers:502:7) {
  code: 'ETIMEDOUT',
  command: 'CONN'
}
Error submitting contact form: Error: Connection timeout
    at SMTPConnection._formatError (/home/dlongqwm/nodevenv/site/16/lib/node_modules/nodemailer/lib/smtp-connection/index.js:798:19)
    at SMTPConnection._onError (/home/dlongqwm/nodevenv/site/16/lib/node_modules/nodemailer/lib/smtp-connection/index.js:784:20)
    at Timeout.<anonymous> (/home/dlongqwm/nodevenv/site/16/lib/node_modules/nodemailer/lib/smtp-connection/index.js:237:22)
    at listOnTimeout (node:internal/timers:559:17)
    at processTimers (node:internal/timers:502:7) {
  code: 'ETIMEDOUT',
  command: 'CONN'
}
Error submitting contact form: Error: Connection timeout
    at SMTPConnection._formatError (/home/dlongqwm/nodevenv/site/16/lib/node_modules/nodemailer/lib/smtp-connection/index.js:798:19)
    at SMTPConnection._onError (/home/dlongqwm/nodevenv/site/16/lib/node_modules/nodemailer/lib/smtp-connection/index.js:784:20)
    at Timeout.<anonymous> (/home/dlongqwm/nodevenv/site/16/lib/node_modules/nodemailer/lib/smtp-connection/index.js:237:22)
    at listOnTimeout (node:internal/timers:559:17)
    at processTimers (node:internal/timers:502:7) {
  code: 'ETIMEDOUT',
  command: 'CONN'
}
Error submitting contact form: Error: Connection timeout
    at SMTPConnection._formatError (/home/dlongqwm/nodevenv/site/16/lib/node_modules/nodemailer/lib/smtp-connection/index.js:798:19)
    at SMTPConnection._onError (/home/dlongqwm/nodevenv/site/16/lib/node_modules/nodemailer/lib/smtp-connection/index.js:784:20)
    at Timeout.<anonymous> (/home/dlongqwm/nodevenv/site/16/lib/node_modules/nodemailer/lib/smtp-connection/index.js:237:22)
    at listOnTimeout (node:internal/timers:559:17)
    at processTimers (node:internal/timers:502:7) {
  code: 'ETIMEDOUT',
  command: 'CONN'
}
Error submitting contact form: Error: Connection timeout
    at SMTPConnection._formatError (/home/dlongqwm/nodevenv/site/16/lib/node_modules/nodemailer/lib/smtp-connection/index.js:798:19)
    at SMTPConnection._onError (/home/dlongqwm/nodevenv/site/16/lib/node_modules/nodemailer/lib/smtp-connection/index.js:784:20)
    at Timeout.<anonymous> (/home/dlongqwm/nodevenv/site/16/lib/node_modules/nodemailer/lib/smtp-connection/index.js:237:22)
    at listOnTimeout (node:internal/timers:559:17)
    at processTimers (node:internal/timers:502:7) {
  code: 'ETIMEDOUT',
  command: 'CONN'
}
Error submitting contact form: Error: Connection timeout
    at SMTPConnection._formatError (/home/dlongqwm/nodevenv/site/16/lib/node_modules/nodemailer/lib/smtp-connection/index.js:798:19)
    at SMTPConnection._onError (/home/dlongqwm/nodevenv/site/16/lib/node_modules/nodemailer/lib/smtp-connection/index.js:784:20)
    at Timeout.<anonymous> (/home/dlongqwm/nodevenv/site/16/lib/node_modules/nodemailer/lib/smtp-connection/index.js:237:22)
    at listOnTimeout (node:internal/timers:559:17)
    at processTimers (node:internal/timers:502:7) {
  code: 'ETIMEDOUT',
  command: 'CONN'
}
Error: Connection timeout
    at SMTPConnection._formatError (/home/dlongqwm/nodevenv/site/16/lib/node_modules/nodemailer/lib/smtp-connection/index.js:798:19)
    at SMTPConnection._onError (/home/dlongqwm/nodevenv/site/16/lib/node_modules/nodemailer/lib/smtp-connection/index.js:784:20)
    at Timeout.<anonymous> (/home/dlongqwm/nodevenv/site/16/lib/node_modules/nodemailer/lib/smtp-connection/index.js:237:22)
    at listOnTimeout (node:internal/timers:559:17)
    at processTimers (node:internal/timers:502:7) {
  code: 'ETIMEDOUT',
  command: 'CONN'
}
Error: Connection timeout
    at SMTPConnection._formatError (/home/dlongqwm/nodevenv/site/16/lib/node_modules/nodemailer/lib/smtp-connection/index.js:798:19)
    at SMTPConnection._onError (/home/dlongqwm/nodevenv/site/16/lib/node_modules/nodemailer/lib/smtp-connection/index.js:784:20)
    at Timeout.<anonymous> (/home/dlongqwm/nodevenv/site/16/lib/node_modules/nodemailer/lib/smtp-connection/index.js:237:22)
    at listOnTimeout (node:internal/timers:559:17)
    at processTimers (node:internal/timers:502:7) {
  code: 'ETIMEDOUT',
  command: 'CONN'
}
Error: Invalid login: 535 Authentication Failed for support@drphysioclinic.org
    at SMTPConnection._formatError (/home/dlongqwm/nodevenv/site/16/lib/node_modules/nodemailer/lib/smtp-connection/index.js:798:19)
    at SMTPConnection._actionAUTHComplete (/home/dlongqwm/nodevenv/site/16/lib/node_modules/nodemailer/lib/smtp-connection/index.js:1577:34)
    at SMTPConnection.<anonymous> (/home/dlongqwm/nodevenv/site/16/lib/node_modules/nodemailer/lib/smtp-connection/index.js:554:26)
    at SMTPConnection._processResponse (/home/dlongqwm/nodevenv/site/16/lib/node_modules/nodemailer/lib/smtp-connection/index.js:982:20)
    at SMTPConnection._onData (/home/dlongqwm/nodevenv/site/16/lib/node_modules/nodemailer/lib/smtp-connection/index.js:763:14)
    at TLSSocket.SMTPConnection._onSocketData (/home/dlongqwm/nodevenv/site/16/lib/node_modules/nodemailer/lib/smtp-connection/index.js:195:44)
    at TLSSocket.emit (node:events:513:28)
    at addChunk (node:internal/streams/readable:315:12)
    at readableAddChunk (node:internal/streams/readable:289:9)
    at TLSSocket.Readable.push (node:internal/streams/readable:228:10) {
  code: 'EAUTH',
  response: '535 Authentication Failed for support@drphysioclinic.org',
  responseCode: 535,
  command: 'AUTH PLAIN'
}
Error: Invalid login: 535 Authentication Failed for support@drphysioclinic.org
    at SMTPConnection._formatError (/home/dlongqwm/nodevenv/site/16/lib/node_modules/nodemailer/lib/smtp-connection/index.js:798:19)
    at SMTPConnection._actionAUTHComplete (/home/dlongqwm/nodevenv/site/16/lib/node_modules/nodemailer/lib/smtp-connection/index.js:1577:34)
    at SMTPConnection.<anonymous> (/home/dlongqwm/nodevenv/site/16/lib/node_modules/nodemailer/lib/smtp-connection/index.js:554:26)
    at SMTPConnection._processResponse (/home/dlongqwm/nodevenv/site/16/lib/node_modules/nodemailer/lib/smtp-connection/index.js:982:20)
    at SMTPConnection._onData (/home/dlongqwm/nodevenv/site/16/lib/node_modules/nodemailer/lib/smtp-connection/index.js:763:14)
    at TLSSocket.SMTPConnection._onSocketData (/home/dlongqwm/nodevenv/site/16/lib/node_modules/nodemailer/lib/smtp-connection/index.js:195:44)
    at TLSSocket.emit (node:events:513:28)
    at addChunk (node:internal/streams/readable:315:12)
    at readableAddChunk (node:internal/streams/readable:289:9)
    at TLSSocket.Readable.push (node:internal/streams/readable:228:10) {
  code: 'EAUTH',
  response: '535 Authentication Failed for support@drphysioclinic.org',
  responseCode: 535,
  command: 'AUTH PLAIN'
}
Error: Invalid login: 535 Authentication Failed for support@drphysioclinic.org
    at SMTPConnection._formatError (/home/dlongqwm/nodevenv/site/16/lib/node_modules/nodemailer/lib/smtp-connection/index.js:798:19)
    at SMTPConnection._actionAUTHComplete (/home/dlongqwm/nodevenv/site/16/lib/node_modules/nodemailer/lib/smtp-connection/index.js:1577:34)
    at SMTPConnection.<anonymous> (/home/dlongqwm/nodevenv/site/16/lib/node_modules/nodemailer/lib/smtp-connection/index.js:554:26)
    at SMTPConnection._processResponse (/home/dlongqwm/nodevenv/site/16/lib/node_modules/nodemailer/lib/smtp-connection/index.js:982:20)
    at SMTPConnection._onData (/home/dlongqwm/nodevenv/site/16/lib/node_modules/nodemailer/lib/smtp-connection/index.js:763:14)
    at TLSSocket.SMTPConnection._onSocketData (/home/dlongqwm/nodevenv/site/16/lib/node_modules/nodemailer/lib/smtp-connection/index.js:195:44)
    at TLSSocket.emit (node:events:513:28)
    at addChunk (node:internal/streams/readable:315:12)
    at readableAddChunk (node:internal/streams/readable:289:9)
    at TLSSocket.Readable.push (node:internal/streams/readable:228:10) {
  code: 'EAUTH',
  response: '535 Authentication Failed for support@drphysioclinic.org',
  responseCode: 535,
  command: 'AUTH PLAIN'
}
Error: Invalid login: 535 Authentication Failed for support@drphysioclinic.org
    at SMTPConnection._formatError (/home/dlongqwm/nodevenv/site/16/lib/node_modules/nodemailer/lib/smtp-connection/index.js:798:19)
    at SMTPConnection._actionAUTHComplete (/home/dlongqwm/nodevenv/site/16/lib/node_modules/nodemailer/lib/smtp-connection/index.js:1577:34)
    at SMTPConnection.<anonymous> (/home/dlongqwm/nodevenv/site/16/lib/node_modules/nodemailer/lib/smtp-connection/index.js:554:26)
    at SMTPConnection._processResponse (/home/dlongqwm/nodevenv/site/16/lib/node_modules/nodemailer/lib/smtp-connection/index.js:982:20)
    at SMTPConnection._onData (/home/dlongqwm/nodevenv/site/16/lib/node_modules/nodemailer/lib/smtp-connection/index.js:763:14)
    at TLSSocket.SMTPConnection._onSocketData (/home/dlongqwm/nodevenv/site/16/lib/node_modules/nodemailer/lib/smtp-connection/index.js:195:44)
    at TLSSocket.emit (node:events:513:28)
    at addChunk (node:internal/streams/readable:315:12)
    at readableAddChunk (node:internal/streams/readable:289:9)
    at TLSSocket.Readable.push (node:internal/streams/readable:228:10) {
  code: 'EAUTH',
  response: '535 Authentication Failed for support@drphysioclinic.org',
  responseCode: 535,
  command: 'AUTH PLAIN'
}
Error: Invalid login: 535 Authentication Failed for support@drphysioclinic.org
    at SMTPConnection._formatError (/home/dlongqwm/nodevenv/site/16/lib/node_modules/nodemailer/lib/smtp-connection/index.js:798:19)
    at SMTPConnection._actionAUTHComplete (/home/dlongqwm/nodevenv/site/16/lib/node_modules/nodemailer/lib/smtp-connection/index.js:1577:34)
    at SMTPConnection.<anonymous> (/home/dlongqwm/nodevenv/site/16/lib/node_modules/nodemailer/lib/smtp-connection/index.js:554:26)
    at SMTPConnection._processResponse (/home/dlongqwm/nodevenv/site/16/lib/node_modules/nodemailer/lib/smtp-connection/index.js:982:20)
    at SMTPConnection._onData (/home/dlongqwm/nodevenv/site/16/lib/node_modules/nodemailer/lib/smtp-connection/index.js:763:14)
    at TLSSocket.SMTPConnection._onSocketData (/home/dlongqwm/nodevenv/site/16/lib/node_modules/nodemailer/lib/smtp-connection/index.js:195:44)
    at TLSSocket.emit (node:events:513:28)
    at addChunk (node:internal/streams/readable:315:12)
    at readableAddChunk (node:internal/streams/readable:289:9)
    at TLSSocket.Readable.push (node:internal/streams/readable:228:10) {
  code: 'EAUTH',
  response: '535 Authentication Failed for support@drphysioclinic.org',
  responseCode: 535,
  command: 'AUTH PLAIN'
}
Error: Invalid login: 535 Authentication Failed for support@drphysioclinic.org
    at SMTPConnection._formatError (/home/dlongqwm/nodevenv/site/16/lib/node_modules/nodemailer/lib/smtp-connection/index.js:798:19)
    at SMTPConnection._actionAUTHComplete (/home/dlongqwm/nodevenv/site/16/lib/node_modules/nodemailer/lib/smtp-connection/index.js:1577:34)
    at SMTPConnection.<anonymous> (/home/dlongqwm/nodevenv/site/16/lib/node_modules/nodemailer/lib/smtp-connection/index.js:554:26)
    at SMTPConnection._processResponse (/home/dlongqwm/nodevenv/site/16/lib/node_modules/nodemailer/lib/smtp-connection/index.js:982:20)
    at SMTPConnection._onData (/home/dlongqwm/nodevenv/site/16/lib/node_modules/nodemailer/lib/smtp-connection/index.js:763:14)
    at TLSSocket.SMTPConnection._onSocketData (/home/dlongqwm/nodevenv/site/16/lib/node_modules/nodemailer/lib/smtp-connection/index.js:195:44)
    at TLSSocket.emit (node:events:513:28)
    at addChunk (node:internal/streams/readable:315:12)
    at readableAddChunk (node:internal/streams/readable:289:9)
    at TLSSocket.Readable.push (node:internal/streams/readable:228:10) {
  code: 'EAUTH',
  response: '535 Authentication Failed for support@drphysioclinic.org',
  responseCode: 535,
  command: 'AUTH PLAIN'
}
Error: Invalid login: 535 Authentication Failed for support@drphysioclinic.org
    at SMTPConnection._formatError (/home/dlongqwm/nodevenv/site/16/lib/node_modules/nodemailer/lib/smtp-connection/index.js:798:19)
    at SMTPConnection._actionAUTHComplete (/home/dlongqwm/nodevenv/site/16/lib/node_modules/nodemailer/lib/smtp-connection/index.js:1577:34)
    at SMTPConnection.<anonymous> (/home/dlongqwm/nodevenv/site/16/lib/node_modules/nodemailer/lib/smtp-connection/index.js:554:26)
    at SMTPConnection._processResponse (/home/dlongqwm/nodevenv/site/16/lib/node_modules/nodemailer/lib/smtp-connection/index.js:982:20)
    at SMTPConnection._onData (/home/dlongqwm/nodevenv/site/16/lib/node_modules/nodemailer/lib/smtp-connection/index.js:763:14)
    at TLSSocket.SMTPConnection._onSocketData (/home/dlongqwm/nodevenv/site/16/lib/node_modules/nodemailer/lib/smtp-connection/index.js:195:44)
    at TLSSocket.emit (node:events:513:28)
    at addChunk (node:internal/streams/readable:315:12)
    at readableAddChunk (node:internal/streams/readable:289:9)
    at TLSSocket.Readable.push (node:internal/streams/readable:228:10) {
  code: 'EAUTH',
  response: '535 Authentication Failed for support@drphysioclinic.org',
  responseCode: 535,
  command: 'AUTH PLAIN'
}
Error submitting contact form: Error: Invalid login: 535 Authentication Failed for support@drphysioclinic.org
    at SMTPConnection._formatError (/home/dlongqwm/nodevenv/site/16/lib/node_modules/nodemailer/lib/smtp-connection/index.js:798:19)
    at SMTPConnection._actionAUTHComplete (/home/dlongqwm/nodevenv/site/16/lib/node_modules/nodemailer/lib/smtp-connection/index.js:1577:34)
    at SMTPConnection.<anonymous> (/home/dlongqwm/nodevenv/site/16/lib/node_modules/nodemailer/lib/smtp-connection/index.js:554:26)
    at SMTPConnection._processResponse (/home/dlongqwm/nodevenv/site/16/lib/node_modules/nodemailer/lib/smtp-connection/index.js:982:20)
    at SMTPConnection._onData (/home/dlongqwm/nodevenv/site/16/lib/node_modules/nodemailer/lib/smtp-connection/index.js:763:14)
    at TLSSocket.SMTPConnection._onSocketData (/home/dlongqwm/nodevenv/site/16/lib/node_modules/nodemailer/lib/smtp-connection/index.js:195:44)
    at TLSSocket.emit (node:events:513:28)
    at addChunk (node:internal/streams/readable:315:12)
    at readableAddChunk (node:internal/streams/readable:289:9)
    at TLSSocket.Readable.push (node:internal/streams/readable:228:10) {
  code: 'EAUTH',
  response: '535 Authentication Failed for support@drphysioclinic.org',
  responseCode: 535,
  command: 'AUTH PLAIN'
}
Error submitting contact form: Error: read ECONNRESET
    at TCP.onStreamRead (node:internal/stream_base_commons:217:20) {
  errno: -104,
  code: 'ESOCKET',
  syscall: 'read',
  command: 'CONN'
}
Error: Invalid login: 535 Authentication Failed for support@drphysioclinic.org
    at SMTPConnection._formatError (/home/dlongqwm/nodevenv/site/16/lib/node_modules/nodemailer/lib/smtp-connection/index.js:798:19)
    at SMTPConnection._actionAUTHComplete (/home/dlongqwm/nodevenv/site/16/lib/node_modules/nodemailer/lib/smtp-connection/index.js:1577:34)
    at SMTPConnection.<anonymous> (/home/dlongqwm/nodevenv/site/16/lib/node_modules/nodemailer/lib/smtp-connection/index.js:554:26)
    at SMTPConnection._processResponse (/home/dlongqwm/nodevenv/site/16/lib/node_modules/nodemailer/lib/smtp-connection/index.js:982:20)
    at SMTPConnection._onData (/home/dlongqwm/nodevenv/site/16/lib/node_modules/nodemailer/lib/smtp-connection/index.js:763:14)
    at TLSSocket.SMTPConnection._onSocketData (/home/dlongqwm/nodevenv/site/16/lib/node_modules/nodemailer/lib/smtp-connection/index.js:195:44)
    at TLSSocket.emit (node:events:513:28)
    at addChunk (node:internal/streams/readable:315:12)
    at readableAddChunk (node:internal/streams/readable:289:9)
    at TLSSocket.Readable.push (node:internal/streams/readable:228:10) {
  code: 'EAUTH',
  response: '535 Authentication Failed for support@drphysioclinic.org',
  responseCode: 535,
  command: 'AUTH PLAIN'
}
Error: Appointment validation failed: phoneNumber: Cast to Number failed for value "88676 91226" (type string) at path "phoneNumber"
    at ValidationError.inspect (/home/dlongqwm/nodevenv/site/16/lib/node_modules/mongoose/lib/error/validation.js:50:26)
    at formatValue (node:internal/util/inspect:806:19)
    at inspect (node:internal/util/inspect:365:10)
    at formatWithOptionsInternal (node:internal/util/inspect:2292:40)
    at formatWithOptions (node:internal/util/inspect:2154:10)
    at console.value (node:internal/console/constructor:348:14)
    at console.warn (node:internal/console/constructor:381:61)
    at /home/dlongqwm/site/server.js:96:13
    at runMicrotasks (<anonymous>)
    at processTicksAndRejections (node:internal/process/task_queues:96:5) {
  errors: {
    phoneNumber: CastError: Cast to Number failed for value "88676 91226" (type string) at path "phoneNumber"
        at SchemaNumber.cast (/home/dlongqwm/nodevenv/site/16/lib/node_modules/mongoose/lib/schema/number.js:380:11)
        at SchemaNumber.SchemaType.applySetters (/home/dlongqwm/nodevenv/site/16/lib/node_modules/mongoose/lib/schemaType.js:1236:12)
        at model.$set (/home/dlongqwm/nodevenv/site/16/lib/node_modules/mongoose/lib/document.js:1417:22)
        at model.$set (/home/dlongqwm/nodevenv/site/16/lib/node_modules/mongoose/lib/document.js:1113:16)
        at model.Document (/home/dlongqwm/nodevenv/site/16/lib/node_modules/mongoose/lib/document.js:166:12)
        at model.Model (/home/dlongqwm/nodevenv/site/16/lib/node_modules/mongoose/lib/model.js:131:12)
        at new model (/home/dlongqwm/nodevenv/site/16/lib/node_modules/mongoose/lib/model.js:4816:15)
        at /home/dlongqwm/site/server.js:75:25
        at Layer.handle [as handle_request] (/home/dlongqwm/nodevenv/site/16/lib/node_modules/express/lib/router/layer.js:95:5)
        at next (/home/dlongqwm/nodevenv/site/16/lib/node_modules/express/lib/router/route.js:149:13) {
      stringValue: '"88676 91226"',
      messageFormat: undefined,
      kind: 'Number',
      value: '88676 91226',
      path: 'phoneNumber',
      reason: AssertionError [ERR_ASSERTION]: The expression evaluated to a falsy value:
      
        assert.ok(!isNaN(val))
      
          at castNumber (/home/dlongqwm/nodevenv/site/16/lib/node_modules/mongoose/lib/cast/number.js:27:10)
          at SchemaNumber.cast (/home/dlongqwm/nodevenv/site/16/lib/node_modules/mongoose/lib/schema/number.js:378:12)
          at SchemaNumber.SchemaType.applySetters (/home/dlongqwm/nodevenv/site/16/lib/node_modules/mongoose/lib/schemaType.js:1236:12)
          at model.$set (/home/dlongqwm/nodevenv/site/16/lib/node_modules/mongoose/lib/document.js:1417:22)
          at model.$set (/home/dlongqwm/nodevenv/site/16/lib/node_modules/mongoose/lib/document.js:1113:16)
          at model.Document (/home/dlongqwm/nodevenv/site/16/lib/node_modules/mongoose/lib/document.js:166:12)
          at model.Model (/home/dlongqwm/nodevenv/site/16/lib/node_modules/mongoose/lib/model.js:131:12)
          at new model (/home/dlongqwm/nodevenv/site/16/lib/node_modules/mongoose/lib/model.js:4816:15)
          at /home/dlongqwm/site/server.js:75:25
          at Layer.handle [as handle_request] (/home/dlongqwm/nodevenv/site/16/lib/node_modules/express/lib/router/layer.js:95:5) {
        generatedMessage: true,
        code: 'ERR_ASSERTION',
        actual: false,
        expected: true,
        operator: '=='
      },
      valueType: 'string'
    }
  },
  _message: 'Appointment validation failed'
}
Error submitting contact form: Error: read ECONNRESET
    at TCP.onStreamRead (node:internal/stream_base_commons:217:20) {
  errno: -104,
  code: 'ESOCKET',
  syscall: 'read',
  command: 'CONN'
}
Error submitting contact form: Error: read ECONNRESET
    at TCP.onStreamRead (node:internal/stream_base_commons:217:20) {
  errno: -104,
  code: 'ESOCKET',
  syscall: 'read',
  command: 'CONN'
}
Error submitting contact form: Error: read ECONNRESET
    at TCP.onStreamRead (node:internal/stream_base_commons:217:20) {
  errno: -104,
  code: 'ESOCKET',
  syscall: 'read',
  command: 'CONN'
}
Error: Appointment validation failed: phoneNumber: Cast to Number failed for value "63861 29928" (type string) at path "phoneNumber"
    at ValidationError.inspect (/home/dlongqwm/nodevenv/site/16/lib/node_modules/mongoose/lib/error/validation.js:50:26)
    at formatValue (node:internal/util/inspect:806:19)
    at inspect (node:internal/util/inspect:365:10)
    at formatWithOptionsInternal (node:internal/util/inspect:2292:40)
    at formatWithOptions (node:internal/util/inspect:2154:10)
    at console.value (node:internal/console/constructor:348:14)
    at console.warn (node:internal/console/constructor:381:61)
    at /home/dlongqwm/site/server.js:96:13
    at runMicrotasks (<anonymous>)
    at processTicksAndRejections (node:internal/process/task_queues:96:5) {
  errors: {
    phoneNumber: CastError: Cast to Number failed for value "63861 29928" (type string) at path "phoneNumber"
        at SchemaNumber.cast (/home/dlongqwm/nodevenv/site/16/lib/node_modules/mongoose/lib/schema/number.js:380:11)
        at SchemaNumber.SchemaType.applySetters (/home/dlongqwm/nodevenv/site/16/lib/node_modules/mongoose/lib/schemaType.js:1236:12)
        at model.$set (/home/dlongqwm/nodevenv/site/16/lib/node_modules/mongoose/lib/document.js:1417:22)
        at model.$set (/home/dlongqwm/nodevenv/site/16/lib/node_modules/mongoose/lib/document.js:1113:16)
        at model.Document (/home/dlongqwm/nodevenv/site/16/lib/node_modules/mongoose/lib/document.js:166:12)
        at model.Model (/home/dlongqwm/nodevenv/site/16/lib/node_modules/mongoose/lib/model.js:131:12)
        at new model (/home/dlongqwm/nodevenv/site/16/lib/node_modules/mongoose/lib/model.js:4816:15)
        at /home/dlongqwm/site/server.js:75:25
        at Layer.handle [as handle_request] (/home/dlongqwm/nodevenv/site/16/lib/node_modules/express/lib/router/layer.js:95:5)
        at next (/home/dlongqwm/nodevenv/site/16/lib/node_modules/express/lib/router/route.js:149:13) {
      stringValue: '"63861 29928"',
      messageFormat: undefined,
      kind: 'Number',
      value: '63861 29928',
      path: 'phoneNumber',
      reason: AssertionError [ERR_ASSERTION]: The expression evaluated to a falsy value:
      
        assert.ok(!isNaN(val))
      
          at castNumber (/home/dlongqwm/nodevenv/site/16/lib/node_modules/mongoose/lib/cast/number.js:27:10)
          at SchemaNumber.cast (/home/dlongqwm/nodevenv/site/16/lib/node_modules/mongoose/lib/schema/number.js:378:12)
          at SchemaNumber.SchemaType.applySetters (/home/dlongqwm/nodevenv/site/16/lib/node_modules/mongoose/lib/schemaType.js:1236:12)
          at model.$set (/home/dlongqwm/nodevenv/site/16/lib/node_modules/mongoose/lib/document.js:1417:22)
          at model.$set (/home/dlongqwm/nodevenv/site/16/lib/node_modules/mongoose/lib/document.js:1113:16)
          at model.Document (/home/dlongqwm/nodevenv/site/16/lib/node_modules/mongoose/lib/document.js:166:12)
          at model.Model (/home/dlongqwm/nodevenv/site/16/lib/node_modules/mongoose/lib/model.js:131:12)
          at new model (/home/dlongqwm/nodevenv/site/16/lib/node_modules/mongoose/lib/model.js:4816:15)
          at /home/dlongqwm/site/server.js:75:25
          at Layer.handle [as handle_request] (/home/dlongqwm/nodevenv/site/16/lib/node_modules/express/lib/router/layer.js:95:5) {
        generatedMessage: true,
        code: 'ERR_ASSERTION',
        actual: false,
        expected: true,
        operator: '=='
      },
      valueType: 'string'
    }
  },
  _message: 'Appointment validation failed'
}
Error submitting contact form: Error: Invalid login: 535 Authentication Failed for support@drphysioclinic.org
    at SMTPConnection._formatError (/home/dlongqwm/nodevenv/site/16/lib/node_modules/nodemailer/lib/smtp-connection/index.js:798:19)
    at SMTPConnection._actionAUTHComplete (/home/dlongqwm/nodevenv/site/16/lib/node_modules/nodemailer/lib/smtp-connection/index.js:1577:34)
    at SMTPConnection.<anonymous> (/home/dlongqwm/nodevenv/site/16/lib/node_modules/nodemailer/lib/smtp-connection/index.js:554:26)
    at SMTPConnection._processResponse (/home/dlongqwm/nodevenv/site/16/lib/node_modules/nodemailer/lib/smtp-connection/index.js:982:20)
    at SMTPConnection._onData (/home/dlongqwm/nodevenv/site/16/lib/node_modules/nodemailer/lib/smtp-connection/index.js:763:14)
    at TLSSocket.SMTPConnection._onSocketData (/home/dlongqwm/nodevenv/site/16/lib/node_modules/nodemailer/lib/smtp-connection/index.js:195:44)
    at TLSSocket.emit (node:events:513:28)
    at addChunk (node:internal/streams/readable:315:12)
    at readableAddChunk (node:internal/streams/readable:289:9)
    at TLSSocket.Readable.push (node:internal/streams/readable:228:10) {
  code: 'EAUTH',
  response: '535 Authentication Failed for support@drphysioclinic.org',
  responseCode: 535,
  command: 'AUTH PLAIN'
}
Error submitting contact form: Error: Invalid login: 535 Authentication Failed for support@drphysioclinic.org
    at SMTPConnection._formatError (/home/dlongqwm/nodevenv/site/16/lib/node_modules/nodemailer/lib/smtp-connection/index.js:798:19)
    at SMTPConnection._actionAUTHComplete (/home/dlongqwm/nodevenv/site/16/lib/node_modules/nodemailer/lib/smtp-connection/index.js:1577:34)
    at SMTPConnection.<anonymous> (/home/dlongqwm/nodevenv/site/16/lib/node_modules/nodemailer/lib/smtp-connection/index.js:554:26)
    at SMTPConnection._processResponse (/home/dlongqwm/nodevenv/site/16/lib/node_modules/nodemailer/lib/smtp-connection/index.js:982:20)
    at SMTPConnection._onData (/home/dlongqwm/nodevenv/site/16/lib/node_modules/nodemailer/lib/smtp-connection/index.js:763:14)
    at TLSSocket.SMTPConnection._onSocketData (/home/dlongqwm/nodevenv/site/16/lib/node_modules/nodemailer/lib/smtp-connection/index.js:195:44)
    at TLSSocket.emit (node:events:513:28)
    at addChunk (node:internal/streams/readable:315:12)
    at readableAddChunk (node:internal/streams/readable:289:9)
    at TLSSocket.Readable.push (node:internal/streams/readable:228:10) {
  code: 'EAUTH',
  response: '535 Authentication Failed for support@drphysioclinic.org',
  responseCode: 535,
  command: 'AUTH PLAIN'
}
Error submitting contact form: Error: Invalid login: 535 Authentication Failed for support@drphysioclinic.org
    at SMTPConnection._formatError (/home/dlongqwm/nodevenv/site/16/lib/node_modules/nodemailer/lib/smtp-connection/index.js:798:19)
    at SMTPConnection._actionAUTHComplete (/home/dlongqwm/nodevenv/site/16/lib/node_modules/nodemailer/lib/smtp-connection/index.js:1577:34)
    at SMTPConnection.<anonymous> (/home/dlongqwm/nodevenv/site/16/lib/node_modules/nodemailer/lib/smtp-connection/index.js:554:26)
    at SMTPConnection._processResponse (/home/dlongqwm/nodevenv/site/16/lib/node_modules/nodemailer/lib/smtp-connection/index.js:982:20)
    at SMTPConnection._onData (/home/dlongqwm/nodevenv/site/16/lib/node_modules/nodemailer/lib/smtp-connection/index.js:763:14)
    at TLSSocket.SMTPConnection._onSocketData (/home/dlongqwm/nodevenv/site/16/lib/node_modules/nodemailer/lib/smtp-connection/index.js:195:44)
    at TLSSocket.emit (node:events:513:28)
    at addChunk (node:internal/streams/readable:315:12)
    at readableAddChunk (node:internal/streams/readable:289:9)
    at TLSSocket.Readable.push (node:internal/streams/readable:228:10) {
  code: 'EAUTH',
  response: '535 Authentication Failed for support@drphysioclinic.org',
  responseCode: 535,
  command: 'AUTH PLAIN'
}
Error submitting contact form: Error: Invalid login: 535 Authentication Failed for support@drphysioclinic.org
    at SMTPConnection._formatError (/home/dlongqwm/nodevenv/site/16/lib/node_modules/nodemailer/lib/smtp-connection/index.js:798:19)
    at SMTPConnection._actionAUTHComplete (/home/dlongqwm/nodevenv/site/16/lib/node_modules/nodemailer/lib/smtp-connection/index.js:1577:34)
    at SMTPConnection.<anonymous> (/home/dlongqwm/nodevenv/site/16/lib/node_modules/nodemailer/lib/smtp-connection/index.js:554:26)
    at SMTPConnection._processResponse (/home/dlongqwm/nodevenv/site/16/lib/node_modules/nodemailer/lib/smtp-connection/index.js:982:20)
    at SMTPConnection._onData (/home/dlongqwm/nodevenv/site/16/lib/node_modules/nodemailer/lib/smtp-connection/index.js:763:14)
    at TLSSocket.SMTPConnection._onSocketData (/home/dlongqwm/nodevenv/site/16/lib/node_modules/nodemailer/lib/smtp-connection/index.js:195:44)
    at TLSSocket.emit (node:events:513:28)
    at addChunk (node:internal/streams/readable:315:12)
    at readableAddChunk (node:internal/streams/readable:289:9)
    at TLSSocket.Readable.push (node:internal/streams/readable:228:10) {
  code: 'EAUTH',
  response: '535 Authentication Failed for support@drphysioclinic.org',
  responseCode: 535,
  command: 'AUTH PLAIN'
}
Error: Invalid login: 535 Authentication Failed for support@drphysioclinic.org
    at SMTPConnection._formatError (/home/dlongqwm/nodevenv/site/16/lib/node_modules/nodemailer/lib/smtp-connection/index.js:798:19)
    at SMTPConnection._actionAUTHComplete (/home/dlongqwm/nodevenv/site/16/lib/node_modules/nodemailer/lib/smtp-connection/index.js:1577:34)
    at SMTPConnection.<anonymous> (/home/dlongqwm/nodevenv/site/16/lib/node_modules/nodemailer/lib/smtp-connection/index.js:554:26)
    at SMTPConnection._processResponse (/home/dlongqwm/nodevenv/site/16/lib/node_modules/nodemailer/lib/smtp-connection/index.js:982:20)
    at SMTPConnection._onData (/home/dlongqwm/nodevenv/site/16/lib/node_modules/nodemailer/lib/smtp-connection/index.js:763:14)
    at TLSSocket.SMTPConnection._onSocketData (/home/dlongqwm/nodevenv/site/16/lib/node_modules/nodemailer/lib/smtp-connection/index.js:195:44)
    at TLSSocket.emit (node:events:513:28)
    at addChunk (node:internal/streams/readable:315:12)
    at readableAddChunk (node:internal/streams/readable:289:9)
    at TLSSocket.Readable.push (node:internal/streams/readable:228:10) {
  code: 'EAUTH',
  response: '535 Authentication Failed for support@drphysioclinic.org',
  responseCode: 535,
  command: 'AUTH PLAIN'
}
Error: Invalid login: 535 Authentication Failed for support@drphysioclinic.org
    at SMTPConnection._formatError (/home/dlongqwm/nodevenv/site/16/lib/node_modules/nodemailer/lib/smtp-connection/index.js:798:19)
    at SMTPConnection._actionAUTHComplete (/home/dlongqwm/nodevenv/site/16/lib/node_modules/nodemailer/lib/smtp-connection/index.js:1577:34)
    at SMTPConnection.<anonymous> (/home/dlongqwm/nodevenv/site/16/lib/node_modules/nodemailer/lib/smtp-connection/index.js:554:26)
    at SMTPConnection._processResponse (/home/dlongqwm/nodevenv/site/16/lib/node_modules/nodemailer/lib/smtp-connection/index.js:982:20)
    at SMTPConnection._onData (/home/dlongqwm/nodevenv/site/16/lib/node_modules/nodemailer/lib/smtp-connection/index.js:763:14)
    at TLSSocket.SMTPConnection._onSocketData (/home/dlongqwm/nodevenv/site/16/lib/node_modules/nodemailer/lib/smtp-connection/index.js:195:44)
    at TLSSocket.emit (node:events:513:28)
    at addChunk (node:internal/streams/readable:315:12)
    at readableAddChunk (node:internal/streams/readable:289:9)
    at TLSSocket.Readable.push (node:internal/streams/readable:228:10) {
  code: 'EAUTH',
  response: '535 Authentication Failed for support@drphysioclinic.org',
  responseCode: 535,
  command: 'AUTH PLAIN'
}
Error submitting contact form: Error: Invalid login: 535 Authentication Failed for support@drphysioclinic.org
    at SMTPConnection._formatError (/home/dlongqwm/nodevenv/site/16/lib/node_modules/nodemailer/lib/smtp-connection/index.js:798:19)
    at SMTPConnection._actionAUTHComplete (/home/dlongqwm/nodevenv/site/16/lib/node_modules/nodemailer/lib/smtp-connection/index.js:1577:34)
    at SMTPConnection.<anonymous> (/home/dlongqwm/nodevenv/site/16/lib/node_modules/nodemailer/lib/smtp-connection/index.js:554:26)
    at SMTPConnection._processResponse (/home/dlongqwm/nodevenv/site/16/lib/node_modules/nodemailer/lib/smtp-connection/index.js:982:20)
    at SMTPConnection._onData (/home/dlongqwm/nodevenv/site/16/lib/node_modules/nodemailer/lib/smtp-connection/index.js:763:14)
    at TLSSocket.SMTPConnection._onSocketData (/home/dlongqwm/nodevenv/site/16/lib/node_modules/nodemailer/lib/smtp-connection/index.js:195:44)
    at TLSSocket.emit (node:events:513:28)
    at addChunk (node:internal/streams/readable:315:12)
    at readableAddChunk (node:internal/streams/readable:289:9)
    at TLSSocket.Readable.push (node:internal/streams/readable:228:10) {
  code: 'EAUTH',
  response: '535 Authentication Failed for support@drphysioclinic.org',
  responseCode: 535,
  command: 'AUTH PLAIN'
}
Error: Invalid login: 535 Authentication Failed for support@drphysioclinic.org
    at SMTPConnection._formatError (/home/dlongqwm/nodevenv/site/16/lib/node_modules/nodemailer/lib/smtp-connection/index.js:798:19)
    at SMTPConnection._actionAUTHComplete (/home/dlongqwm/nodevenv/site/16/lib/node_modules/nodemailer/lib/smtp-connection/index.js:1577:34)
    at SMTPConnection.<anonymous> (/home/dlongqwm/nodevenv/site/16/lib/node_modules/nodemailer/lib/smtp-connection/index.js:554:26)
    at SMTPConnection._processResponse (/home/dlongqwm/nodevenv/site/16/lib/node_modules/nodemailer/lib/smtp-connection/index.js:982:20)
    at SMTPConnection._onData (/home/dlongqwm/nodevenv/site/16/lib/node_modules/nodemailer/lib/smtp-connection/index.js:763:14)
    at TLSSocket.SMTPConnection._onSocketData (/home/dlongqwm/nodevenv/site/16/lib/node_modules/nodemailer/lib/smtp-connection/index.js:195:44)
    at TLSSocket.emit (node:events:513:28)
    at addChunk (node:internal/streams/readable:315:12)
    at readableAddChunk (node:internal/streams/readable:289:9)
    at TLSSocket.Readable.push (node:internal/streams/readable:228:10) {
  code: 'EAUTH',
  response: '535 Authentication Failed for support@drphysioclinic.org',
  responseCode: 535,
  command: 'AUTH PLAIN'
}
Error submitting contact form: Error: Invalid login: 535 Authentication Failed for support@drphysioclinic.org
    at SMTPConnection._formatError (/home/dlongqwm/nodevenv/site/16/lib/node_modules/nodemailer/lib/smtp-connection/index.js:798:19)
    at SMTPConnection._actionAUTHComplete (/home/dlongqwm/nodevenv/site/16/lib/node_modules/nodemailer/lib/smtp-connection/index.js:1577:34)
    at SMTPConnection.<anonymous> (/home/dlongqwm/nodevenv/site/16/lib/node_modules/nodemailer/lib/smtp-connection/index.js:554:26)
    at SMTPConnection._processResponse (/home/dlongqwm/nodevenv/site/16/lib/node_modules/nodemailer/lib/smtp-connection/index.js:982:20)
    at SMTPConnection._onData (/home/dlongqwm/nodevenv/site/16/lib/node_modules/nodemailer/lib/smtp-connection/index.js:763:14)
    at TLSSocket.SMTPConnection._onSocketData (/home/dlongqwm/nodevenv/site/16/lib/node_modules/nodemailer/lib/smtp-connection/index.js:195:44)
    at TLSSocket.emit (node:events:513:28)
    at addChunk (node:internal/streams/readable:315:12)
    at readableAddChunk (node:internal/streams/readable:289:9)
    at TLSSocket.Readable.push (node:internal/streams/readable:228:10) {
  code: 'EAUTH',
  response: '535 Authentication Failed for support@drphysioclinic.org',
  responseCode: 535,
  command: 'AUTH PLAIN'
}
(node:3167224) [MONGODB DRIVER] Warning: useNewUrlParser is a deprecated option: useNewUrlParser has no effect since Node.js Driver version 4.0.0 and will be removed in the next major version
(Use `node --trace-warnings ...` to show where the warning was created)
(node:3167224) [MONGODB DRIVER] Warning: useUnifiedTopology is a deprecated option: useUnifiedTopology has no effect since Node.js Driver version 4.0.0 and will be removed in the next major version
Error: Invalid login: 535 Authentication Failed for support@drphysioclinic.org
    at SMTPConnection._formatError (/home/dlongqwm/nodevenv/site/16/lib/node_modules/nodemailer/lib/smtp-connection/index.js:798:19)
    at SMTPConnection._actionAUTHComplete (/home/dlongqwm/nodevenv/site/16/lib/node_modules/nodemailer/lib/smtp-connection/index.js:1577:34)
    at SMTPConnection.<anonymous> (/home/dlongqwm/nodevenv/site/16/lib/node_modules/nodemailer/lib/smtp-connection/index.js:554:26)
    at SMTPConnection._processResponse (/home/dlongqwm/nodevenv/site/16/lib/node_modules/nodemailer/lib/smtp-connection/index.js:982:20)
    at SMTPConnection._onData (/home/dlongqwm/nodevenv/site/16/lib/node_modules/nodemailer/lib/smtp-connection/index.js:763:14)
    at TLSSocket.SMTPConnection._onSocketData (/home/dlongqwm/nodevenv/site/16/lib/node_modules/nodemailer/lib/smtp-connection/index.js:195:44)
    at TLSSocket.emit (node:events:513:28)
    at addChunk (node:internal/streams/readable:315:12)
    at readableAddChunk (node:internal/streams/readable:289:9)
    at TLSSocket.Readable.push (node:internal/streams/readable:228:10) {
  code: 'EAUTH',
  response: '535 Authentication Failed for support@drphysioclinic.org',
  responseCode: 535,
  command: 'AUTH PLAIN'
}
Error: Invalid login: 535 Authentication Failed for support@drphysioclinic.org
    at SMTPConnection._formatError (/home/dlongqwm/nodevenv/site/16/lib/node_modules/nodemailer/lib/smtp-connection/index.js:798:19)
    at SMTPConnection._actionAUTHComplete (/home/dlongqwm/nodevenv/site/16/lib/node_modules/nodemailer/lib/smtp-connection/index.js:1577:34)
    at SMTPConnection.<anonymous> (/home/dlongqwm/nodevenv/site/16/lib/node_modules/nodemailer/lib/smtp-connection/index.js:554:26)
    at SMTPConnection._processResponse (/home/dlongqwm/nodevenv/site/16/lib/node_modules/nodemailer/lib/smtp-connection/index.js:982:20)
    at SMTPConnection._onData (/home/dlongqwm/nodevenv/site/16/lib/node_modules/nodemailer/lib/smtp-connection/index.js:763:14)
    at TLSSocket.SMTPConnection._onSocketData (/home/dlongqwm/nodevenv/site/16/lib/node_modules/nodemailer/lib/smtp-connection/index.js:195:44)
    at TLSSocket.emit (node:events:513:28)
    at addChunk (node:internal/streams/readable:315:12)
    at readableAddChunk (node:internal/streams/readable:289:9)
    at TLSSocket.Readable.push (node:internal/streams/readable:228:10) {
  code: 'EAUTH',
  response: '535 Authentication Failed for support@drphysioclinic.org',
  responseCode: 535,
  command: 'AUTH PLAIN'
}
Error submitting contact form: Error: Invalid login: 535 Authentication Failed for support@drphysioclinic.org
    at SMTPConnection._formatError (/home/dlongqwm/nodevenv/site/16/lib/node_modules/nodemailer/lib/smtp-connection/index.js:798:19)
    at SMTPConnection._actionAUTHComplete (/home/dlongqwm/nodevenv/site/16/lib/node_modules/nodemailer/lib/smtp-connection/index.js:1577:34)
    at SMTPConnection.<anonymous> (/home/dlongqwm/nodevenv/site/16/lib/node_modules/nodemailer/lib/smtp-connection/index.js:554:26)
    at SMTPConnection._processResponse (/home/dlongqwm/nodevenv/site/16/lib/node_modules/nodemailer/lib/smtp-connection/index.js:982:20)
    at SMTPConnection._onData (/home/dlongqwm/nodevenv/site/16/lib/node_modules/nodemailer/lib/smtp-connection/index.js:763:14)
    at TLSSocket.SMTPConnection._onSocketData (/home/dlongqwm/nodevenv/site/16/lib/node_modules/nodemailer/lib/smtp-connection/index.js:195:44)
    at TLSSocket.emit (node:events:513:28)
    at addChunk (node:internal/streams/readable:315:12)
    at readableAddChunk (node:internal/streams/readable:289:9)
    at TLSSocket.Readable.push (node:internal/streams/readable:228:10) {
  code: 'EAUTH',
  response: '535 Authentication Failed for support@drphysioclinic.org',
  responseCode: 535,
  command: 'AUTH PLAIN'
}
Error: Invalid login: 535 Authentication Failed for support@drphysioclinic.org
    at SMTPConnection._formatError (/home/dlongqwm/nodevenv/site/16/lib/node_modules/nodemailer/lib/smtp-connection/index.js:798:19)
    at SMTPConnection._actionAUTHComplete (/home/dlongqwm/nodevenv/site/16/lib/node_modules/nodemailer/lib/smtp-connection/index.js:1577:34)
    at SMTPConnection.<anonymous> (/home/dlongqwm/nodevenv/site/16/lib/node_modules/nodemailer/lib/smtp-connection/index.js:554:26)
    at SMTPConnection._processResponse (/home/dlongqwm/nodevenv/site/16/lib/node_modules/nodemailer/lib/smtp-connection/index.js:982:20)
    at SMTPConnection._onData (/home/dlongqwm/nodevenv/site/16/lib/node_modules/nodemailer/lib/smtp-connection/index.js:763:14)
    at TLSSocket.SMTPConnection._onSocketData (/home/dlongqwm/nodevenv/site/16/lib/node_modules/nodemailer/lib/smtp-connection/index.js:195:44)
    at TLSSocket.emit (node:events:513:28)
    at addChunk (node:internal/streams/readable:315:12)
    at readableAddChunk (node:internal/streams/readable:289:9)
    at TLSSocket.Readable.push (node:internal/streams/readable:228:10) {
  code: 'EAUTH',
  response: '535 Authentication Failed for support@drphysioclinic.org',
  responseCode: 535,
  command: 'AUTH PLAIN'
}
Error: Invalid login: 535 Authentication Failed for support@drphysioclinic.org
    at SMTPConnection._formatError (/home/dlongqwm/nodevenv/site/16/lib/node_modules/nodemailer/lib/smtp-connection/index.js:798:19)
    at SMTPConnection._actionAUTHComplete (/home/dlongqwm/nodevenv/site/16/lib/node_modules/nodemailer/lib/smtp-connection/index.js:1577:34)
    at SMTPConnection.<anonymous> (/home/dlongqwm/nodevenv/site/16/lib/node_modules/nodemailer/lib/smtp-connection/index.js:554:26)
    at SMTPConnection._processResponse (/home/dlongqwm/nodevenv/site/16/lib/node_modules/nodemailer/lib/smtp-connection/index.js:982:20)
    at SMTPConnection._onData (/home/dlongqwm/nodevenv/site/16/lib/node_modules/nodemailer/lib/smtp-connection/index.js:763:14)
    at TLSSocket.SMTPConnection._onSocketData (/home/dlongqwm/nodevenv/site/16/lib/node_modules/nodemailer/lib/smtp-connection/index.js:195:44)
    at TLSSocket.emit (node:events:513:28)
    at addChunk (node:internal/streams/readable:315:12)
    at readableAddChunk (node:internal/streams/readable:289:9)
    at TLSSocket.Readable.push (node:internal/streams/readable:228:10) {
  code: 'EAUTH',
  response: '535 Authentication Failed for support@drphysioclinic.org',
  responseCode: 535,
  command: 'AUTH PLAIN'
}
Error: Invalid login: 535 Authentication Failed for support@drphysioclinic.org
    at SMTPConnection._formatError (/home/dlongqwm/nodevenv/site/16/lib/node_modules/nodemailer/lib/smtp-connection/index.js:798:19)
    at SMTPConnection._actionAUTHComplete (/home/dlongqwm/nodevenv/site/16/lib/node_modules/nodemailer/lib/smtp-connection/index.js:1577:34)
    at SMTPConnection.<anonymous> (/home/dlongqwm/nodevenv/site/16/lib/node_modules/nodemailer/lib/smtp-connection/index.js:554:26)
    at SMTPConnection._processResponse (/home/dlongqwm/nodevenv/site/16/lib/node_modules/nodemailer/lib/smtp-connection/index.js:982:20)
    at SMTPConnection._onData (/home/dlongqwm/nodevenv/site/16/lib/node_modules/nodemailer/lib/smtp-connection/index.js:763:14)
    at TLSSocket.SMTPConnection._onSocketData (/home/dlongqwm/nodevenv/site/16/lib/node_modules/nodemailer/lib/smtp-connection/index.js:195:44)
    at TLSSocket.emit (node:events:513:28)
    at addChunk (node:internal/streams/readable:315:12)
    at readableAddChunk (node:internal/streams/readable:289:9)
    at TLSSocket.Readable.push (node:internal/streams/readable:228:10) {
  code: 'EAUTH',
  response: '535 Authentication Failed for support@drphysioclinic.org',
  responseCode: 535,
  command: 'AUTH PLAIN'
}
Error: Invalid login: 535 Authentication Failed for support@drphysioclinic.org
    at SMTPConnection._formatError (/home/dlongqwm/nodevenv/site/16/lib/node_modules/nodemailer/lib/smtp-connection/index.js:798:19)
    at SMTPConnection._actionAUTHComplete (/home/dlongqwm/nodevenv/site/16/lib/node_modules/nodemailer/lib/smtp-connection/index.js:1577:34)
    at SMTPConnection.<anonymous> (/home/dlongqwm/nodevenv/site/16/lib/node_modules/nodemailer/lib/smtp-connection/index.js:554:26)
    at SMTPConnection._processResponse (/home/dlongqwm/nodevenv/site/16/lib/node_modules/nodemailer/lib/smtp-connection/index.js:982:20)
    at SMTPConnection._onData (/home/dlongqwm/nodevenv/site/16/lib/node_modules/nodemailer/lib/smtp-connection/index.js:763:14)
    at TLSSocket.SMTPConnection._onSocketData (/home/dlongqwm/nodevenv/site/16/lib/node_modules/nodemailer/lib/smtp-connection/index.js:195:44)
    at TLSSocket.emit (node:events:513:28)
    at addChunk (node:internal/streams/readable:315:12)
    at readableAddChunk (node:internal/streams/readable:289:9)
    at TLSSocket.Readable.push (node:internal/streams/readable:228:10) {
  code: 'EAUTH',
  response: '535 Authentication Failed for support@drphysioclinic.org',
  responseCode: 535,
  command: 'AUTH PLAIN'
}
Error: Invalid login: 535 Authentication Failed for support@drphysioclinic.org
    at SMTPConnection._formatError (/home/dlongqwm/nodevenv/site/16/lib/node_modules/nodemailer/lib/smtp-connection/index.js:798:19)
    at SMTPConnection._actionAUTHComplete (/home/dlongqwm/nodevenv/site/16/lib/node_modules/nodemailer/lib/smtp-connection/index.js:1577:34)
    at SMTPConnection.<anonymous> (/home/dlongqwm/nodevenv/site/16/lib/node_modules/nodemailer/lib/smtp-connection/index.js:554:26)
    at SMTPConnection._processResponse (/home/dlongqwm/nodevenv/site/16/lib/node_modules/nodemailer/lib/smtp-connection/index.js:982:20)
    at SMTPConnection._onData (/home/dlongqwm/nodevenv/site/16/lib/node_modules/nodemailer/lib/smtp-connection/index.js:763:14)
    at TLSSocket.SMTPConnection._onSocketData (/home/dlongqwm/nodevenv/site/16/lib/node_modules/nodemailer/lib/smtp-connection/index.js:195:44)
    at TLSSocket.emit (node:events:513:28)
    at addChunk (node:internal/streams/readable:315:12)
    at readableAddChunk (node:internal/streams/readable:289:9)
    at TLSSocket.Readable.push (node:internal/streams/readable:228:10) {
  code: 'EAUTH',
  response: '535 Authentication Failed for support@drphysioclinic.org',
  responseCode: 535,
  command: 'AUTH PLAIN'
}
Error: Invalid login: 535 Authentication Failed for support@drphysioclinic.org
    at SMTPConnection._formatError (/home/dlongqwm/nodevenv/site/16/lib/node_modules/nodemailer/lib/smtp-connection/index.js:798:19)
    at SMTPConnection._actionAUTHComplete (/home/dlongqwm/nodevenv/site/16/lib/node_modules/nodemailer/lib/smtp-connection/index.js:1577:34)
    at SMTPConnection.<anonymous> (/home/dlongqwm/nodevenv/site/16/lib/node_modules/nodemailer/lib/smtp-connection/index.js:554:26)
    at SMTPConnection._processResponse (/home/dlongqwm/nodevenv/site/16/lib/node_modules/nodemailer/lib/smtp-connection/index.js:982:20)
    at SMTPConnection._onData (/home/dlongqwm/nodevenv/site/16/lib/node_modules/nodemailer/lib/smtp-connection/index.js:763:14)
    at TLSSocket.SMTPConnection._onSocketData (/home/dlongqwm/nodevenv/site/16/lib/node_modules/nodemailer/lib/smtp-connection/index.js:195:44)
    at TLSSocket.emit (node:events:513:28)
    at addChunk (node:internal/streams/readable:315:12)
    at readableAddChunk (node:internal/streams/readable:289:9)
    at TLSSocket.Readable.push (node:internal/streams/readable:228:10) {
  code: 'EAUTH',
  response: '535 Authentication Failed for support@drphysioclinic.org',
  responseCode: 535,
  command: 'AUTH PLAIN'
}
Error: Invalid login: 535 Authentication Failed for support@drphysioclinic.org
    at SMTPConnection._formatError (/home/dlongqwm/nodevenv/site/16/lib/node_modules/nodemailer/lib/smtp-connection/index.js:798:19)
    at SMTPConnection._actionAUTHComplete (/home/dlongqwm/nodevenv/site/16/lib/node_modules/nodemailer/lib/smtp-connection/index.js:1577:34)
    at SMTPConnection.<anonymous> (/home/dlongqwm/nodevenv/site/16/lib/node_modules/nodemailer/lib/smtp-connection/index.js:554:26)
    at SMTPConnection._processResponse (/home/dlongqwm/nodevenv/site/16/lib/node_modules/nodemailer/lib/smtp-connection/index.js:982:20)
    at SMTPConnection._onData (/home/dlongqwm/nodevenv/site/16/lib/node_modules/nodemailer/lib/smtp-connection/index.js:763:14)
    at TLSSocket.SMTPConnection._onSocketData (/home/dlongqwm/nodevenv/site/16/lib/node_modules/nodemailer/lib/smtp-connection/index.js:195:44)
    at TLSSocket.emit (node:events:513:28)
    at addChunk (node:internal/streams/readable:315:12)
    at readableAddChunk (node:internal/streams/readable:289:9)
    at TLSSocket.Readable.push (node:internal/streams/readable:228:10) {
  code: 'EAUTH',
  response: '535 Authentication Failed for support@drphysioclinic.org',
  responseCode: 535,
  command: 'AUTH PLAIN'
}
Error: Invalid login: 535 Authentication Failed for support@drphysioclinic.org
    at SMTPConnection._formatError (/home/dlongqwm/nodevenv/site/16/lib/node_modules/nodemailer/lib/smtp-connection/index.js:798:19)
    at SMTPConnection._actionAUTHComplete (/home/dlongqwm/nodevenv/site/16/lib/node_modules/nodemailer/lib/smtp-connection/index.js:1577:34)
    at SMTPConnection.<anonymous> (/home/dlongqwm/nodevenv/site/16/lib/node_modules/nodemailer/lib/smtp-connection/index.js:554:26)
    at SMTPConnection._processResponse (/home/dlongqwm/nodevenv/site/16/lib/node_modules/nodemailer/lib/smtp-connection/index.js:982:20)
    at SMTPConnection._onData (/home/dlongqwm/nodevenv/site/16/lib/node_modules/nodemailer/lib/smtp-connection/index.js:763:14)
    at TLSSocket.SMTPConnection._onSocketData (/home/dlongqwm/nodevenv/site/16/lib/node_modules/nodemailer/lib/smtp-connection/index.js:195:44)
    at TLSSocket.emit (node:events:513:28)
    at addChunk (node:internal/streams/readable:315:12)
    at readableAddChunk (node:internal/streams/readable:289:9)
    at TLSSocket.Readable.push (node:internal/streams/readable:228:10) {
  code: 'EAUTH',
  response: '535 Authentication Failed for support@drphysioclinic.org',
  responseCode: 535,
  command: 'AUTH PLAIN'
}
Error: Invalid login: 535 Authentication Failed for support@drphysioclinic.org
    at SMTPConnection._formatError (/home/dlongqwm/nodevenv/site/16/lib/node_modules/nodemailer/lib/smtp-connection/index.js:798:19)
    at SMTPConnection._actionAUTHComplete (/home/dlongqwm/nodevenv/site/16/lib/node_modules/nodemailer/lib/smtp-connection/index.js:1577:34)
    at SMTPConnection.<anonymous> (/home/dlongqwm/nodevenv/site/16/lib/node_modules/nodemailer/lib/smtp-connection/index.js:554:26)
    at SMTPConnection._processResponse (/home/dlongqwm/nodevenv/site/16/lib/node_modules/nodemailer/lib/smtp-connection/index.js:982:20)
    at SMTPConnection._onData (/home/dlongqwm/nodevenv/site/16/lib/node_modules/nodemailer/lib/smtp-connection/index.js:763:14)
    at TLSSocket.SMTPConnection._onSocketData (/home/dlongqwm/nodevenv/site/16/lib/node_modules/nodemailer/lib/smtp-connection/index.js:195:44)
    at TLSSocket.emit (node:events:513:28)
    at addChunk (node:internal/streams/readable:315:12)
    at readableAddChunk (node:internal/streams/readable:289:9)
    at TLSSocket.Readable.push (node:internal/streams/readable:228:10) {
  code: 'EAUTH',
  response: '535 Authentication Failed for support@drphysioclinic.org',
  responseCode: 535,
  command: 'AUTH PLAIN'
}
Error: Invalid login: 535 Authentication Failed for support@drphysioclinic.org
    at SMTPConnection._formatError (/home/dlongqwm/nodevenv/site/16/lib/node_modules/nodemailer/lib/smtp-connection/index.js:798:19)
    at SMTPConnection._actionAUTHComplete (/home/dlongqwm/nodevenv/site/16/lib/node_modules/nodemailer/lib/smtp-connection/index.js:1577:34)
    at SMTPConnection.<anonymous> (/home/dlongqwm/nodevenv/site/16/lib/node_modules/nodemailer/lib/smtp-connection/index.js:554:26)
    at SMTPConnection._processResponse (/home/dlongqwm/nodevenv/site/16/lib/node_modules/nodemailer/lib/smtp-connection/index.js:982:20)
    at SMTPConnection._onData (/home/dlongqwm/nodevenv/site/16/lib/node_modules/nodemailer/lib/smtp-connection/index.js:763:14)
    at TLSSocket.SMTPConnection._onSocketData (/home/dlongqwm/nodevenv/site/16/lib/node_modules/nodemailer/lib/smtp-connection/index.js:195:44)
    at TLSSocket.emit (node:events:513:28)
    at addChunk (node:internal/streams/readable:315:12)
    at readableAddChunk (node:internal/streams/readable:289:9)
    at TLSSocket.Readable.push (node:internal/streams/readable:228:10) {
  code: 'EAUTH',
  response: '535 Authentication Failed for support@drphysioclinic.org',
  responseCode: 535,
  command: 'AUTH PLAIN'
}
Error: Invalid login: 535 Authentication Failed for support@drphysioclinic.org
    at SMTPConnection._formatError (/home/dlongqwm/nodevenv/site/16/lib/node_modules/nodemailer/lib/smtp-connection/index.js:798:19)
    at SMTPConnection._actionAUTHComplete (/home/dlongqwm/nodevenv/site/16/lib/node_modules/nodemailer/lib/smtp-connection/index.js:1577:34)
    at SMTPConnection.<anonymous> (/home/dlongqwm/nodevenv/site/16/lib/node_modules/nodemailer/lib/smtp-connection/index.js:554:26)
    at SMTPConnection._processResponse (/home/dlongqwm/nodevenv/site/16/lib/node_modules/nodemailer/lib/smtp-connection/index.js:982:20)
    at SMTPConnection._onData (/home/dlongqwm/nodevenv/site/16/lib/node_modules/nodemailer/lib/smtp-connection/index.js:763:14)
    at TLSSocket.SMTPConnection._onSocketData (/home/dlongqwm/nodevenv/site/16/lib/node_modules/nodemailer/lib/smtp-connection/index.js:195:44)
    at TLSSocket.emit (node:events:513:28)
    at addChunk (node:internal/streams/readable:315:12)
    at readableAddChunk (node:internal/streams/readable:289:9)
    at TLSSocket.Readable.push (node:internal/streams/readable:228:10) {
  code: 'EAUTH',
  response: '535 Authentication Failed for support@drphysioclinic.org',
  responseCode: 535,
  command: 'AUTH PLAIN'
}
Error submitting contact form: Error: Invalid login: 535 Authentication Failed for support@drphysioclinic.org
    at SMTPConnection._formatError (/home/dlongqwm/nodevenv/site/16/lib/node_modules/nodemailer/lib/smtp-connection/index.js:798:19)
    at SMTPConnection._actionAUTHComplete (/home/dlongqwm/nodevenv/site/16/lib/node_modules/nodemailer/lib/smtp-connection/index.js:1577:34)
    at SMTPConnection.<anonymous> (/home/dlongqwm/nodevenv/site/16/lib/node_modules/nodemailer/lib/smtp-connection/index.js:554:26)
    at SMTPConnection._processResponse (/home/dlongqwm/nodevenv/site/16/lib/node_modules/nodemailer/lib/smtp-connection/index.js:982:20)
    at SMTPConnection._onData (/home/dlongqwm/nodevenv/site/16/lib/node_modules/nodemailer/lib/smtp-connection/index.js:763:14)
    at TLSSocket.SMTPConnection._onSocketData (/home/dlongqwm/nodevenv/site/16/lib/node_modules/nodemailer/lib/smtp-connection/index.js:195:44)
    at TLSSocket.emit (node:events:513:28)
    at addChunk (node:internal/streams/readable:315:12)
    at readableAddChunk (node:internal/streams/readable:289:9)
    at TLSSocket.Readable.push (node:internal/streams/readable:228:10) {
  code: 'EAUTH',
  response: '535 Authentication Failed for support@drphysioclinic.org',
  responseCode: 535,
  command: 'AUTH PLAIN'
}
Error submitting contact form: Error: Invalid login: 535 Authentication Failed for support@drphysioclinic.org
    at SMTPConnection._formatError (/home/dlongqwm/nodevenv/site/16/lib/node_modules/nodemailer/lib/smtp-connection/index.js:798:19)
    at SMTPConnection._actionAUTHComplete (/home/dlongqwm/nodevenv/site/16/lib/node_modules/nodemailer/lib/smtp-connection/index.js:1577:34)
    at SMTPConnection.<anonymous> (/home/dlongqwm/nodevenv/site/16/lib/node_modules/nodemailer/lib/smtp-connection/index.js:554:26)
    at SMTPConnection._processResponse (/home/dlongqwm/nodevenv/site/16/lib/node_modules/nodemailer/lib/smtp-connection/index.js:982:20)
    at SMTPConnection._onData (/home/dlongqwm/nodevenv/site/16/lib/node_modules/nodemailer/lib/smtp-connection/index.js:763:14)
    at TLSSocket.SMTPConnection._onSocketData (/home/dlongqwm/nodevenv/site/16/lib/node_modules/nodemailer/lib/smtp-connection/index.js:195:44)
    at TLSSocket.emit (node:events:513:28)
    at addChunk (node:internal/streams/readable:315:12)
    at readableAddChunk (node:internal/streams/readable:289:9)
    at TLSSocket.Readable.push (node:internal/streams/readable:228:10) {
  code: 'EAUTH',
  response: '535 Authentication Failed for support@drphysioclinic.org',
  responseCode: 535,
  command: 'AUTH PLAIN'
}
Error submitting contact form: Error: Invalid login: 535 Authentication Failed for support@drphysioclinic.org
    at SMTPConnection._formatError (/home/dlongqwm/nodevenv/site/16/lib/node_modules/nodemailer/lib/smtp-connection/index.js:798:19)
    at SMTPConnection._actionAUTHComplete (/home/dlongqwm/nodevenv/site/16/lib/node_modules/nodemailer/lib/smtp-connection/index.js:1577:34)
    at SMTPConnection.<anonymous> (/home/dlongqwm/nodevenv/site/16/lib/node_modules/nodemailer/lib/smtp-connection/index.js:554:26)
    at SMTPConnection._processResponse (/home/dlongqwm/nodevenv/site/16/lib/node_modules/nodemailer/lib/smtp-connection/index.js:982:20)
    at SMTPConnection._onData (/home/dlongqwm/nodevenv/site/16/lib/node_modules/nodemailer/lib/smtp-connection/index.js:763:14)
    at TLSSocket.SMTPConnection._onSocketData (/home/dlongqwm/nodevenv/site/16/lib/node_modules/nodemailer/lib/smtp-connection/index.js:195:44)
    at TLSSocket.emit (node:events:513:28)
    at addChunk (node:internal/streams/readable:315:12)
    at readableAddChunk (node:internal/streams/readable:289:9)
    at TLSSocket.Readable.push (node:internal/streams/readable:228:10) {
  code: 'EAUTH',
  response: '535 Authentication Failed for support@drphysioclinic.org',
  responseCode: 535,
  command: 'AUTH PLAIN'
}
Error submitting contact form: Error: Invalid login: 535 Authentication Failed for support@drphysioclinic.org
    at SMTPConnection._formatError (/home/dlongqwm/nodevenv/site/16/lib/node_modules/nodemailer/lib/smtp-connection/index.js:798:19)
    at SMTPConnection._actionAUTHComplete (/home/dlongqwm/nodevenv/site/16/lib/node_modules/nodemailer/lib/smtp-connection/index.js:1577:34)
    at SMTPConnection.<anonymous> (/home/dlongqwm/nodevenv/site/16/lib/node_modules/nodemailer/lib/smtp-connection/index.js:554:26)
    at SMTPConnection._processResponse (/home/dlongqwm/nodevenv/site/16/lib/node_modules/nodemailer/lib/smtp-connection/index.js:982:20)
    at SMTPConnection._onData (/home/dlongqwm/nodevenv/site/16/lib/node_modules/nodemailer/lib/smtp-connection/index.js:763:14)
    at TLSSocket.SMTPConnection._onSocketData (/home/dlongqwm/nodevenv/site/16/lib/node_modules/nodemailer/lib/smtp-connection/index.js:195:44)
    at TLSSocket.emit (node:events:513:28)
    at addChunk (node:internal/streams/readable:315:12)
    at readableAddChunk (node:internal/streams/readable:289:9)
    at TLSSocket.Readable.push (node:internal/streams/readable:228:10) {
  code: 'EAUTH',
  response: '535 Authentication Failed for support@drphysioclinic.org',
  responseCode: 535,
  command: 'AUTH PLAIN'
}
Error: Invalid login: 535 Authentication Failed for support@drphysioclinic.org
    at SMTPConnection._formatError (/home/dlongqwm/nodevenv/site/16/lib/node_modules/nodemailer/lib/smtp-connection/index.js:798:19)
    at SMTPConnection._actionAUTHComplete (/home/dlongqwm/nodevenv/site/16/lib/node_modules/nodemailer/lib/smtp-connection/index.js:1577:34)
    at SMTPConnection.<anonymous> (/home/dlongqwm/nodevenv/site/16/lib/node_modules/nodemailer/lib/smtp-connection/index.js:554:26)
    at SMTPConnection._processResponse (/home/dlongqwm/nodevenv/site/16/lib/node_modules/nodemailer/lib/smtp-connection/index.js:982:20)
    at SMTPConnection._onData (/home/dlongqwm/nodevenv/site/16/lib/node_modules/nodemailer/lib/smtp-connection/index.js:763:14)
    at TLSSocket.SMTPConnection._onSocketData (/home/dlongqwm/nodevenv/site/16/lib/node_modules/nodemailer/lib/smtp-connection/index.js:195:44)
    at TLSSocket.emit (node:events:513:28)
    at addChunk (node:internal/streams/readable:315:12)
    at readableAddChunk (node:internal/streams/readable:289:9)
    at TLSSocket.Readable.push (node:internal/streams/readable:228:10) {
  code: 'EAUTH',
  response: '535 Authentication Failed for support@drphysioclinic.org',
  responseCode: 535,
  command: 'AUTH PLAIN'
}
Error submitting contact form: Error: Invalid login: 535 Authentication Failed for support@drphysioclinic.org
    at SMTPConnection._formatError (/home/dlongqwm/nodevenv/site/16/lib/node_modules/nodemailer/lib/smtp-connection/index.js:798:19)
    at SMTPConnection._actionAUTHComplete (/home/dlongqwm/nodevenv/site/16/lib/node_modules/nodemailer/lib/smtp-connection/index.js:1577:34)
    at SMTPConnection.<anonymous> (/home/dlongqwm/nodevenv/site/16/lib/node_modules/nodemailer/lib/smtp-connection/index.js:554:26)
    at SMTPConnection._processResponse (/home/dlongqwm/nodevenv/site/16/lib/node_modules/nodemailer/lib/smtp-connection/index.js:982:20)
    at SMTPConnection._onData (/home/dlongqwm/nodevenv/site/16/lib/node_modules/nodemailer/lib/smtp-connection/index.js:763:14)
    at TLSSocket.SMTPConnection._onSocketData (/home/dlongqwm/nodevenv/site/16/lib/node_modules/nodemailer/lib/smtp-connection/index.js:195:44)
    at TLSSocket.emit (node:events:513:28)
    at addChunk (node:internal/streams/readable:315:12)
    at readableAddChunk (node:internal/streams/readable:289:9)
    at TLSSocket.Readable.push (node:internal/streams/readable:228:10) {
  code: 'EAUTH',
  response: '535 Authentication Failed for support@drphysioclinic.org',
  responseCode: 535,
  command: 'AUTH PLAIN'
}
Error submitting contact form: Error: Invalid login: 535 Authentication Failed for support@drphysioclinic.org
    at SMTPConnection._formatError (/home/dlongqwm/nodevenv/site/16/lib/node_modules/nodemailer/lib/smtp-connection/index.js:798:19)
    at SMTPConnection._actionAUTHComplete (/home/dlongqwm/nodevenv/site/16/lib/node_modules/nodemailer/lib/smtp-connection/index.js:1577:34)
    at SMTPConnection.<anonymous> (/home/dlongqwm/nodevenv/site/16/lib/node_modules/nodemailer/lib/smtp-connection/index.js:554:26)
    at SMTPConnection._processResponse (/home/dlongqwm/nodevenv/site/16/lib/node_modules/nodemailer/lib/smtp-connection/index.js:982:20)
    at SMTPConnection._onData (/home/dlongqwm/nodevenv/site/16/lib/node_modules/nodemailer/lib/smtp-connection/index.js:763:14)
    at TLSSocket.SMTPConnection._onSocketData (/home/dlongqwm/nodevenv/site/16/lib/node_modules/nodemailer/lib/smtp-connection/index.js:195:44)
    at TLSSocket.emit (node:events:513:28)
    at addChunk (node:internal/streams/readable:315:12)
    at readableAddChunk (node:internal/streams/readable:289:9)
    at TLSSocket.Readable.push (node:internal/streams/readable:228:10) {
  code: 'EAUTH',
  response: '535 Authentication Failed for support@drphysioclinic.org',
  responseCode: 535,
  command: 'AUTH PLAIN'
}
Error submitting contact form: Error: Invalid login: 535 Authentication Failed for support@drphysioclinic.org
    at SMTPConnection._formatError (/home/dlongqwm/nodevenv/site/16/lib/node_modules/nodemailer/lib/smtp-connection/index.js:798:19)
    at SMTPConnection._actionAUTHComplete (/home/dlongqwm/nodevenv/site/16/lib/node_modules/nodemailer/lib/smtp-connection/index.js:1577:34)
    at SMTPConnection.<anonymous> (/home/dlongqwm/nodevenv/site/16/lib/node_modules/nodemailer/lib/smtp-connection/index.js:554:26)
    at SMTPConnection._processResponse (/home/dlongqwm/nodevenv/site/16/lib/node_modules/nodemailer/lib/smtp-connection/index.js:982:20)
    at SMTPConnection._onData (/home/dlongqwm/nodevenv/site/16/lib/node_modules/nodemailer/lib/smtp-connection/index.js:763:14)
    at TLSSocket.SMTPConnection._onSocketData (/home/dlongqwm/nodevenv/site/16/lib/node_modules/nodemailer/lib/smtp-connection/index.js:195:44)
    at TLSSocket.emit (node:events:513:28)
    at addChunk (node:internal/streams/readable:315:12)
    at readableAddChunk (node:internal/streams/readable:289:9)
    at TLSSocket.Readable.push (node:internal/streams/readable:228:10) {
  code: 'EAUTH',
  response: '535 Authentication Failed for support@drphysioclinic.org',
  responseCode: 535,
  command: 'AUTH PLAIN'
}
Error: Invalid login: 535 Authentication Failed for support@drphysioclinic.org
    at SMTPConnection._formatError (/home/dlongqwm/nodevenv/site/16/lib/node_modules/nodemailer/lib/smtp-connection/index.js:798:19)
    at SMTPConnection._actionAUTHComplete (/home/dlongqwm/nodevenv/site/16/lib/node_modules/nodemailer/lib/smtp-connection/index.js:1577:34)
    at SMTPConnection.<anonymous> (/home/dlongqwm/nodevenv/site/16/lib/node_modules/nodemailer/lib/smtp-connection/index.js:554:26)
    at SMTPConnection._processResponse (/home/dlongqwm/nodevenv/site/16/lib/node_modules/nodemailer/lib/smtp-connection/index.js:982:20)
    at SMTPConnection._onData (/home/dlongqwm/nodevenv/site/16/lib/node_modules/nodemailer/lib/smtp-connection/index.js:763:14)
    at TLSSocket.SMTPConnection._onSocketData (/home/dlongqwm/nodevenv/site/16/lib/node_modules/nodemailer/lib/smtp-connection/index.js:195:44)
    at TLSSocket.emit (node:events:513:28)
    at addChunk (node:internal/streams/readable:315:12)
    at readableAddChunk (node:internal/streams/readable:289:9)
    at TLSSocket.Readable.push (node:internal/streams/readable:228:10) {
  code: 'EAUTH',
  response: '535 Authentication Failed for support@drphysioclinic.org',
  responseCode: 535,
  command: 'AUTH PLAIN'
}
Error: Invalid login: 535 Authentication Failed for support@drphysioclinic.org
    at SMTPConnection._formatError (/home/dlongqwm/nodevenv/site/16/lib/node_modules/nodemailer/lib/smtp-connection/index.js:798:19)
    at SMTPConnection._actionAUTHComplete (/home/dlongqwm/nodevenv/site/16/lib/node_modules/nodemailer/lib/smtp-connection/index.js:1577:34)
    at SMTPConnection.<anonymous> (/home/dlongqwm/nodevenv/site/16/lib/node_modules/nodemailer/lib/smtp-connection/index.js:554:26)
    at SMTPConnection._processResponse (/home/dlongqwm/nodevenv/site/16/lib/node_modules/nodemailer/lib/smtp-connection/index.js:982:20)
    at SMTPConnection._onData (/home/dlongqwm/nodevenv/site/16/lib/node_modules/nodemailer/lib/smtp-connection/index.js:763:14)
    at TLSSocket.SMTPConnection._onSocketData (/home/dlongqwm/nodevenv/site/16/lib/node_modules/nodemailer/lib/smtp-connection/index.js:195:44)
    at TLSSocket.emit (node:events:513:28)
    at addChunk (node:internal/streams/readable:315:12)
    at readableAddChunk (node:internal/streams/readable:289:9)
    at TLSSocket.Readable.push (node:internal/streams/readable:228:10) {
  code: 'EAUTH',
  response: '535 Authentication Failed for support@drphysioclinic.org',
  responseCode: 535,
  command: 'AUTH PLAIN'
}
Error: Invalid login: 535 Authentication Failed for support@drphysioclinic.org
    at SMTPConnection._formatError (/home/dlongqwm/nodevenv/site/16/lib/node_modules/nodemailer/lib/smtp-connection/index.js:798:19)
    at SMTPConnection._actionAUTHComplete (/home/dlongqwm/nodevenv/site/16/lib/node_modules/nodemailer/lib/smtp-connection/index.js:1577:34)
    at SMTPConnection.<anonymous> (/home/dlongqwm/nodevenv/site/16/lib/node_modules/nodemailer/lib/smtp-connection/index.js:554:26)
    at SMTPConnection._processResponse (/home/dlongqwm/nodevenv/site/16/lib/node_modules/nodemailer/lib/smtp-connection/index.js:982:20)
    at SMTPConnection._onData (/home/dlongqwm/nodevenv/site/16/lib/node_modules/nodemailer/lib/smtp-connection/index.js:763:14)
    at TLSSocket.SMTPConnection._onSocketData (/home/dlongqwm/nodevenv/site/16/lib/node_modules/nodemailer/lib/smtp-connection/index.js:195:44)
    at TLSSocket.emit (node:events:513:28)
    at addChunk (node:internal/streams/readable:315:12)
    at readableAddChunk (node:internal/streams/readable:289:9)
    at TLSSocket.Readable.push (node:internal/streams/readable:228:10) {
  code: 'EAUTH',
  response: '535 Authentication Failed for support@drphysioclinic.org',
  responseCode: 535,
  command: 'AUTH PLAIN'
}
Error: Invalid login: 535 Authentication Failed for support@drphysioclinic.org
    at SMTPConnection._formatError (/home/dlongqwm/nodevenv/site/16/lib/node_modules/nodemailer/lib/smtp-connection/index.js:798:19)
    at SMTPConnection._actionAUTHComplete (/home/dlongqwm/nodevenv/site/16/lib/node_modules/nodemailer/lib/smtp-connection/index.js:1577:34)
    at SMTPConnection.<anonymous> (/home/dlongqwm/nodevenv/site/16/lib/node_modules/nodemailer/lib/smtp-connection/index.js:554:26)
    at SMTPConnection._processResponse (/home/dlongqwm/nodevenv/site/16/lib/node_modules/nodemailer/lib/smtp-connection/index.js:982:20)
    at SMTPConnection._onData (/home/dlongqwm/nodevenv/site/16/lib/node_modules/nodemailer/lib/smtp-connection/index.js:763:14)
    at TLSSocket.SMTPConnection._onSocketData (/home/dlongqwm/nodevenv/site/16/lib/node_modules/nodemailer/lib/smtp-connection/index.js:195:44)
    at TLSSocket.emit (node:events:513:28)
    at addChunk (node:internal/streams/readable:315:12)
    at readableAddChunk (node:internal/streams/readable:289:9)
    at TLSSocket.Readable.push (node:internal/streams/readable:228:10) {
  code: 'EAUTH',
  response: '535 Authentication Failed for support@drphysioclinic.org',
  responseCode: 535,
  command: 'AUTH PLAIN'
}
Error submitting contact form: Error: Invalid login: 535 Authentication Failed for support@drphysioclinic.org
    at SMTPConnection._formatError (/home/dlongqwm/nodevenv/site/16/lib/node_modules/nodemailer/lib/smtp-connection/index.js:798:19)
    at SMTPConnection._actionAUTHComplete (/home/dlongqwm/nodevenv/site/16/lib/node_modules/nodemailer/lib/smtp-connection/index.js:1577:34)
    at SMTPConnection.<anonymous> (/home/dlongqwm/nodevenv/site/16/lib/node_modules/nodemailer/lib/smtp-connection/index.js:554:26)
    at SMTPConnection._processResponse (/home/dlongqwm/nodevenv/site/16/lib/node_modules/nodemailer/lib/smtp-connection/index.js:982:20)
    at SMTPConnection._onData (/home/dlongqwm/nodevenv/site/16/lib/node_modules/nodemailer/lib/smtp-connection/index.js:763:14)
    at TLSSocket.SMTPConnection._onSocketData (/home/dlongqwm/nodevenv/site/16/lib/node_modules/nodemailer/lib/smtp-connection/index.js:195:44)
    at TLSSocket.emit (node:events:513:28)
    at addChunk (node:internal/streams/readable:315:12)
    at readableAddChunk (node:internal/streams/readable:289:9)
    at TLSSocket.Readable.push (node:internal/streams/readable:228:10) {
  code: 'EAUTH',
  response: '535 Authentication Failed for support@drphysioclinic.org',
  responseCode: 535,
  command: 'AUTH PLAIN'
}
Error: Connection timeout
    at SMTPConnection._formatError (/home/dlongqwm/nodevenv/site/16/lib/node_modules/nodemailer/lib/smtp-connection/index.js:798:19)
    at SMTPConnection._onError (/home/dlongqwm/nodevenv/site/16/lib/node_modules/nodemailer/lib/smtp-connection/index.js:784:20)
    at Timeout.<anonymous> (/home/dlongqwm/nodevenv/site/16/lib/node_modules/nodemailer/lib/smtp-connection/index.js:237:22)
    at listOnTimeout (node:internal/timers:559:17)
    at processTimers (node:internal/timers:502:7) {
  code: 'ETIMEDOUT',
  command: 'CONN'
}
Error: Connection timeout
    at SMTPConnection._formatError (/home/dlongqwm/nodevenv/site/16/lib/node_modules/nodemailer/lib/smtp-connection/index.js:798:19)
    at SMTPConnection._onError (/home/dlongqwm/nodevenv/site/16/lib/node_modules/nodemailer/lib/smtp-connection/index.js:784:20)
    at Timeout.<anonymous> (/home/dlongqwm/nodevenv/site/16/lib/node_modules/nodemailer/lib/smtp-connection/index.js:237:22)
    at listOnTimeout (node:internal/timers:559:17)
    at processTimers (node:internal/timers:502:7) {
  code: 'ETIMEDOUT',
  command: 'CONN'
}
Error submitting contact form: Error: Invalid login: 535 Authentication Failed for support@drphysioclinic.org
    at SMTPConnection._formatError (/home/dlongqwm/nodevenv/site/16/lib/node_modules/nodemailer/lib/smtp-connection/index.js:798:19)
    at SMTPConnection._actionAUTHComplete (/home/dlongqwm/nodevenv/site/16/lib/node_modules/nodemailer/lib/smtp-connection/index.js:1577:34)
    at SMTPConnection.<anonymous> (/home/dlongqwm/nodevenv/site/16/lib/node_modules/nodemailer/lib/smtp-connection/index.js:554:26)
    at SMTPConnection._processResponse (/home/dlongqwm/nodevenv/site/16/lib/node_modules/nodemailer/lib/smtp-connection/index.js:982:20)
    at SMTPConnection._onData (/home/dlongqwm/nodevenv/site/16/lib/node_modules/nodemailer/lib/smtp-connection/index.js:763:14)
    at TLSSocket.SMTPConnection._onSocketData (/home/dlongqwm/nodevenv/site/16/lib/node_modules/nodemailer/lib/smtp-connection/index.js:195:44)
    at TLSSocket.emit (node:events:513:28)
    at addChunk (node:internal/streams/readable:315:12)
    at readableAddChunk (node:internal/streams/readable:289:9)
    at TLSSocket.Readable.push (node:internal/streams/readable:228:10) {
  code: 'EAUTH',
  response: '535 Authentication Failed for support@drphysioclinic.org',
  responseCode: 535,
  command: 'AUTH PLAIN'
}
Error submitting contact form: Error: Connection timeout
    at SMTPConnection._formatError (/home/dlongqwm/nodevenv/site/16/lib/node_modules/nodemailer/lib/smtp-connection/index.js:798:19)
    at SMTPConnection._onError (/home/dlongqwm/nodevenv/site/16/lib/node_modules/nodemailer/lib/smtp-connection/index.js:784:20)
    at Timeout.<anonymous> (/home/dlongqwm/nodevenv/site/16/lib/node_modules/nodemailer/lib/smtp-connection/index.js:237:22)
    at listOnTimeout (node:internal/timers:559:17)
    at processTimers (node:internal/timers:502:7) {
  code: 'ETIMEDOUT',
  command: 'CONN'
}
Error submitting contact form: Error: Connection timeout
    at SMTPConnection._formatError (/home/dlongqwm/nodevenv/site/16/lib/node_modules/nodemailer/lib/smtp-connection/index.js:798:19)
    at SMTPConnection._onError (/home/dlongqwm/nodevenv/site/16/lib/node_modules/nodemailer/lib/smtp-connection/index.js:784:20)
    at Timeout.<anonymous> (/home/dlongqwm/nodevenv/site/16/lib/node_modules/nodemailer/lib/smtp-connection/index.js:237:22)
    at listOnTimeout (node:internal/timers:559:17)
    at processTimers (node:internal/timers:502:7) {
  code: 'ETIMEDOUT',
  command: 'CONN'
}
Error: Connection timeout
    at SMTPConnection._formatError (/home/dlongqwm/nodevenv/site/16/lib/node_modules/nodemailer/lib/smtp-connection/index.js:798:19)
    at SMTPConnection._onError (/home/dlongqwm/nodevenv/site/16/lib/node_modules/nodemailer/lib/smtp-connection/index.js:784:20)
    at Timeout.<anonymous> (/home/dlongqwm/nodevenv/site/16/lib/node_modules/nodemailer/lib/smtp-connection/index.js:237:22)
    at listOnTimeout (node:internal/timers:559:17)
    at processTimers (node:internal/timers:502:7) {
  code: 'ETIMEDOUT',
  command: 'CONN'
}
Error: Connection timeout
    at SMTPConnection._formatError (/home/dlongqwm/nodevenv/site/16/lib/node_modules/nodemailer/lib/smtp-connection/index.js:798:19)
    at SMTPConnection._onError (/home/dlongqwm/nodevenv/site/16/lib/node_modules/nodemailer/lib/smtp-connection/index.js:784:20)
    at Timeout.<anonymous> (/home/dlongqwm/nodevenv/site/16/lib/node_modules/nodemailer/lib/smtp-connection/index.js:237:22)
    at listOnTimeout (node:internal/timers:559:17)
    at processTimers (node:internal/timers:502:7) {
  code: 'ETIMEDOUT',
  command: 'CONN'
}
Error submitting contact form: Error: Connection timeout
    at SMTPConnection._formatError (/home/dlongqwm/nodevenv/site/16/lib/node_modules/nodemailer/lib/smtp-connection/index.js:798:19)
    at SMTPConnection._onError (/home/dlongqwm/nodevenv/site/16/lib/node_modules/nodemailer/lib/smtp-connection/index.js:784:20)
    at Timeout.<anonymous> (/home/dlongqwm/nodevenv/site/16/lib/node_modules/nodemailer/lib/smtp-connection/index.js:237:22)
    at listOnTimeout (node:internal/timers:559:17)
    at processTimers (node:internal/timers:502:7) {
  code: 'ETIMEDOUT',
  command: 'CONN'
}
Error submitting contact form: Error: Invalid login: 535 Authentication Failed for support@drphysioclinic.org
    at SMTPConnection._formatError (/home/dlongqwm/nodevenv/site/16/lib/node_modules/nodemailer/lib/smtp-connection/index.js:798:19)
    at SMTPConnection._actionAUTHComplete (/home/dlongqwm/nodevenv/site/16/lib/node_modules/nodemailer/lib/smtp-connection/index.js:1577:34)
    at SMTPConnection.<anonymous> (/home/dlongqwm/nodevenv/site/16/lib/node_modules/nodemailer/lib/smtp-connection/index.js:554:26)
    at SMTPConnection._processResponse (/home/dlongqwm/nodevenv/site/16/lib/node_modules/nodemailer/lib/smtp-connection/index.js:982:20)
    at SMTPConnection._onData (/home/dlongqwm/nodevenv/site/16/lib/node_modules/nodemailer/lib/smtp-connection/index.js:763:14)
    at TLSSocket.SMTPConnection._onSocketData (/home/dlongqwm/nodevenv/site/16/lib/node_modules/nodemailer/lib/smtp-connection/index.js:195:44)
    at TLSSocket.emit (node:events:513:28)
    at addChunk (node:internal/streams/readable:315:12)
    at readableAddChunk (node:internal/streams/readable:289:9)
    at TLSSocket.Readable.push (node:internal/streams/readable:228:10) {
  code: 'EAUTH',
  response: '535 Authentication Failed for support@drphysioclinic.org',
  responseCode: 535,
  command: 'AUTH PLAIN'
}
Error: Invalid login: 535 Authentication Failed for support@drphysioclinic.org
    at SMTPConnection._formatError (/home/dlongqwm/nodevenv/site/16/lib/node_modules/nodemailer/lib/smtp-connection/index.js:798:19)
    at SMTPConnection._actionAUTHComplete (/home/dlongqwm/nodevenv/site/16/lib/node_modules/nodemailer/lib/smtp-connection/index.js:1577:34)
    at SMTPConnection.<anonymous> (/home/dlongqwm/nodevenv/site/16/lib/node_modules/nodemailer/lib/smtp-connection/index.js:554:26)
    at SMTPConnection._processResponse (/home/dlongqwm/nodevenv/site/16/lib/node_modules/nodemailer/lib/smtp-connection/index.js:982:20)
    at SMTPConnection._onData (/home/dlongqwm/nodevenv/site/16/lib/node_modules/nodemailer/lib/smtp-connection/index.js:763:14)
    at TLSSocket.SMTPConnection._onSocketData (/home/dlongqwm/nodevenv/site/16/lib/node_modules/nodemailer/lib/smtp-connection/index.js:195:44)
    at TLSSocket.emit (node:events:513:28)
    at addChunk (node:internal/streams/readable:315:12)
    at readableAddChunk (node:internal/streams/readable:289:9)
    at TLSSocket.Readable.push (node:internal/streams/readable:228:10) {
  code: 'EAUTH',
  response: '535 Authentication Failed for support@drphysioclinic.org',
  responseCode: 535,
  command: 'AUTH PLAIN'
}
Error: Invalid login: 535 Authentication Failed for support@drphysioclinic.org
    at SMTPConnection._formatError (/home/dlongqwm/nodevenv/site/16/lib/node_modules/nodemailer/lib/smtp-connection/index.js:798:19)
    at SMTPConnection._actionAUTHComplete (/home/dlongqwm/nodevenv/site/16/lib/node_modules/nodemailer/lib/smtp-connection/index.js:1577:34)
    at SMTPConnection.<anonymous> (/home/dlongqwm/nodevenv/site/16/lib/node_modules/nodemailer/lib/smtp-connection/index.js:554:26)
    at SMTPConnection._processResponse (/home/dlongqwm/nodevenv/site/16/lib/node_modules/nodemailer/lib/smtp-connection/index.js:982:20)
    at SMTPConnection._onData (/home/dlongqwm/nodevenv/site/16/lib/node_modules/nodemailer/lib/smtp-connection/index.js:763:14)
    at TLSSocket.SMTPConnection._onSocketData (/home/dlongqwm/nodevenv/site/16/lib/node_modules/nodemailer/lib/smtp-connection/index.js:195:44)
    at TLSSocket.emit (node:events:513:28)
    at addChunk (node:internal/streams/readable:315:12)
    at readableAddChunk (node:internal/streams/readable:289:9)
    at TLSSocket.Readable.push (node:internal/streams/readable:228:10) {
  code: 'EAUTH',
  response: '535 Authentication Failed for support@drphysioclinic.org',
  responseCode: 535,
  command: 'AUTH PLAIN'
}
Error: Invalid login: 535 Authentication Failed for support@drphysioclinic.org
    at SMTPConnection._formatError (/home/dlongqwm/nodevenv/site/16/lib/node_modules/nodemailer/lib/smtp-connection/index.js:798:19)
    at SMTPConnection._actionAUTHComplete (/home/dlongqwm/nodevenv/site/16/lib/node_modules/nodemailer/lib/smtp-connection/index.js:1577:34)
    at SMTPConnection.<anonymous> (/home/dlongqwm/nodevenv/site/16/lib/node_modules/nodemailer/lib/smtp-connection/index.js:554:26)
    at SMTPConnection._processResponse (/home/dlongqwm/nodevenv/site/16/lib/node_modules/nodemailer/lib/smtp-connection/index.js:982:20)
    at SMTPConnection._onData (/home/dlongqwm/nodevenv/site/16/lib/node_modules/nodemailer/lib/smtp-connection/index.js:763:14)
    at TLSSocket.SMTPConnection._onSocketData (/home/dlongqwm/nodevenv/site/16/lib/node_modules/nodemailer/lib/smtp-connection/index.js:195:44)
    at TLSSocket.emit (node:events:513:28)
    at addChunk (node:internal/streams/readable:315:12)
    at readableAddChunk (node:internal/streams/readable:289:9)
    at TLSSocket.Readable.push (node:internal/streams/readable:228:10) {
  code: 'EAUTH',
  response: '535 Authentication Failed for support@drphysioclinic.org',
  responseCode: 535,
  command: 'AUTH PLAIN'
}
Error: Invalid login: 535 Authentication Failed for support@drphysioclinic.org
    at SMTPConnection._formatError (/home/dlongqwm/nodevenv/site/16/lib/node_modules/nodemailer/lib/smtp-connection/index.js:798:19)
    at SMTPConnection._actionAUTHComplete (/home/dlongqwm/nodevenv/site/16/lib/node_modules/nodemailer/lib/smtp-connection/index.js:1577:34)
    at SMTPConnection.<anonymous> (/home/dlongqwm/nodevenv/site/16/lib/node_modules/nodemailer/lib/smtp-connection/index.js:554:26)
    at SMTPConnection._processResponse (/home/dlongqwm/nodevenv/site/16/lib/node_modules/nodemailer/lib/smtp-connection/index.js:982:20)
    at SMTPConnection._onData (/home/dlongqwm/nodevenv/site/16/lib/node_modules/nodemailer/lib/smtp-connection/index.js:763:14)
    at TLSSocket.SMTPConnection._onSocketData (/home/dlongqwm/nodevenv/site/16/lib/node_modules/nodemailer/lib/smtp-connection/index.js:195:44)
    at TLSSocket.emit (node:events:513:28)
    at addChunk (node:internal/streams/readable:315:12)
    at readableAddChunk (node:internal/streams/readable:289:9)
    at TLSSocket.Readable.push (node:internal/streams/readable:228:10) {
  code: 'EAUTH',
  response: '535 Authentication Failed for support@drphysioclinic.org',
  responseCode: 535,
  command: 'AUTH PLAIN'
}
Error: Connection timeout
    at SMTPConnection._formatError (/home/dlongqwm/nodevenv/site/16/lib/node_modules/nodemailer/lib/smtp-connection/index.js:798:19)
    at SMTPConnection._onError (/home/dlongqwm/nodevenv/site/16/lib/node_modules/nodemailer/lib/smtp-connection/index.js:784:20)
    at Timeout.<anonymous> (/home/dlongqwm/nodevenv/site/16/lib/node_modules/nodemailer/lib/smtp-connection/index.js:237:22)
    at listOnTimeout (node:internal/timers:559:17)
    at processTimers (node:internal/timers:502:7) {
  code: 'ETIMEDOUT',
  command: 'CONN'
}
Error: Connection timeout
    at SMTPConnection._formatError (/home/dlongqwm/nodevenv/site/16/lib/node_modules/nodemailer/lib/smtp-connection/index.js:798:19)
    at SMTPConnection._onError (/home/dlongqwm/nodevenv/site/16/lib/node_modules/nodemailer/lib/smtp-connection/index.js:784:20)
    at Timeout.<anonymous> (/home/dlongqwm/nodevenv/site/16/lib/node_modules/nodemailer/lib/smtp-connection/index.js:237:22)
    at listOnTimeout (node:internal/timers:559:17)
    at processTimers (node:internal/timers:502:7) {
  code: 'ETIMEDOUT',
  command: 'CONN'
}
Error: Invalid login: 535 Authentication Failed for support@drphysioclinic.org
    at SMTPConnection._formatError (/home/dlongqwm/nodevenv/site/16/lib/node_modules/nodemailer/lib/smtp-connection/index.js:798:19)
    at SMTPConnection._actionAUTHComplete (/home/dlongqwm/nodevenv/site/16/lib/node_modules/nodemailer/lib/smtp-connection/index.js:1577:34)
    at SMTPConnection.<anonymous> (/home/dlongqwm/nodevenv/site/16/lib/node_modules/nodemailer/lib/smtp-connection/index.js:554:26)
    at SMTPConnection._processResponse (/home/dlongqwm/nodevenv/site/16/lib/node_modules/nodemailer/lib/smtp-connection/index.js:982:20)
    at SMTPConnection._onData (/home/dlongqwm/nodevenv/site/16/lib/node_modules/nodemailer/lib/smtp-connection/index.js:763:14)
    at TLSSocket.SMTPConnection._onSocketData (/home/dlongqwm/nodevenv/site/16/lib/node_modules/nodemailer/lib/smtp-connection/index.js:195:44)
    at TLSSocket.emit (node:events:513:28)
    at addChunk (node:internal/streams/readable:315:12)
    at readableAddChunk (node:internal/streams/readable:289:9)
    at TLSSocket.Readable.push (node:internal/streams/readable:228:10) {
  code: 'EAUTH',
  response: '535 Authentication Failed for support@drphysioclinic.org',
  responseCode: 535,
  command: 'AUTH PLAIN'
}
Error submitting contact form: Error: Invalid login: 535 Authentication Failed for support@drphysioclinic.org
    at SMTPConnection._formatError (/home/dlongqwm/nodevenv/site/16/lib/node_modules/nodemailer/lib/smtp-connection/index.js:798:19)
    at SMTPConnection._actionAUTHComplete (/home/dlongqwm/nodevenv/site/16/lib/node_modules/nodemailer/lib/smtp-connection/index.js:1577:34)
    at SMTPConnection.<anonymous> (/home/dlongqwm/nodevenv/site/16/lib/node_modules/nodemailer/lib/smtp-connection/index.js:554:26)
    at SMTPConnection._processResponse (/home/dlongqwm/nodevenv/site/16/lib/node_modules/nodemailer/lib/smtp-connection/index.js:982:20)
    at SMTPConnection._onData (/home/dlongqwm/nodevenv/site/16/lib/node_modules/nodemailer/lib/smtp-connection/index.js:763:14)
    at TLSSocket.SMTPConnection._onSocketData (/home/dlongqwm/nodevenv/site/16/lib/node_modules/nodemailer/lib/smtp-connection/index.js:195:44)
    at TLSSocket.emit (node:events:513:28)
    at addChunk (node:internal/streams/readable:315:12)
    at readableAddChunk (node:internal/streams/readable:289:9)
    at TLSSocket.Readable.push (node:internal/streams/readable:228:10) {
  code: 'EAUTH',
  response: '535 Authentication Failed for support@drphysioclinic.org',
  responseCode: 535,
  command: 'AUTH PLAIN'
}
Error: Invalid login: 535 Authentication Failed for support@drphysioclinic.org
    at SMTPConnection._formatError (/home/dlongqwm/nodevenv/site/16/lib/node_modules/nodemailer/lib/smtp-connection/index.js:798:19)
    at SMTPConnection._actionAUTHComplete (/home/dlongqwm/nodevenv/site/16/lib/node_modules/nodemailer/lib/smtp-connection/index.js:1577:34)
    at SMTPConnection.<anonymous> (/home/dlongqwm/nodevenv/site/16/lib/node_modules/nodemailer/lib/smtp-connection/index.js:554:26)
    at SMTPConnection._processResponse (/home/dlongqwm/nodevenv/site/16/lib/node_modules/nodemailer/lib/smtp-connection/index.js:982:20)
    at SMTPConnection._onData (/home/dlongqwm/nodevenv/site/16/lib/node_modules/nodemailer/lib/smtp-connection/index.js:763:14)
    at TLSSocket.SMTPConnection._onSocketData (/home/dlongqwm/nodevenv/site/16/lib/node_modules/nodemailer/lib/smtp-connection/index.js:195:44)
    at TLSSocket.emit (node:events:513:28)
    at addChunk (node:internal/streams/readable:315:12)
    at readableAddChunk (node:internal/streams/readable:289:9)
    at TLSSocket.Readable.push (node:internal/streams/readable:228:10) {
  code: 'EAUTH',
  response: '535 Authentication Failed for support@drphysioclinic.org',
  responseCode: 535,
  command: 'AUTH PLAIN'
}
Error submitting contact form: Error: Invalid login: 535 Authentication Failed for support@drphysioclinic.org
    at SMTPConnection._formatError (/home/dlongqwm/nodevenv/site/16/lib/node_modules/nodemailer/lib/smtp-connection/index.js:798:19)
    at SMTPConnection._actionAUTHComplete (/home/dlongqwm/nodevenv/site/16/lib/node_modules/nodemailer/lib/smtp-connection/index.js:1577:34)
    at SMTPConnection.<anonymous> (/home/dlongqwm/nodevenv/site/16/lib/node_modules/nodemailer/lib/smtp-connection/index.js:554:26)
    at SMTPConnection._processResponse (/home/dlongqwm/nodevenv/site/16/lib/node_modules/nodemailer/lib/smtp-connection/index.js:982:20)
    at SMTPConnection._onData (/home/dlongqwm/nodevenv/site/16/lib/node_modules/nodemailer/lib/smtp-connection/index.js:763:14)
    at TLSSocket.SMTPConnection._onSocketData (/home/dlongqwm/nodevenv/site/16/lib/node_modules/nodemailer/lib/smtp-connection/index.js:195:44)
    at TLSSocket.emit (node:events:513:28)
    at addChunk (node:internal/streams/readable:315:12)
    at readableAddChunk (node:internal/streams/readable:289:9)
    at TLSSocket.Readable.push (node:internal/streams/readable:228:10) {
  code: 'EAUTH',
  response: '535 Authentication Failed for support@drphysioclinic.org',
  responseCode: 535,
  command: 'AUTH PLAIN'
}
Error submitting contact form: Error: Invalid login: 535 Authentication Failed for support@drphysioclinic.org
    at SMTPConnection._formatError (/home/dlongqwm/nodevenv/site/16/lib/node_modules/nodemailer/lib/smtp-connection/index.js:798:19)
    at SMTPConnection._actionAUTHComplete (/home/dlongqwm/nodevenv/site/16/lib/node_modules/nodemailer/lib/smtp-connection/index.js:1577:34)
    at SMTPConnection.<anonymous> (/home/dlongqwm/nodevenv/site/16/lib/node_modules/nodemailer/lib/smtp-connection/index.js:554:26)
    at SMTPConnection._processResponse (/home/dlongqwm/nodevenv/site/16/lib/node_modules/nodemailer/lib/smtp-connection/index.js:982:20)
    at SMTPConnection._onData (/home/dlongqwm/nodevenv/site/16/lib/node_modules/nodemailer/lib/smtp-connection/index.js:763:14)
    at TLSSocket.SMTPConnection._onSocketData (/home/dlongqwm/nodevenv/site/16/lib/node_modules/nodemailer/lib/smtp-connection/index.js:195:44)
    at TLSSocket.emit (node:events:513:28)
    at addChunk (node:internal/streams/readable:315:12)
    at readableAddChunk (node:internal/streams/readable:289:9)
    at TLSSocket.Readable.push (node:internal/streams/readable:228:10) {
  code: 'EAUTH',
  response: '535 Authentication Failed for support@drphysioclinic.org',
  responseCode: 535,
  command: 'AUTH PLAIN'
}
Error: Invalid login: 535 Authentication Failed for support@drphysioclinic.org
    at SMTPConnection._formatError (/home/dlongqwm/nodevenv/site/16/lib/node_modules/nodemailer/lib/smtp-connection/index.js:798:19)
    at SMTPConnection._actionAUTHComplete (/home/dlongqwm/nodevenv/site/16/lib/node_modules/nodemailer/lib/smtp-connection/index.js:1577:34)
    at SMTPConnection.<anonymous> (/home/dlongqwm/nodevenv/site/16/lib/node_modules/nodemailer/lib/smtp-connection/index.js:554:26)
    at SMTPConnection._processResponse (/home/dlongqwm/nodevenv/site/16/lib/node_modules/nodemailer/lib/smtp-connection/index.js:982:20)
    at SMTPConnection._onData (/home/dlongqwm/nodevenv/site/16/lib/node_modules/nodemailer/lib/smtp-connection/index.js:763:14)
    at TLSSocket.SMTPConnection._onSocketData (/home/dlongqwm/nodevenv/site/16/lib/node_modules/nodemailer/lib/smtp-connection/index.js:195:44)
    at TLSSocket.emit (node:events:513:28)
    at addChunk (node:internal/streams/readable:315:12)
    at readableAddChunk (node:internal/streams/readable:289:9)
    at TLSSocket.Readable.push (node:internal/streams/readable:228:10) {
  code: 'EAUTH',
  response: '535 Authentication Failed for support@drphysioclinic.org',
  responseCode: 535,
  command: 'AUTH PLAIN'
}
Error: Appointment validation failed: phoneNumber: Cast to Number failed for value "94970 06777" (type string) at path "phoneNumber"
    at ValidationError.inspect (/home/dlongqwm/nodevenv/site/16/lib/node_modules/mongoose/lib/error/validation.js:50:26)
    at formatValue (node:internal/util/inspect:806:19)
    at inspect (node:internal/util/inspect:365:10)
    at formatWithOptionsInternal (node:internal/util/inspect:2292:40)
    at formatWithOptions (node:internal/util/inspect:2154:10)
    at console.value (node:internal/console/constructor:348:14)
    at console.warn (node:internal/console/constructor:381:61)
    at /home/dlongqwm/site/server.js:96:13
    at runMicrotasks (<anonymous>)
    at processTicksAndRejections (node:internal/process/task_queues:96:5) {
  errors: {
    phoneNumber: CastError: Cast to Number failed for value "94970 06777" (type string) at path "phoneNumber"
        at SchemaNumber.cast (/home/dlongqwm/nodevenv/site/16/lib/node_modules/mongoose/lib/schema/number.js:380:11)
        at SchemaNumber.SchemaType.applySetters (/home/dlongqwm/nodevenv/site/16/lib/node_modules/mongoose/lib/schemaType.js:1236:12)
        at model.$set (/home/dlongqwm/nodevenv/site/16/lib/node_modules/mongoose/lib/document.js:1417:22)
        at model.$set (/home/dlongqwm/nodevenv/site/16/lib/node_modules/mongoose/lib/document.js:1113:16)
        at model.Document (/home/dlongqwm/nodevenv/site/16/lib/node_modules/mongoose/lib/document.js:166:12)
        at model.Model (/home/dlongqwm/nodevenv/site/16/lib/node_modules/mongoose/lib/model.js:131:12)
        at new model (/home/dlongqwm/nodevenv/site/16/lib/node_modules/mongoose/lib/model.js:4816:15)
        at /home/dlongqwm/site/server.js:75:25
        at Layer.handle [as handle_request] (/home/dlongqwm/nodevenv/site/16/lib/node_modules/express/lib/router/layer.js:95:5)
        at next (/home/dlongqwm/nodevenv/site/16/lib/node_modules/express/lib/router/route.js:149:13) {
      stringValue: '"94970 06777"',
      messageFormat: undefined,
      kind: 'Number',
      value: '94970 06777',
      path: 'phoneNumber',
      reason: AssertionError [ERR_ASSERTION]: The expression evaluated to a falsy value:
      
        assert.ok(!isNaN(val))
      
          at castNumber (/home/dlongqwm/nodevenv/site/16/lib/node_modules/mongoose/lib/cast/number.js:27:10)
          at SchemaNumber.cast (/home/dlongqwm/nodevenv/site/16/lib/node_modules/mongoose/lib/schema/number.js:378:12)
          at SchemaNumber.SchemaType.applySetters (/home/dlongqwm/nodevenv/site/16/lib/node_modules/mongoose/lib/schemaType.js:1236:12)
          at model.$set (/home/dlongqwm/nodevenv/site/16/lib/node_modules/mongoose/lib/document.js:1417:22)
          at model.$set (/home/dlongqwm/nodevenv/site/16/lib/node_modules/mongoose/lib/document.js:1113:16)
          at model.Document (/home/dlongqwm/nodevenv/site/16/lib/node_modules/mongoose/lib/document.js:166:12)
          at model.Model (/home/dlongqwm/nodevenv/site/16/lib/node_modules/mongoose/lib/model.js:131:12)
          at new model (/home/dlongqwm/nodevenv/site/16/lib/node_modules/mongoose/lib/model.js:4816:15)
          at /home/dlongqwm/site/server.js:75:25
          at Layer.handle [as handle_request] (/home/dlongqwm/nodevenv/site/16/lib/node_modules/express/lib/router/layer.js:95:5) {
        generatedMessage: true,
        code: 'ERR_ASSERTION',
        actual: false,
        expected: true,
        operator: '=='
      },
      valueType: 'string'
    }
  },
  _message: 'Appointment validation failed'
}
Error submitting contact form: Error: Invalid login: 535 Authentication Failed for support@drphysioclinic.org
    at SMTPConnection._formatError (/home/dlongqwm/nodevenv/site/16/lib/node_modules/nodemailer/lib/smtp-connection/index.js:798:19)
    at SMTPConnection._actionAUTHComplete (/home/dlongqwm/nodevenv/site/16/lib/node_modules/nodemailer/lib/smtp-connection/index.js:1577:34)
    at SMTPConnection.<anonymous> (/home/dlongqwm/nodevenv/site/16/lib/node_modules/nodemailer/lib/smtp-connection/index.js:554:26)
    at SMTPConnection._processResponse (/home/dlongqwm/nodevenv/site/16/lib/node_modules/nodemailer/lib/smtp-connection/index.js:982:20)
    at SMTPConnection._onData (/home/dlongqwm/nodevenv/site/16/lib/node_modules/nodemailer/lib/smtp-connection/index.js:763:14)
    at TLSSocket.SMTPConnection._onSocketData (/home/dlongqwm/nodevenv/site/16/lib/node_modules/nodemailer/lib/smtp-connection/index.js:195:44)
    at TLSSocket.emit (node:events:513:28)
    at addChunk (node:internal/streams/readable:315:12)
    at readableAddChunk (node:internal/streams/readable:289:9)
    at TLSSocket.Readable.push (node:internal/streams/readable:228:10) {
  code: 'EAUTH',
  response: '535 Authentication Failed for support@drphysioclinic.org',
  responseCode: 535,
  command: 'AUTH PLAIN'
}
Error submitting contact form: Error: Invalid login: 535 Authentication Failed for support@drphysioclinic.org
    at SMTPConnection._formatError (/home/dlongqwm/nodevenv/site/16/lib/node_modules/nodemailer/lib/smtp-connection/index.js:798:19)
    at SMTPConnection._actionAUTHComplete (/home/dlongqwm/nodevenv/site/16/lib/node_modules/nodemailer/lib/smtp-connection/index.js:1577:34)
    at SMTPConnection.<anonymous> (/home/dlongqwm/nodevenv/site/16/lib/node_modules/nodemailer/lib/smtp-connection/index.js:554:26)
    at SMTPConnection._processResponse (/home/dlongqwm/nodevenv/site/16/lib/node_modules/nodemailer/lib/smtp-connection/index.js:982:20)
    at SMTPConnection._onData (/home/dlongqwm/nodevenv/site/16/lib/node_modules/nodemailer/lib/smtp-connection/index.js:763:14)
    at TLSSocket.SMTPConnection._onSocketData (/home/dlongqwm/nodevenv/site/16/lib/node_modules/nodemailer/lib/smtp-connection/index.js:195:44)
    at TLSSocket.emit (node:events:513:28)
    at addChunk (node:internal/streams/readable:315:12)
    at readableAddChunk (node:internal/streams/readable:289:9)
    at TLSSocket.Readable.push (node:internal/streams/readable:228:10) {
  code: 'EAUTH',
  response: '535 Authentication Failed for support@drphysioclinic.org',
  responseCode: 535,
  command: 'AUTH PLAIN'
}
Error submitting contact form: Error: Invalid login: 535 Authentication Failed for support@drphysioclinic.org
    at SMTPConnection._formatError (/home/dlongqwm/nodevenv/site/16/lib/node_modules/nodemailer/lib/smtp-connection/index.js:798:19)
    at SMTPConnection._actionAUTHComplete (/home/dlongqwm/nodevenv/site/16/lib/node_modules/nodemailer/lib/smtp-connection/index.js:1577:34)
    at SMTPConnection.<anonymous> (/home/dlongqwm/nodevenv/site/16/lib/node_modules/nodemailer/lib/smtp-connection/index.js:554:26)
    at SMTPConnection._processResponse (/home/dlongqwm/nodevenv/site/16/lib/node_modules/nodemailer/lib/smtp-connection/index.js:982:20)
    at SMTPConnection._onData (/home/dlongqwm/nodevenv/site/16/lib/node_modules/nodemailer/lib/smtp-connection/index.js:763:14)
    at TLSSocket.SMTPConnection._onSocketData (/home/dlongqwm/nodevenv/site/16/lib/node_modules/nodemailer/lib/smtp-connection/index.js:195:44)
    at TLSSocket.emit (node:events:513:28)
    at addChunk (node:internal/streams/readable:315:12)
    at readableAddChunk (node:internal/streams/readable:289:9)
    at TLSSocket.Readable.push (node:internal/streams/readable:228:10) {
  code: 'EAUTH',
  response: '535 Authentication Failed for support@drphysioclinic.org',
  responseCode: 535,
  command: 'AUTH PLAIN'
}
Error submitting contact form: Error: Invalid login: 535 Authentication Failed for support@drphysioclinic.org
    at SMTPConnection._formatError (/home/dlongqwm/nodevenv/site/16/lib/node_modules/nodemailer/lib/smtp-connection/index.js:798:19)
    at SMTPConnection._actionAUTHComplete (/home/dlongqwm/nodevenv/site/16/lib/node_modules/nodemailer/lib/smtp-connection/index.js:1577:34)
    at SMTPConnection.<anonymous> (/home/dlongqwm/nodevenv/site/16/lib/node_modules/nodemailer/lib/smtp-connection/index.js:554:26)
    at SMTPConnection._processResponse (/home/dlongqwm/nodevenv/site/16/lib/node_modules/nodemailer/lib/smtp-connection/index.js:982:20)
    at SMTPConnection._onData (/home/dlongqwm/nodevenv/site/16/lib/node_modules/nodemailer/lib/smtp-connection/index.js:763:14)
    at TLSSocket.SMTPConnection._onSocketData (/home/dlongqwm/nodevenv/site/16/lib/node_modules/nodemailer/lib/smtp-connection/index.js:195:44)
    at TLSSocket.emit (node:events:513:28)
    at addChunk (node:internal/streams/readable:315:12)
    at readableAddChunk (node:internal/streams/readable:289:9)
    at TLSSocket.Readable.push (node:internal/streams/readable:228:10) {
  code: 'EAUTH',
  response: '535 Authentication Failed for support@drphysioclinic.org',
  responseCode: 535,
  command: 'AUTH PLAIN'
}
Error submitting contact form: Error: Invalid login: 535 Authentication Failed for support@drphysioclinic.org
    at SMTPConnection._formatError (/home/dlongqwm/nodevenv/site/16/lib/node_modules/nodemailer/lib/smtp-connection/index.js:798:19)
    at SMTPConnection._actionAUTHComplete (/home/dlongqwm/nodevenv/site/16/lib/node_modules/nodemailer/lib/smtp-connection/index.js:1577:34)
    at SMTPConnection.<anonymous> (/home/dlongqwm/nodevenv/site/16/lib/node_modules/nodemailer/lib/smtp-connection/index.js:554:26)
    at SMTPConnection._processResponse (/home/dlongqwm/nodevenv/site/16/lib/node_modules/nodemailer/lib/smtp-connection/index.js:982:20)
    at SMTPConnection._onData (/home/dlongqwm/nodevenv/site/16/lib/node_modules/nodemailer/lib/smtp-connection/index.js:763:14)
    at TLSSocket.SMTPConnection._onSocketData (/home/dlongqwm/nodevenv/site/16/lib/node_modules/nodemailer/lib/smtp-connection/index.js:195:44)
    at TLSSocket.emit (node:events:513:28)
    at addChunk (node:internal/streams/readable:315:12)
    at readableAddChunk (node:internal/streams/readable:289:9)
    at TLSSocket.Readable.push (node:internal/streams/readable:228:10) {
  code: 'EAUTH',
  response: '535 Authentication Failed for support@drphysioclinic.org',
  responseCode: 535,
  command: 'AUTH PLAIN'
}
Error: Invalid login: 535 Authentication Failed for support@drphysioclinic.org
    at SMTPConnection._formatError (/home/dlongqwm/nodevenv/site/16/lib/node_modules/nodemailer/lib/smtp-connection/index.js:798:19)
    at SMTPConnection._actionAUTHComplete (/home/dlongqwm/nodevenv/site/16/lib/node_modules/nodemailer/lib/smtp-connection/index.js:1577:34)
    at SMTPConnection.<anonymous> (/home/dlongqwm/nodevenv/site/16/lib/node_modules/nodemailer/lib/smtp-connection/index.js:554:26)
    at SMTPConnection._processResponse (/home/dlongqwm/nodevenv/site/16/lib/node_modules/nodemailer/lib/smtp-connection/index.js:982:20)
    at SMTPConnection._onData (/home/dlongqwm/nodevenv/site/16/lib/node_modules/nodemailer/lib/smtp-connection/index.js:763:14)
    at TLSSocket.SMTPConnection._onSocketData (/home/dlongqwm/nodevenv/site/16/lib/node_modules/nodemailer/lib/smtp-connection/index.js:195:44)
    at TLSSocket.emit (node:events:513:28)
    at addChunk (node:internal/streams/readable:315:12)
    at readableAddChunk (node:internal/streams/readable:289:9)
    at TLSSocket.Readable.push (node:internal/streams/readable:228:10) {
  code: 'EAUTH',
  response: '535 Authentication Failed for support@drphysioclinic.org',
  responseCode: 535,
  command: 'AUTH PLAIN'
}
Error: Invalid login: 535 Authentication Failed for support@drphysioclinic.org
    at SMTPConnection._formatError (/home/dlongqwm/nodevenv/site/16/lib/node_modules/nodemailer/lib/smtp-connection/index.js:798:19)
    at SMTPConnection._actionAUTHComplete (/home/dlongqwm/nodevenv/site/16/lib/node_modules/nodemailer/lib/smtp-connection/index.js:1577:34)
    at SMTPConnection.<anonymous> (/home/dlongqwm/nodevenv/site/16/lib/node_modules/nodemailer/lib/smtp-connection/index.js:554:26)
    at SMTPConnection._processResponse (/home/dlongqwm/nodevenv/site/16/lib/node_modules/nodemailer/lib/smtp-connection/index.js:982:20)
    at SMTPConnection._onData (/home/dlongqwm/nodevenv/site/16/lib/node_modules/nodemailer/lib/smtp-connection/index.js:763:14)
    at TLSSocket.SMTPConnection._onSocketData (/home/dlongqwm/nodevenv/site/16/lib/node_modules/nodemailer/lib/smtp-connection/index.js:195:44)
    at TLSSocket.emit (node:events:513:28)
    at addChunk (node:internal/streams/readable:315:12)
    at readableAddChunk (node:internal/streams/readable:289:9)
    at TLSSocket.Readable.push (node:internal/streams/readable:228:10) {
  code: 'EAUTH',
  response: '535 Authentication Failed for support@drphysioclinic.org',
  responseCode: 535,
  command: 'AUTH PLAIN'
}
Error: Invalid login: 535 Authentication Failed for support@drphysioclinic.org
    at SMTPConnection._formatError (/home/dlongqwm/nodevenv/site/16/lib/node_modules/nodemailer/lib/smtp-connection/index.js:798:19)
    at SMTPConnection._actionAUTHComplete (/home/dlongqwm/nodevenv/site/16/lib/node_modules/nodemailer/lib/smtp-connection/index.js:1577:34)
    at SMTPConnection.<anonymous> (/home/dlongqwm/nodevenv/site/16/lib/node_modules/nodemailer/lib/smtp-connection/index.js:554:26)
    at SMTPConnection._processResponse (/home/dlongqwm/nodevenv/site/16/lib/node_modules/nodemailer/lib/smtp-connection/index.js:982:20)
    at SMTPConnection._onData (/home/dlongqwm/nodevenv/site/16/lib/node_modules/nodemailer/lib/smtp-connection/index.js:763:14)
    at TLSSocket.SMTPConnection._onSocketData (/home/dlongqwm/nodevenv/site/16/lib/node_modules/nodemailer/lib/smtp-connection/index.js:195:44)
    at TLSSocket.emit (node:events:513:28)
    at addChunk (node:internal/streams/readable:315:12)
    at readableAddChunk (node:internal/streams/readable:289:9)
    at TLSSocket.Readable.push (node:internal/streams/readable:228:10) {
  code: 'EAUTH',
  response: '535 Authentication Failed for support@drphysioclinic.org',
  responseCode: 535,
  command: 'AUTH PLAIN'
}
Error: Invalid login: 535 Authentication Failed for support@drphysioclinic.org
    at SMTPConnection._formatError (/home/dlongqwm/nodevenv/site/16/lib/node_modules/nodemailer/lib/smtp-connection/index.js:798:19)
    at SMTPConnection._actionAUTHComplete (/home/dlongqwm/nodevenv/site/16/lib/node_modules/nodemailer/lib/smtp-connection/index.js:1577:34)
    at SMTPConnection.<anonymous> (/home/dlongqwm/nodevenv/site/16/lib/node_modules/nodemailer/lib/smtp-connection/index.js:554:26)
    at SMTPConnection._processResponse (/home/dlongqwm/nodevenv/site/16/lib/node_modules/nodemailer/lib/smtp-connection/index.js:982:20)
    at SMTPConnection._onData (/home/dlongqwm/nodevenv/site/16/lib/node_modules/nodemailer/lib/smtp-connection/index.js:763:14)
    at TLSSocket.SMTPConnection._onSocketData (/home/dlongqwm/nodevenv/site/16/lib/node_modules/nodemailer/lib/smtp-connection/index.js:195:44)
    at TLSSocket.emit (node:events:513:28)
    at addChunk (node:internal/streams/readable:315:12)
    at readableAddChunk (node:internal/streams/readable:289:9)
    at TLSSocket.Readable.push (node:internal/streams/readable:228:10) {
  code: 'EAUTH',
  response: '535 Authentication Failed for support@drphysioclinic.org',
  responseCode: 535,
  command: 'AUTH PLAIN'
}
Error submitting contact form: Error: Invalid login: 535 Authentication Failed for support@drphysioclinic.org
    at SMTPConnection._formatError (/home/dlongqwm/nodevenv/site/16/lib/node_modules/nodemailer/lib/smtp-connection/index.js:798:19)
    at SMTPConnection._actionAUTHComplete (/home/dlongqwm/nodevenv/site/16/lib/node_modules/nodemailer/lib/smtp-connection/index.js:1577:34)
    at SMTPConnection.<anonymous> (/home/dlongqwm/nodevenv/site/16/lib/node_modules/nodemailer/lib/smtp-connection/index.js:554:26)
    at SMTPConnection._processResponse (/home/dlongqwm/nodevenv/site/16/lib/node_modules/nodemailer/lib/smtp-connection/index.js:982:20)
    at SMTPConnection._onData (/home/dlongqwm/nodevenv/site/16/lib/node_modules/nodemailer/lib/smtp-connection/index.js:763:14)
    at TLSSocket.SMTPConnection._onSocketData (/home/dlongqwm/nodevenv/site/16/lib/node_modules/nodemailer/lib/smtp-connection/index.js:195:44)
    at TLSSocket.emit (node:events:513:28)
    at addChunk (node:internal/streams/readable:315:12)
    at readableAddChunk (node:internal/streams/readable:289:9)
    at TLSSocket.Readable.push (node:internal/streams/readable:228:10) {
  code: 'EAUTH',
  response: '535 Authentication Failed for support@drphysioclinic.org',
  responseCode: 535,
  command: 'AUTH PLAIN'
}
Error submitting contact form: Error: Invalid login: 535 Authentication Failed for support@drphysioclinic.org
    at SMTPConnection._formatError (/home/dlongqwm/nodevenv/site/16/lib/node_modules/nodemailer/lib/smtp-connection/index.js:798:19)
    at SMTPConnection._actionAUTHComplete (/home/dlongqwm/nodevenv/site/16/lib/node_modules/nodemailer/lib/smtp-connection/index.js:1577:34)
    at SMTPConnection.<anonymous> (/home/dlongqwm/nodevenv/site/16/lib/node_modules/nodemailer/lib/smtp-connection/index.js:554:26)
    at SMTPConnection._processResponse (/home/dlongqwm/nodevenv/site/16/lib/node_modules/nodemailer/lib/smtp-connection/index.js:982:20)
    at SMTPConnection._onData (/home/dlongqwm/nodevenv/site/16/lib/node_modules/nodemailer/lib/smtp-connection/index.js:763:14)
    at TLSSocket.SMTPConnection._onSocketData (/home/dlongqwm/nodevenv/site/16/lib/node_modules/nodemailer/lib/smtp-connection/index.js:195:44)
    at TLSSocket.emit (node:events:513:28)
    at addChunk (node:internal/streams/readable:315:12)
    at readableAddChunk (node:internal/streams/readable:289:9)
    at TLSSocket.Readable.push (node:internal/streams/readable:228:10) {
  code: 'EAUTH',
  response: '535 Authentication Failed for support@drphysioclinic.org',
  responseCode: 535,
  command: 'AUTH PLAIN'
}
Error submitting contact form: Error: Invalid login: 535 Authentication Failed for support@drphysioclinic.org
    at SMTPConnection._formatError (/home/dlongqwm/nodevenv/site/16/lib/node_modules/nodemailer/lib/smtp-connection/index.js:798:19)
    at SMTPConnection._actionAUTHComplete (/home/dlongqwm/nodevenv/site/16/lib/node_modules/nodemailer/lib/smtp-connection/index.js:1577:34)
    at SMTPConnection.<anonymous> (/home/dlongqwm/nodevenv/site/16/lib/node_modules/nodemailer/lib/smtp-connection/index.js:554:26)
    at SMTPConnection._processResponse (/home/dlongqwm/nodevenv/site/16/lib/node_modules/nodemailer/lib/smtp-connection/index.js:982:20)
    at SMTPConnection._onData (/home/dlongqwm/nodevenv/site/16/lib/node_modules/nodemailer/lib/smtp-connection/index.js:763:14)
    at TLSSocket.SMTPConnection._onSocketData (/home/dlongqwm/nodevenv/site/16/lib/node_modules/nodemailer/lib/smtp-connection/index.js:195:44)
    at TLSSocket.emit (node:events:513:28)
    at addChunk (node:internal/streams/readable:315:12)
    at readableAddChunk (node:internal/streams/readable:289:9)
    at TLSSocket.Readable.push (node:internal/streams/readable:228:10) {
  code: 'EAUTH',
  response: '535 Authentication Failed for support@drphysioclinic.org',
  responseCode: 535,
  command: 'AUTH PLAIN'
}
Error submitting contact form: Error: Invalid login: 535 Authentication Failed for support@drphysioclinic.org
    at SMTPConnection._formatError (/home/dlongqwm/nodevenv/site/16/lib/node_modules/nodemailer/lib/smtp-connection/index.js:798:19)
    at SMTPConnection._actionAUTHComplete (/home/dlongqwm/nodevenv/site/16/lib/node_modules/nodemailer/lib/smtp-connection/index.js:1577:34)
    at SMTPConnection.<anonymous> (/home/dlongqwm/nodevenv/site/16/lib/node_modules/nodemailer/lib/smtp-connection/index.js:554:26)
    at SMTPConnection._processResponse (/home/dlongqwm/nodevenv/site/16/lib/node_modules/nodemailer/lib/smtp-connection/index.js:982:20)
    at SMTPConnection._onData (/home/dlongqwm/nodevenv/site/16/lib/node_modules/nodemailer/lib/smtp-connection/index.js:763:14)
    at TLSSocket.SMTPConnection._onSocketData (/home/dlongqwm/nodevenv/site/16/lib/node_modules/nodemailer/lib/smtp-connection/index.js:195:44)
    at TLSSocket.emit (node:events:513:28)
    at addChunk (node:internal/streams/readable:315:12)
    at readableAddChunk (node:internal/streams/readable:289:9)
    at TLSSocket.Readable.push (node:internal/streams/readable:228:10) {
  code: 'EAUTH',
  response: '535 Authentication Failed for support@drphysioclinic.org',
  responseCode: 535,
  command: 'AUTH PLAIN'
}
Error submitting contact form: Error: Invalid login: 535 Authentication Failed for support@drphysioclinic.org
    at SMTPConnection._formatError (/home/dlongqwm/nodevenv/site/16/lib/node_modules/nodemailer/lib/smtp-connection/index.js:798:19)
    at SMTPConnection._actionAUTHComplete (/home/dlongqwm/nodevenv/site/16/lib/node_modules/nodemailer/lib/smtp-connection/index.js:1577:34)
    at SMTPConnection.<anonymous> (/home/dlongqwm/nodevenv/site/16/lib/node_modules/nodemailer/lib/smtp-connection/index.js:554:26)
    at SMTPConnection._processResponse (/home/dlongqwm/nodevenv/site/16/lib/node_modules/nodemailer/lib/smtp-connection/index.js:982:20)
    at SMTPConnection._onData (/home/dlongqwm/nodevenv/site/16/lib/node_modules/nodemailer/lib/smtp-connection/index.js:763:14)
    at TLSSocket.SMTPConnection._onSocketData (/home/dlongqwm/nodevenv/site/16/lib/node_modules/nodemailer/lib/smtp-connection/index.js:195:44)
    at TLSSocket.emit (node:events:513:28)
    at addChunk (node:internal/streams/readable:315:12)
    at readableAddChunk (node:internal/streams/readable:289:9)
    at TLSSocket.Readable.push (node:internal/streams/readable:228:10) {
  code: 'EAUTH',
  response: '535 Authentication Failed for support@drphysioclinic.org',
  responseCode: 535,
  command: 'AUTH PLAIN'
}
Error: Appointment validation failed: phoneNumber: Cast to Number failed for value "98445 59228 " (type string) at path "phoneNumber"
    at ValidationError.inspect (/home/dlongqwm/nodevenv/site/16/lib/node_modules/mongoose/lib/error/validation.js:50:26)
    at formatValue (node:internal/util/inspect:806:19)
    at inspect (node:internal/util/inspect:365:10)
    at formatWithOptionsInternal (node:internal/util/inspect:2292:40)
    at formatWithOptions (node:internal/util/inspect:2154:10)
    at console.value (node:internal/console/constructor:348:14)
    at console.warn (node:internal/console/constructor:381:61)
    at /home/dlongqwm/site/server.js:96:13
    at runMicrotasks (<anonymous>)
    at processTicksAndRejections (node:internal/process/task_queues:96:5) {
  errors: {
    phoneNumber: CastError: Cast to Number failed for value "98445 59228 " (type string) at path "phoneNumber"
        at SchemaNumber.cast (/home/dlongqwm/nodevenv/site/16/lib/node_modules/mongoose/lib/schema/number.js:380:11)
        at SchemaNumber.SchemaType.applySetters (/home/dlongqwm/nodevenv/site/16/lib/node_modules/mongoose/lib/schemaType.js:1236:12)
        at model.$set (/home/dlongqwm/nodevenv/site/16/lib/node_modules/mongoose/lib/document.js:1417:22)
        at model.$set (/home/dlongqwm/nodevenv/site/16/lib/node_modules/mongoose/lib/document.js:1113:16)
        at model.Document (/home/dlongqwm/nodevenv/site/16/lib/node_modules/mongoose/lib/document.js:166:12)
        at model.Model (/home/dlongqwm/nodevenv/site/16/lib/node_modules/mongoose/lib/model.js:131:12)
        at new model (/home/dlongqwm/nodevenv/site/16/lib/node_modules/mongoose/lib/model.js:4816:15)
        at /home/dlongqwm/site/server.js:75:25
        at Layer.handle [as handle_request] (/home/dlongqwm/nodevenv/site/16/lib/node_modules/express/lib/router/layer.js:95:5)
        at next (/home/dlongqwm/nodevenv/site/16/lib/node_modules/express/lib/router/route.js:149:13) {
      stringValue: '"98445 59228 "',
      messageFormat: undefined,
      kind: 'Number',
      value: '98445 59228 ',
      path: 'phoneNumber',
      reason: AssertionError [ERR_ASSERTION]: The expression evaluated to a falsy value:
      
        assert.ok(!isNaN(val))
      
          at castNumber (/home/dlongqwm/nodevenv/site/16/lib/node_modules/mongoose/lib/cast/number.js:27:10)
          at SchemaNumber.cast (/home/dlongqwm/nodevenv/site/16/lib/node_modules/mongoose/lib/schema/number.js:378:12)
          at SchemaNumber.SchemaType.applySetters (/home/dlongqwm/nodevenv/site/16/lib/node_modules/mongoose/lib/schemaType.js:1236:12)
          at model.$set (/home/dlongqwm/nodevenv/site/16/lib/node_modules/mongoose/lib/document.js:1417:22)
          at model.$set (/home/dlongqwm/nodevenv/site/16/lib/node_modules/mongoose/lib/document.js:1113:16)
          at model.Document (/home/dlongqwm/nodevenv/site/16/lib/node_modules/mongoose/lib/document.js:166:12)
          at model.Model (/home/dlongqwm/nodevenv/site/16/lib/node_modules/mongoose/lib/model.js:131:12)
          at new model (/home/dlongqwm/nodevenv/site/16/lib/node_modules/mongoose/lib/model.js:4816:15)
          at /home/dlongqwm/site/server.js:75:25
          at Layer.handle [as handle_request] (/home/dlongqwm/nodevenv/site/16/lib/node_modules/express/lib/router/layer.js:95:5) {
        generatedMessage: true,
        code: 'ERR_ASSERTION',
        actual: false,
        expected: true,
        operator: '=='
      },
      valueType: 'string'
    }
  },
  _message: 'Appointment validation failed'
}
Error: Appointment validation failed: phoneNumber: Cast to Number failed for value "98445 59228 " (type string) at path "phoneNumber"
    at ValidationError.inspect (/home/dlongqwm/nodevenv/site/16/lib/node_modules/mongoose/lib/error/validation.js:50:26)
    at formatValue (node:internal/util/inspect:806:19)
    at inspect (node:internal/util/inspect:365:10)
    at formatWithOptionsInternal (node:internal/util/inspect:2292:40)
    at formatWithOptions (node:internal/util/inspect:2154:10)
    at console.value (node:internal/console/constructor:348:14)
    at console.warn (node:internal/console/constructor:381:61)
    at /home/dlongqwm/site/server.js:96:13
    at runMicrotasks (<anonymous>)
    at processTicksAndRejections (node:internal/process/task_queues:96:5) {
  errors: {
    phoneNumber: CastError: Cast to Number failed for value "98445 59228 " (type string) at path "phoneNumber"
        at SchemaNumber.cast (/home/dlongqwm/nodevenv/site/16/lib/node_modules/mongoose/lib/schema/number.js:380:11)
        at SchemaNumber.SchemaType.applySetters (/home/dlongqwm/nodevenv/site/16/lib/node_modules/mongoose/lib/schemaType.js:1236:12)
        at model.$set (/home/dlongqwm/nodevenv/site/16/lib/node_modules/mongoose/lib/document.js:1417:22)
        at model.$set (/home/dlongqwm/nodevenv/site/16/lib/node_modules/mongoose/lib/document.js:1113:16)
        at model.Document (/home/dlongqwm/nodevenv/site/16/lib/node_modules/mongoose/lib/document.js:166:12)
        at model.Model (/home/dlongqwm/nodevenv/site/16/lib/node_modules/mongoose/lib/model.js:131:12)
        at new model (/home/dlongqwm/nodevenv/site/16/lib/node_modules/mongoose/lib/model.js:4816:15)
        at /home/dlongqwm/site/server.js:75:25
        at Layer.handle [as handle_request] (/home/dlongqwm/nodevenv/site/16/lib/node_modules/express/lib/router/layer.js:95:5)
        at next (/home/dlongqwm/nodevenv/site/16/lib/node_modules/express/lib/router/route.js:149:13) {
      stringValue: '"98445 59228 "',
      messageFormat: undefined,
      kind: 'Number',
      value: '98445 59228 ',
      path: 'phoneNumber',
      reason: AssertionError [ERR_ASSERTION]: The expression evaluated to a falsy value:
      
        assert.ok(!isNaN(val))
      
          at castNumber (/home/dlongqwm/nodevenv/site/16/lib/node_modules/mongoose/lib/cast/number.js:27:10)
          at SchemaNumber.cast (/home/dlongqwm/nodevenv/site/16/lib/node_modules/mongoose/lib/schema/number.js:378:12)
          at SchemaNumber.SchemaType.applySetters (/home/dlongqwm/nodevenv/site/16/lib/node_modules/mongoose/lib/schemaType.js:1236:12)
          at model.$set (/home/dlongqwm/nodevenv/site/16/lib/node_modules/mongoose/lib/document.js:1417:22)
          at model.$set (/home/dlongqwm/nodevenv/site/16/lib/node_modules/mongoose/lib/document.js:1113:16)
          at model.Document (/home/dlongqwm/nodevenv/site/16/lib/node_modules/mongoose/lib/document.js:166:12)
          at model.Model (/home/dlongqwm/nodevenv/site/16/lib/node_modules/mongoose/lib/model.js:131:12)
          at new model (/home/dlongqwm/nodevenv/site/16/lib/node_modules/mongoose/lib/model.js:4816:15)
          at /home/dlongqwm/site/server.js:75:25
          at Layer.handle [as handle_request] (/home/dlongqwm/nodevenv/site/16/lib/node_modules/express/lib/router/layer.js:95:5) {
        generatedMessage: true,
        code: 'ERR_ASSERTION',
        actual: false,
        expected: true,
        operator: '=='
      },
      valueType: 'string'
    }
  },
  _message: 'Appointment validation failed'
}
Error: Appointment validation failed: phoneNumber: Cast to Number failed for value "98445 59228 " (type string) at path "phoneNumber"
    at ValidationError.inspect (/home/dlongqwm/nodevenv/site/16/lib/node_modules/mongoose/lib/error/validation.js:50:26)
    at formatValue (node:internal/util/inspect:806:19)
    at inspect (node:internal/util/inspect:365:10)
    at formatWithOptionsInternal (node:internal/util/inspect:2292:40)
    at formatWithOptions (node:internal/util/inspect:2154:10)
    at console.value (node:internal/console/constructor:348:14)
    at console.warn (node:internal/console/constructor:381:61)
    at /home/dlongqwm/site/server.js:96:13
    at runMicrotasks (<anonymous>)
    at processTicksAndRejections (node:internal/process/task_queues:96:5) {
  errors: {
    phoneNumber: CastError: Cast to Number failed for value "98445 59228 " (type string) at path "phoneNumber"
        at SchemaNumber.cast (/home/dlongqwm/nodevenv/site/16/lib/node_modules/mongoose/lib/schema/number.js:380:11)
        at SchemaNumber.SchemaType.applySetters (/home/dlongqwm/nodevenv/site/16/lib/node_modules/mongoose/lib/schemaType.js:1236:12)
        at model.$set (/home/dlongqwm/nodevenv/site/16/lib/node_modules/mongoose/lib/document.js:1417:22)
        at model.$set (/home/dlongqwm/nodevenv/site/16/lib/node_modules/mongoose/lib/document.js:1113:16)
        at model.Document (/home/dlongqwm/nodevenv/site/16/lib/node_modules/mongoose/lib/document.js:166:12)
        at model.Model (/home/dlongqwm/nodevenv/site/16/lib/node_modules/mongoose/lib/model.js:131:12)
        at new model (/home/dlongqwm/nodevenv/site/16/lib/node_modules/mongoose/lib/model.js:4816:15)
        at /home/dlongqwm/site/server.js:75:25
        at Layer.handle [as handle_request] (/home/dlongqwm/nodevenv/site/16/lib/node_modules/express/lib/router/layer.js:95:5)
        at next (/home/dlongqwm/nodevenv/site/16/lib/node_modules/express/lib/router/route.js:149:13) {
      stringValue: '"98445 59228 "',
      messageFormat: undefined,
      kind: 'Number',
      value: '98445 59228 ',
      path: 'phoneNumber',
      reason: AssertionError [ERR_ASSERTION]: The expression evaluated to a falsy value:
      
        assert.ok(!isNaN(val))
      
          at castNumber (/home/dlongqwm/nodevenv/site/16/lib/node_modules/mongoose/lib/cast/number.js:27:10)
          at SchemaNumber.cast (/home/dlongqwm/nodevenv/site/16/lib/node_modules/mongoose/lib/schema/number.js:378:12)
          at SchemaNumber.SchemaType.applySetters (/home/dlongqwm/nodevenv/site/16/lib/node_modules/mongoose/lib/schemaType.js:1236:12)
          at model.$set (/home/dlongqwm/nodevenv/site/16/lib/node_modules/mongoose/lib/document.js:1417:22)
          at model.$set (/home/dlongqwm/nodevenv/site/16/lib/node_modules/mongoose/lib/document.js:1113:16)
          at model.Document (/home/dlongqwm/nodevenv/site/16/lib/node_modules/mongoose/lib/document.js:166:12)
          at model.Model (/home/dlongqwm/nodevenv/site/16/lib/node_modules/mongoose/lib/model.js:131:12)
          at new model (/home/dlongqwm/nodevenv/site/16/lib/node_modules/mongoose/lib/model.js:4816:15)
          at /home/dlongqwm/site/server.js:75:25
          at Layer.handle [as handle_request] (/home/dlongqwm/nodevenv/site/16/lib/node_modules/express/lib/router/layer.js:95:5) {
        generatedMessage: true,
        code: 'ERR_ASSERTION',
        actual: false,
        expected: true,
        operator: '=='
      },
      valueType: 'string'
    }
  },
  _message: 'Appointment validation failed'
}
Error: Appointment validation failed: phoneNumber: Cast to Number failed for value "98445 59228 " (type string) at path "phoneNumber"
    at ValidationError.inspect (/home/dlongqwm/nodevenv/site/16/lib/node_modules/mongoose/lib/error/validation.js:50:26)
    at formatValue (node:internal/util/inspect:806:19)
    at inspect (node:internal/util/inspect:365:10)
    at formatWithOptionsInternal (node:internal/util/inspect:2292:40)
    at formatWithOptions (node:internal/util/inspect:2154:10)
    at console.value (node:internal/console/constructor:348:14)
    at console.warn (node:internal/console/constructor:381:61)
    at /home/dlongqwm/site/server.js:96:13
    at runMicrotasks (<anonymous>)
    at processTicksAndRejections (node:internal/process/task_queues:96:5) {
  errors: {
    phoneNumber: CastError: Cast to Number failed for value "98445 59228 " (type string) at path "phoneNumber"
        at SchemaNumber.cast (/home/dlongqwm/nodevenv/site/16/lib/node_modules/mongoose/lib/schema/number.js:380:11)
        at SchemaNumber.SchemaType.applySetters (/home/dlongqwm/nodevenv/site/16/lib/node_modules/mongoose/lib/schemaType.js:1236:12)
        at model.$set (/home/dlongqwm/nodevenv/site/16/lib/node_modules/mongoose/lib/document.js:1417:22)
        at model.$set (/home/dlongqwm/nodevenv/site/16/lib/node_modules/mongoose/lib/document.js:1113:16)
        at model.Document (/home/dlongqwm/nodevenv/site/16/lib/node_modules/mongoose/lib/document.js:166:12)
        at model.Model (/home/dlongqwm/nodevenv/site/16/lib/node_modules/mongoose/lib/model.js:131:12)
        at new model (/home/dlongqwm/nodevenv/site/16/lib/node_modules/mongoose/lib/model.js:4816:15)
        at /home/dlongqwm/site/server.js:75:25
        at Layer.handle [as handle_request] (/home/dlongqwm/nodevenv/site/16/lib/node_modules/express/lib/router/layer.js:95:5)
        at next (/home/dlongqwm/nodevenv/site/16/lib/node_modules/express/lib/router/route.js:149:13) {
      stringValue: '"98445 59228 "',
      messageFormat: undefined,
      kind: 'Number',
      value: '98445 59228 ',
      path: 'phoneNumber',
      reason: AssertionError [ERR_ASSERTION]: The expression evaluated to a falsy value:
      
        assert.ok(!isNaN(val))
      
          at castNumber (/home/dlongqwm/nodevenv/site/16/lib/node_modules/mongoose/lib/cast/number.js:27:10)
          at SchemaNumber.cast (/home/dlongqwm/nodevenv/site/16/lib/node_modules/mongoose/lib/schema/number.js:378:12)
          at SchemaNumber.SchemaType.applySetters (/home/dlongqwm/nodevenv/site/16/lib/node_modules/mongoose/lib/schemaType.js:1236:12)
          at model.$set (/home/dlongqwm/nodevenv/site/16/lib/node_modules/mongoose/lib/document.js:1417:22)
          at model.$set (/home/dlongqwm/nodevenv/site/16/lib/node_modules/mongoose/lib/document.js:1113:16)
          at model.Document (/home/dlongqwm/nodevenv/site/16/lib/node_modules/mongoose/lib/document.js:166:12)
          at model.Model (/home/dlongqwm/nodevenv/site/16/lib/node_modules/mongoose/lib/model.js:131:12)
          at new model (/home/dlongqwm/nodevenv/site/16/lib/node_modules/mongoose/lib/model.js:4816:15)
          at /home/dlongqwm/site/server.js:75:25
          at Layer.handle [as handle_request] (/home/dlongqwm/nodevenv/site/16/lib/node_modules/express/lib/router/layer.js:95:5) {
        generatedMessage: true,
        code: 'ERR_ASSERTION',
        actual: false,
        expected: true,
        operator: '=='
      },
      valueType: 'string'
    }
  },
  _message: 'Appointment validation failed'
}
Error: Appointment validation failed: phoneNumber: Cast to Number failed for value "98867 37687" (type string) at path "phoneNumber"
    at ValidationError.inspect (/home/dlongqwm/nodevenv/site/16/lib/node_modules/mongoose/lib/error/validation.js:50:26)
    at formatValue (node:internal/util/inspect:806:19)
    at inspect (node:internal/util/inspect:365:10)
    at formatWithOptionsInternal (node:internal/util/inspect:2292:40)
    at formatWithOptions (node:internal/util/inspect:2154:10)
    at console.value (node:internal/console/constructor:348:14)
    at console.warn (node:internal/console/constructor:381:61)
    at /home/dlongqwm/site/server.js:96:13
    at runMicrotasks (<anonymous>)
    at processTicksAndRejections (node:internal/process/task_queues:96:5) {
  errors: {
    phoneNumber: CastError: Cast to Number failed for value "98867 37687" (type string) at path "phoneNumber"
        at SchemaNumber.cast (/home/dlongqwm/nodevenv/site/16/lib/node_modules/mongoose/lib/schema/number.js:380:11)
        at SchemaNumber.SchemaType.applySetters (/home/dlongqwm/nodevenv/site/16/lib/node_modules/mongoose/lib/schemaType.js:1236:12)
        at model.$set (/home/dlongqwm/nodevenv/site/16/lib/node_modules/mongoose/lib/document.js:1417:22)
        at model.$set (/home/dlongqwm/nodevenv/site/16/lib/node_modules/mongoose/lib/document.js:1113:16)
        at model.Document (/home/dlongqwm/nodevenv/site/16/lib/node_modules/mongoose/lib/document.js:166:12)
        at model.Model (/home/dlongqwm/nodevenv/site/16/lib/node_modules/mongoose/lib/model.js:131:12)
        at new model (/home/dlongqwm/nodevenv/site/16/lib/node_modules/mongoose/lib/model.js:4816:15)
        at /home/dlongqwm/site/server.js:75:25
        at Layer.handle [as handle_request] (/home/dlongqwm/nodevenv/site/16/lib/node_modules/express/lib/router/layer.js:95:5)
        at next (/home/dlongqwm/nodevenv/site/16/lib/node_modules/express/lib/router/route.js:149:13) {
      stringValue: '"98867 37687"',
      messageFormat: undefined,
      kind: 'Number',
      value: '98867 37687',
      path: 'phoneNumber',
      reason: AssertionError [ERR_ASSERTION]: The expression evaluated to a falsy value:
      
        assert.ok(!isNaN(val))
      
          at castNumber (/home/dlongqwm/nodevenv/site/16/lib/node_modules/mongoose/lib/cast/number.js:27:10)
          at SchemaNumber.cast (/home/dlongqwm/nodevenv/site/16/lib/node_modules/mongoose/lib/schema/number.js:378:12)
          at SchemaNumber.SchemaType.applySetters (/home/dlongqwm/nodevenv/site/16/lib/node_modules/mongoose/lib/schemaType.js:1236:12)
          at model.$set (/home/dlongqwm/nodevenv/site/16/lib/node_modules/mongoose/lib/document.js:1417:22)
          at model.$set (/home/dlongqwm/nodevenv/site/16/lib/node_modules/mongoose/lib/document.js:1113:16)
          at model.Document (/home/dlongqwm/nodevenv/site/16/lib/node_modules/mongoose/lib/document.js:166:12)
          at model.Model (/home/dlongqwm/nodevenv/site/16/lib/node_modules/mongoose/lib/model.js:131:12)
          at new model (/home/dlongqwm/nodevenv/site/16/lib/node_modules/mongoose/lib/model.js:4816:15)
          at /home/dlongqwm/site/server.js:75:25
          at Layer.handle [as handle_request] (/home/dlongqwm/nodevenv/site/16/lib/node_modules/express/lib/router/layer.js:95:5) {
        generatedMessage: true,
        code: 'ERR_ASSERTION',
        actual: false,
        expected: true,
        operator: '=='
      },
      valueType: 'string'
    }
  },
  _message: 'Appointment validation failed'
}
Error: Invalid login: 535 Authentication Failed for support@drphysioclinic.org
    at SMTPConnection._formatError (/home/dlongqwm/nodevenv/site/16/lib/node_modules/nodemailer/lib/smtp-connection/index.js:798:19)
    at SMTPConnection._actionAUTHComplete (/home/dlongqwm/nodevenv/site/16/lib/node_modules/nodemailer/lib/smtp-connection/index.js:1577:34)
    at SMTPConnection.<anonymous> (/home/dlongqwm/nodevenv/site/16/lib/node_modules/nodemailer/lib/smtp-connection/index.js:554:26)
    at SMTPConnection._processResponse (/home/dlongqwm/nodevenv/site/16/lib/node_modules/nodemailer/lib/smtp-connection/index.js:982:20)
    at SMTPConnection._onData (/home/dlongqwm/nodevenv/site/16/lib/node_modules/nodemailer/lib/smtp-connection/index.js:763:14)
    at TLSSocket.SMTPConnection._onSocketData (/home/dlongqwm/nodevenv/site/16/lib/node_modules/nodemailer/lib/smtp-connection/index.js:195:44)
    at TLSSocket.emit (node:events:513:28)
    at addChunk (node:internal/streams/readable:315:12)
    at readableAddChunk (node:internal/streams/readable:289:9)
    at TLSSocket.Readable.push (node:internal/streams/readable:228:10) {
  code: 'EAUTH',
  response: '535 Authentication Failed for support@drphysioclinic.org',
  responseCode: 535,
  command: 'AUTH PLAIN'
}
Error submitting contact form: Error: Invalid login: 535 Authentication Failed for support@drphysioclinic.org
    at SMTPConnection._formatError (/home/dlongqwm/nodevenv/site/16/lib/node_modules/nodemailer/lib/smtp-connection/index.js:798:19)
    at SMTPConnection._actionAUTHComplete (/home/dlongqwm/nodevenv/site/16/lib/node_modules/nodemailer/lib/smtp-connection/index.js:1577:34)
    at SMTPConnection.<anonymous> (/home/dlongqwm/nodevenv/site/16/lib/node_modules/nodemailer/lib/smtp-connection/index.js:554:26)
    at SMTPConnection._processResponse (/home/dlongqwm/nodevenv/site/16/lib/node_modules/nodemailer/lib/smtp-connection/index.js:982:20)
    at SMTPConnection._onData (/home/dlongqwm/nodevenv/site/16/lib/node_modules/nodemailer/lib/smtp-connection/index.js:763:14)
    at TLSSocket.SMTPConnection._onSocketData (/home/dlongqwm/nodevenv/site/16/lib/node_modules/nodemailer/lib/smtp-connection/index.js:195:44)
    at TLSSocket.emit (node:events:513:28)
    at addChunk (node:internal/streams/readable:315:12)
    at readableAddChunk (node:internal/streams/readable:289:9)
    at TLSSocket.Readable.push (node:internal/streams/readable:228:10) {
  code: 'EAUTH',
  response: '535 Authentication Failed for support@drphysioclinic.org',
  responseCode: 535,
  command: 'AUTH PLAIN'
}
Error submitting contact form: Error: Invalid login: 535 Authentication Failed for support@drphysioclinic.org
    at SMTPConnection._formatError (/home/dlongqwm/nodevenv/site/16/lib/node_modules/nodemailer/lib/smtp-connection/index.js:798:19)
    at SMTPConnection._actionAUTHComplete (/home/dlongqwm/nodevenv/site/16/lib/node_modules/nodemailer/lib/smtp-connection/index.js:1577:34)
    at SMTPConnection.<anonymous> (/home/dlongqwm/nodevenv/site/16/lib/node_modules/nodemailer/lib/smtp-connection/index.js:554:26)
    at SMTPConnection._processResponse (/home/dlongqwm/nodevenv/site/16/lib/node_modules/nodemailer/lib/smtp-connection/index.js:982:20)
    at SMTPConnection._onData (/home/dlongqwm/nodevenv/site/16/lib/node_modules/nodemailer/lib/smtp-connection/index.js:763:14)
    at TLSSocket.SMTPConnection._onSocketData (/home/dlongqwm/nodevenv/site/16/lib/node_modules/nodemailer/lib/smtp-connection/index.js:195:44)
    at TLSSocket.emit (node:events:513:28)
    at addChunk (node:internal/streams/readable:315:12)
    at readableAddChunk (node:internal/streams/readable:289:9)
    at TLSSocket.Readable.push (node:internal/streams/readable:228:10) {
  code: 'EAUTH',
  response: '535 Authentication Failed for support@drphysioclinic.org',
  responseCode: 535,
  command: 'AUTH PLAIN'
}
Error: Invalid login: 535 Authentication Failed for support@drphysioclinic.org
    at SMTPConnection._formatError (/home/dlongqwm/nodevenv/site/16/lib/node_modules/nodemailer/lib/smtp-connection/index.js:798:19)
    at SMTPConnection._actionAUTHComplete (/home/dlongqwm/nodevenv/site/16/lib/node_modules/nodemailer/lib/smtp-connection/index.js:1577:34)
    at SMTPConnection.<anonymous> (/home/dlongqwm/nodevenv/site/16/lib/node_modules/nodemailer/lib/smtp-connection/index.js:554:26)
    at SMTPConnection._processResponse (/home/dlongqwm/nodevenv/site/16/lib/node_modules/nodemailer/lib/smtp-connection/index.js:982:20)
    at SMTPConnection._onData (/home/dlongqwm/nodevenv/site/16/lib/node_modules/nodemailer/lib/smtp-connection/index.js:763:14)
    at TLSSocket.SMTPConnection._onSocketData (/home/dlongqwm/nodevenv/site/16/lib/node_modules/nodemailer/lib/smtp-connection/index.js:195:44)
    at TLSSocket.emit (node:events:513:28)
    at addChunk (node:internal/streams/readable:315:12)
    at readableAddChunk (node:internal/streams/readable:289:9)
    at TLSSocket.Readable.push (node:internal/streams/readable:228:10) {
  code: 'EAUTH',
  response: '535 Authentication Failed for support@drphysioclinic.org',
  responseCode: 535,
  command: 'AUTH PLAIN'
}
Error: Connection timeout
    at SMTPConnection._formatError (/home/dlongqwm/nodevenv/site/16/lib/node_modules/nodemailer/lib/smtp-connection/index.js:798:19)
    at SMTPConnection._onError (/home/dlongqwm/nodevenv/site/16/lib/node_modules/nodemailer/lib/smtp-connection/index.js:784:20)
    at Timeout.<anonymous> (/home/dlongqwm/nodevenv/site/16/lib/node_modules/nodemailer/lib/smtp-connection/index.js:237:22)
    at listOnTimeout (node:internal/timers:559:17)
    at processTimers (node:internal/timers:502:7) {
  code: 'ETIMEDOUT',
  command: 'CONN'
}
Error: Connection timeout
    at SMTPConnection._formatError (/home/dlongqwm/nodevenv/site/16/lib/node_modules/nodemailer/lib/smtp-connection/index.js:798:19)
    at SMTPConnection._onError (/home/dlongqwm/nodevenv/site/16/lib/node_modules/nodemailer/lib/smtp-connection/index.js:784:20)
    at Timeout.<anonymous> (/home/dlongqwm/nodevenv/site/16/lib/node_modules/nodemailer/lib/smtp-connection/index.js:237:22)
    at listOnTimeout (node:internal/timers:559:17)
    at processTimers (node:internal/timers:502:7) {
  code: 'ETIMEDOUT',
  command: 'CONN'
}
Error: Invalid login: 535 Authentication Failed for support@drphysioclinic.org
    at SMTPConnection._formatError (/home/dlongqwm/nodevenv/site/16/lib/node_modules/nodemailer/lib/smtp-connection/index.js:798:19)
    at SMTPConnection._actionAUTHComplete (/home/dlongqwm/nodevenv/site/16/lib/node_modules/nodemailer/lib/smtp-connection/index.js:1577:34)
    at SMTPConnection.<anonymous> (/home/dlongqwm/nodevenv/site/16/lib/node_modules/nodemailer/lib/smtp-connection/index.js:554:26)
    at SMTPConnection._processResponse (/home/dlongqwm/nodevenv/site/16/lib/node_modules/nodemailer/lib/smtp-connection/index.js:982:20)
    at SMTPConnection._onData (/home/dlongqwm/nodevenv/site/16/lib/node_modules/nodemailer/lib/smtp-connection/index.js:763:14)
    at TLSSocket.SMTPConnection._onSocketData (/home/dlongqwm/nodevenv/site/16/lib/node_modules/nodemailer/lib/smtp-connection/index.js:195:44)
    at TLSSocket.emit (node:events:513:28)
    at addChunk (node:internal/streams/readable:315:12)
    at readableAddChunk (node:internal/streams/readable:289:9)
    at TLSSocket.Readable.push (node:internal/streams/readable:228:10) {
  code: 'EAUTH',
  response: '535 Authentication Failed for support@drphysioclinic.org',
  responseCode: 535,
  command: 'AUTH PLAIN'
}
Error: Invalid login: 535 Authentication Failed for support@drphysioclinic.org
    at SMTPConnection._formatError (/home/dlongqwm/nodevenv/site/16/lib/node_modules/nodemailer/lib/smtp-connection/index.js:798:19)
    at SMTPConnection._actionAUTHComplete (/home/dlongqwm/nodevenv/site/16/lib/node_modules/nodemailer/lib/smtp-connection/index.js:1577:34)
    at SMTPConnection.<anonymous> (/home/dlongqwm/nodevenv/site/16/lib/node_modules/nodemailer/lib/smtp-connection/index.js:554:26)
    at SMTPConnection._processResponse (/home/dlongqwm/nodevenv/site/16/lib/node_modules/nodemailer/lib/smtp-connection/index.js:982:20)
    at SMTPConnection._onData (/home/dlongqwm/nodevenv/site/16/lib/node_modules/nodemailer/lib/smtp-connection/index.js:763:14)
    at TLSSocket.SMTPConnection._onSocketData (/home/dlongqwm/nodevenv/site/16/lib/node_modules/nodemailer/lib/smtp-connection/index.js:195:44)
    at TLSSocket.emit (node:events:513:28)
    at addChunk (node:internal/streams/readable:315:12)
    at readableAddChunk (node:internal/streams/readable:289:9)
    at TLSSocket.Readable.push (node:internal/streams/readable:228:10) {
  code: 'EAUTH',
  response: '535 Authentication Failed for support@drphysioclinic.org',
  responseCode: 535,
  command: 'AUTH PLAIN'
}
Error: Invalid login: 535 Authentication Failed for support@drphysioclinic.org
    at SMTPConnection._formatError (/home/dlongqwm/nodevenv/site/16/lib/node_modules/nodemailer/lib/smtp-connection/index.js:798:19)
    at SMTPConnection._actionAUTHComplete (/home/dlongqwm/nodevenv/site/16/lib/node_modules/nodemailer/lib/smtp-connection/index.js:1577:34)
    at SMTPConnection.<anonymous> (/home/dlongqwm/nodevenv/site/16/lib/node_modules/nodemailer/lib/smtp-connection/index.js:554:26)
    at SMTPConnection._processResponse (/home/dlongqwm/nodevenv/site/16/lib/node_modules/nodemailer/lib/smtp-connection/index.js:982:20)
    at SMTPConnection._onData (/home/dlongqwm/nodevenv/site/16/lib/node_modules/nodemailer/lib/smtp-connection/index.js:763:14)
    at TLSSocket.SMTPConnection._onSocketData (/home/dlongqwm/nodevenv/site/16/lib/node_modules/nodemailer/lib/smtp-connection/index.js:195:44)
    at TLSSocket.emit (node:events:513:28)
    at addChunk (node:internal/streams/readable:315:12)
    at readableAddChunk (node:internal/streams/readable:289:9)
    at TLSSocket.Readable.push (node:internal/streams/readable:228:10) {
  code: 'EAUTH',
  response: '535 Authentication Failed for support@drphysioclinic.org',
  responseCode: 535,
  command: 'AUTH PLAIN'
}
Error: Invalid login: 535 Authentication Failed for support@drphysioclinic.org
    at SMTPConnection._formatError (/home/dlongqwm/nodevenv/site/16/lib/node_modules/nodemailer/lib/smtp-connection/index.js:798:19)
    at SMTPConnection._actionAUTHComplete (/home/dlongqwm/nodevenv/site/16/lib/node_modules/nodemailer/lib/smtp-connection/index.js:1577:34)
    at SMTPConnection.<anonymous> (/home/dlongqwm/nodevenv/site/16/lib/node_modules/nodemailer/lib/smtp-connection/index.js:554:26)
    at SMTPConnection._processResponse (/home/dlongqwm/nodevenv/site/16/lib/node_modules/nodemailer/lib/smtp-connection/index.js:982:20)
    at SMTPConnection._onData (/home/dlongqwm/nodevenv/site/16/lib/node_modules/nodemailer/lib/smtp-connection/index.js:763:14)
    at TLSSocket.SMTPConnection._onSocketData (/home/dlongqwm/nodevenv/site/16/lib/node_modules/nodemailer/lib/smtp-connection/index.js:195:44)
    at TLSSocket.emit (node:events:513:28)
    at addChunk (node:internal/streams/readable:315:12)
    at readableAddChunk (node:internal/streams/readable:289:9)
    at TLSSocket.Readable.push (node:internal/streams/readable:228:10) {
  code: 'EAUTH',
  response: '535 Authentication Failed for support@drphysioclinic.org',
  responseCode: 535,
  command: 'AUTH PLAIN'
}
Error submitting contact form: Error: Invalid login: 535 Authentication Failed for support@drphysioclinic.org
    at SMTPConnection._formatError (/home/dlongqwm/nodevenv/site/16/lib/node_modules/nodemailer/lib/smtp-connection/index.js:798:19)
    at SMTPConnection._actionAUTHComplete (/home/dlongqwm/nodevenv/site/16/lib/node_modules/nodemailer/lib/smtp-connection/index.js:1577:34)
    at SMTPConnection.<anonymous> (/home/dlongqwm/nodevenv/site/16/lib/node_modules/nodemailer/lib/smtp-connection/index.js:554:26)
    at SMTPConnection._processResponse (/home/dlongqwm/nodevenv/site/16/lib/node_modules/nodemailer/lib/smtp-connection/index.js:982:20)
    at SMTPConnection._onData (/home/dlongqwm/nodevenv/site/16/lib/node_modules/nodemailer/lib/smtp-connection/index.js:763:14)
    at TLSSocket.SMTPConnection._onSocketData (/home/dlongqwm/nodevenv/site/16/lib/node_modules/nodemailer/lib/smtp-connection/index.js:195:44)
    at TLSSocket.emit (node:events:513:28)
    at addChunk (node:internal/streams/readable:315:12)
    at readableAddChunk (node:internal/streams/readable:289:9)
    at TLSSocket.Readable.push (node:internal/streams/readable:228:10) {
  code: 'EAUTH',
  response: '535 Authentication Failed for support@drphysioclinic.org',
  responseCode: 535,
  command: 'AUTH PLAIN'
}
Error: Invalid login: 535 Authentication Failed for support@drphysioclinic.org
    at SMTPConnection._formatError (/home/dlongqwm/nodevenv/site/16/lib/node_modules/nodemailer/lib/smtp-connection/index.js:798:19)
    at SMTPConnection._actionAUTHComplete (/home/dlongqwm/nodevenv/site/16/lib/node_modules/nodemailer/lib/smtp-connection/index.js:1577:34)
    at SMTPConnection.<anonymous> (/home/dlongqwm/nodevenv/site/16/lib/node_modules/nodemailer/lib/smtp-connection/index.js:554:26)
    at SMTPConnection._processResponse (/home/dlongqwm/nodevenv/site/16/lib/node_modules/nodemailer/lib/smtp-connection/index.js:982:20)
    at SMTPConnection._onData (/home/dlongqwm/nodevenv/site/16/lib/node_modules/nodemailer/lib/smtp-connection/index.js:763:14)
    at TLSSocket.SMTPConnection._onSocketData (/home/dlongqwm/nodevenv/site/16/lib/node_modules/nodemailer/lib/smtp-connection/index.js:195:44)
    at TLSSocket.emit (node:events:513:28)
    at addChunk (node:internal/streams/readable:315:12)
    at readableAddChunk (node:internal/streams/readable:289:9)
    at TLSSocket.Readable.push (node:internal/streams/readable:228:10) {
  code: 'EAUTH',
  response: '535 Authentication Failed for support@drphysioclinic.org',
  responseCode: 535,
  command: 'AUTH PLAIN'
}
Error: Invalid login: 535 Authentication Failed for support@drphysioclinic.org
    at SMTPConnection._formatError (/home/dlongqwm/nodevenv/site/16/lib/node_modules/nodemailer/lib/smtp-connection/index.js:798:19)
    at SMTPConnection._actionAUTHComplete (/home/dlongqwm/nodevenv/site/16/lib/node_modules/nodemailer/lib/smtp-connection/index.js:1577:34)
    at SMTPConnection.<anonymous> (/home/dlongqwm/nodevenv/site/16/lib/node_modules/nodemailer/lib/smtp-connection/index.js:554:26)
    at SMTPConnection._processResponse (/home/dlongqwm/nodevenv/site/16/lib/node_modules/nodemailer/lib/smtp-connection/index.js:982:20)
    at SMTPConnection._onData (/home/dlongqwm/nodevenv/site/16/lib/node_modules/nodemailer/lib/smtp-connection/index.js:763:14)
    at TLSSocket.SMTPConnection._onSocketData (/home/dlongqwm/nodevenv/site/16/lib/node_modules/nodemailer/lib/smtp-connection/index.js:195:44)
    at TLSSocket.emit (node:events:513:28)
    at addChunk (node:internal/streams/readable:315:12)
    at readableAddChunk (node:internal/streams/readable:289:9)
    at TLSSocket.Readable.push (node:internal/streams/readable:228:10) {
  code: 'EAUTH',
  response: '535 Authentication Failed for support@drphysioclinic.org',
  responseCode: 535,
  command: 'AUTH PLAIN'
}
Error submitting contact form: Error: Invalid login: 535 Authentication Failed for support@drphysioclinic.org
    at SMTPConnection._formatError (/home/dlongqwm/nodevenv/site/16/lib/node_modules/nodemailer/lib/smtp-connection/index.js:798:19)
    at SMTPConnection._actionAUTHComplete (/home/dlongqwm/nodevenv/site/16/lib/node_modules/nodemailer/lib/smtp-connection/index.js:1577:34)
    at SMTPConnection.<anonymous> (/home/dlongqwm/nodevenv/site/16/lib/node_modules/nodemailer/lib/smtp-connection/index.js:554:26)
    at SMTPConnection._processResponse (/home/dlongqwm/nodevenv/site/16/lib/node_modules/nodemailer/lib/smtp-connection/index.js:982:20)
    at SMTPConnection._onData (/home/dlongqwm/nodevenv/site/16/lib/node_modules/nodemailer/lib/smtp-connection/index.js:763:14)
    at TLSSocket.SMTPConnection._onSocketData (/home/dlongqwm/nodevenv/site/16/lib/node_modules/nodemailer/lib/smtp-connection/index.js:195:44)
    at TLSSocket.emit (node:events:513:28)
    at addChunk (node:internal/streams/readable:315:12)
    at readableAddChunk (node:internal/streams/readable:289:9)
    at TLSSocket.Readable.push (node:internal/streams/readable:228:10) {
  code: 'EAUTH',
  response: '535 Authentication Failed for support@drphysioclinic.org',
  responseCode: 535,
  command: 'AUTH PLAIN'
}
Error submitting contact form: Error: Connection timeout
    at SMTPConnection._formatError (/home/dlongqwm/nodevenv/site/16/lib/node_modules/nodemailer/lib/smtp-connection/index.js:798:19)
    at SMTPConnection._onError (/home/dlongqwm/nodevenv/site/16/lib/node_modules/nodemailer/lib/smtp-connection/index.js:784:20)
    at Timeout.<anonymous> (/home/dlongqwm/nodevenv/site/16/lib/node_modules/nodemailer/lib/smtp-connection/index.js:237:22)
    at listOnTimeout (node:internal/timers:559:17)
    at processTimers (node:internal/timers:502:7) {
  code: 'ETIMEDOUT',
  command: 'CONN'
}
Error: Invalid login: 535 Authentication Failed for support@drphysioclinic.org
    at SMTPConnection._formatError (/home/dlongqwm/nodevenv/site/16/lib/node_modules/nodemailer/lib/smtp-connection/index.js:798:19)
    at SMTPConnection._actionAUTHComplete (/home/dlongqwm/nodevenv/site/16/lib/node_modules/nodemailer/lib/smtp-connection/index.js:1577:34)
    at SMTPConnection.<anonymous> (/home/dlongqwm/nodevenv/site/16/lib/node_modules/nodemailer/lib/smtp-connection/index.js:554:26)
    at SMTPConnection._processResponse (/home/dlongqwm/nodevenv/site/16/lib/node_modules/nodemailer/lib/smtp-connection/index.js:982:20)
    at SMTPConnection._onData (/home/dlongqwm/nodevenv/site/16/lib/node_modules/nodemailer/lib/smtp-connection/index.js:763:14)
    at TLSSocket.SMTPConnection._onSocketData (/home/dlongqwm/nodevenv/site/16/lib/node_modules/nodemailer/lib/smtp-connection/index.js:195:44)
    at TLSSocket.emit (node:events:513:28)
    at addChunk (node:internal/streams/readable:315:12)
    at readableAddChunk (node:internal/streams/readable:289:9)
    at TLSSocket.Readable.push (node:internal/streams/readable:228:10) {
  code: 'EAUTH',
  response: '535 Authentication Failed for support@drphysioclinic.org',
  responseCode: 535,
  command: 'AUTH PLAIN'
}
Error submitting contact form: Error: Invalid login: 535 Authentication Failed for support@drphysioclinic.org
    at SMTPConnection._formatError (/home/dlongqwm/nodevenv/site/16/lib/node_modules/nodemailer/lib/smtp-connection/index.js:798:19)
    at SMTPConnection._actionAUTHComplete (/home/dlongqwm/nodevenv/site/16/lib/node_modules/nodemailer/lib/smtp-connection/index.js:1577:34)
    at SMTPConnection.<anonymous> (/home/dlongqwm/nodevenv/site/16/lib/node_modules/nodemailer/lib/smtp-connection/index.js:554:26)
    at SMTPConnection._processResponse (/home/dlongqwm/nodevenv/site/16/lib/node_modules/nodemailer/lib/smtp-connection/index.js:982:20)
    at SMTPConnection._onData (/home/dlongqwm/nodevenv/site/16/lib/node_modules/nodemailer/lib/smtp-connection/index.js:763:14)
    at TLSSocket.SMTPConnection._onSocketData (/home/dlongqwm/nodevenv/site/16/lib/node_modules/nodemailer/lib/smtp-connection/index.js:195:44)
    at TLSSocket.emit (node:events:513:28)
    at addChunk (node:internal/streams/readable:315:12)
    at readableAddChunk (node:internal/streams/readable:289:9)
    at TLSSocket.Readable.push (node:internal/streams/readable:228:10) {
  code: 'EAUTH',
  response: '535 Authentication Failed for support@drphysioclinic.org',
  responseCode: 535,
  command: 'AUTH PLAIN'
}
Error submitting contact form: Error: Invalid login: 535 Authentication Failed for support@drphysioclinic.org
    at SMTPConnection._formatError (/home/dlongqwm/nodevenv/site/16/lib/node_modules/nodemailer/lib/smtp-connection/index.js:798:19)
    at SMTPConnection._actionAUTHComplete (/home/dlongqwm/nodevenv/site/16/lib/node_modules/nodemailer/lib/smtp-connection/index.js:1577:34)
    at SMTPConnection.<anonymous> (/home/dlongqwm/nodevenv/site/16/lib/node_modules/nodemailer/lib/smtp-connection/index.js:554:26)
    at SMTPConnection._processResponse (/home/dlongqwm/nodevenv/site/16/lib/node_modules/nodemailer/lib/smtp-connection/index.js:982:20)
    at SMTPConnection._onData (/home/dlongqwm/nodevenv/site/16/lib/node_modules/nodemailer/lib/smtp-connection/index.js:763:14)
    at TLSSocket.SMTPConnection._onSocketData (/home/dlongqwm/nodevenv/site/16/lib/node_modules/nodemailer/lib/smtp-connection/index.js:195:44)
    at TLSSocket.emit (node:events:513:28)
    at addChunk (node:internal/streams/readable:315:12)
    at readableAddChunk (node:internal/streams/readable:289:9)
    at TLSSocket.Readable.push (node:internal/streams/readable:228:10) {
  code: 'EAUTH',
  response: '535 Authentication Failed for support@drphysioclinic.org',
  responseCode: 535,
  command: 'AUTH PLAIN'
}
Error submitting contact form: Error: Invalid login: 535 Authentication Failed for support@drphysioclinic.org
    at SMTPConnection._formatError (/home/dlongqwm/nodevenv/site/16/lib/node_modules/nodemailer/lib/smtp-connection/index.js:798:19)
    at SMTPConnection._actionAUTHComplete (/home/dlongqwm/nodevenv/site/16/lib/node_modules/nodemailer/lib/smtp-connection/index.js:1577:34)
    at SMTPConnection.<anonymous> (/home/dlongqwm/nodevenv/site/16/lib/node_modules/nodemailer/lib/smtp-connection/index.js:554:26)
    at SMTPConnection._processResponse (/home/dlongqwm/nodevenv/site/16/lib/node_modules/nodemailer/lib/smtp-connection/index.js:982:20)
    at SMTPConnection._onData (/home/dlongqwm/nodevenv/site/16/lib/node_modules/nodemailer/lib/smtp-connection/index.js:763:14)
    at TLSSocket.SMTPConnection._onSocketData (/home/dlongqwm/nodevenv/site/16/lib/node_modules/nodemailer/lib/smtp-connection/index.js:195:44)
    at TLSSocket.emit (node:events:513:28)
    at addChunk (node:internal/streams/readable:315:12)
    at readableAddChunk (node:internal/streams/readable:289:9)
    at TLSSocket.Readable.push (node:internal/streams/readable:228:10) {
  code: 'EAUTH',
  response: '535 Authentication Failed for support@drphysioclinic.org',
  responseCode: 535,
  command: 'AUTH PLAIN'
}
Error: Invalid login: 535 Authentication Failed for support@drphysioclinic.org
    at SMTPConnection._formatError (/home/dlongqwm/nodevenv/site/16/lib/node_modules/nodemailer/lib/smtp-connection/index.js:798:19)
    at SMTPConnection._actionAUTHComplete (/home/dlongqwm/nodevenv/site/16/lib/node_modules/nodemailer/lib/smtp-connection/index.js:1577:34)
    at SMTPConnection.<anonymous> (/home/dlongqwm/nodevenv/site/16/lib/node_modules/nodemailer/lib/smtp-connection/index.js:554:26)
    at SMTPConnection._processResponse (/home/dlongqwm/nodevenv/site/16/lib/node_modules/nodemailer/lib/smtp-connection/index.js:982:20)
    at SMTPConnection._onData (/home/dlongqwm/nodevenv/site/16/lib/node_modules/nodemailer/lib/smtp-connection/index.js:763:14)
    at TLSSocket.SMTPConnection._onSocketData (/home/dlongqwm/nodevenv/site/16/lib/node_modules/nodemailer/lib/smtp-connection/index.js:195:44)
    at TLSSocket.emit (node:events:513:28)
    at addChunk (node:internal/streams/readable:315:12)
    at readableAddChunk (node:internal/streams/readable:289:9)
    at TLSSocket.Readable.push (node:internal/streams/readable:228:10) {
  code: 'EAUTH',
  response: '535 Authentication Failed for support@drphysioclinic.org',
  responseCode: 535,
  command: 'AUTH PLAIN'
}
Error: read ECONNRESET
    at TCP.onStreamRead (node:internal/stream_base_commons:217:20) {
  errno: -104,
  code: 'ESOCKET',
  syscall: 'read',
  command: 'CONN'
}
Error submitting contact form: Error: read ECONNRESET
    at TCP.onStreamRead (node:internal/stream_base_commons:217:20) {
  errno: -104,
  code: 'ESOCKET',
  syscall: 'read',
  command: 'CONN'
}
Error: read ECONNRESET
    at TCP.onStreamRead (node:internal/stream_base_commons:217:20) {
  errno: -104,
  code: 'ESOCKET',
  syscall: 'read',
  command: 'CONN'
}
Error: read ECONNRESET
    at TCP.onStreamRead (node:internal/stream_base_commons:217:20) {
  errno: -104,
  code: 'ESOCKET',
  syscall: 'read',
  command: 'CONN'
}
Error: Invalid login: 535 Authentication Failed for support@drphysioclinic.org
    at SMTPConnection._formatError (/home/dlongqwm/nodevenv/site/16/lib/node_modules/nodemailer/lib/smtp-connection/index.js:798:19)
    at SMTPConnection._actionAUTHComplete (/home/dlongqwm/nodevenv/site/16/lib/node_modules/nodemailer/lib/smtp-connection/index.js:1577:34)
    at SMTPConnection.<anonymous> (/home/dlongqwm/nodevenv/site/16/lib/node_modules/nodemailer/lib/smtp-connection/index.js:554:26)
    at SMTPConnection._processResponse (/home/dlongqwm/nodevenv/site/16/lib/node_modules/nodemailer/lib/smtp-connection/index.js:982:20)
    at SMTPConnection._onData (/home/dlongqwm/nodevenv/site/16/lib/node_modules/nodemailer/lib/smtp-connection/index.js:763:14)
    at TLSSocket.SMTPConnection._onSocketData (/home/dlongqwm/nodevenv/site/16/lib/node_modules/nodemailer/lib/smtp-connection/index.js:195:44)
    at TLSSocket.emit (node:events:513:28)
    at addChunk (node:internal/streams/readable:315:12)
    at readableAddChunk (node:internal/streams/readable:289:9)
    at TLSSocket.Readable.push (node:internal/streams/readable:228:10) {
  code: 'EAUTH',
  response: '535 Authentication Failed for support@drphysioclinic.org',
  responseCode: 535,
  command: 'AUTH PLAIN'
}
Error: Invalid login: 535 Authentication Failed for support@drphysioclinic.org
    at SMTPConnection._formatError (/home/dlongqwm/nodevenv/site/16/lib/node_modules/nodemailer/lib/smtp-connection/index.js:798:19)
    at SMTPConnection._actionAUTHComplete (/home/dlongqwm/nodevenv/site/16/lib/node_modules/nodemailer/lib/smtp-connection/index.js:1577:34)
    at SMTPConnection.<anonymous> (/home/dlongqwm/nodevenv/site/16/lib/node_modules/nodemailer/lib/smtp-connection/index.js:554:26)
    at SMTPConnection._processResponse (/home/dlongqwm/nodevenv/site/16/lib/node_modules/nodemailer/lib/smtp-connection/index.js:982:20)
    at SMTPConnection._onData (/home/dlongqwm/nodevenv/site/16/lib/node_modules/nodemailer/lib/smtp-connection/index.js:763:14)
    at TLSSocket.SMTPConnection._onSocketData (/home/dlongqwm/nodevenv/site/16/lib/node_modules/nodemailer/lib/smtp-connection/index.js:195:44)
    at TLSSocket.emit (node:events:513:28)
    at addChunk (node:internal/streams/readable:315:12)
    at readableAddChunk (node:internal/streams/readable:289:9)
    at TLSSocket.Readable.push (node:internal/streams/readable:228:10) {
  code: 'EAUTH',
  response: '535 Authentication Failed for support@drphysioclinic.org',
  responseCode: 535,
  command: 'AUTH PLAIN'
}
Error: Invalid login: 535 Authentication Failed for support@drphysioclinic.org
    at SMTPConnection._formatError (/home/dlongqwm/nodevenv/site/16/lib/node_modules/nodemailer/lib/smtp-connection/index.js:798:19)
    at SMTPConnection._actionAUTHComplete (/home/dlongqwm/nodevenv/site/16/lib/node_modules/nodemailer/lib/smtp-connection/index.js:1577:34)
    at SMTPConnection.<anonymous> (/home/dlongqwm/nodevenv/site/16/lib/node_modules/nodemailer/lib/smtp-connection/index.js:554:26)
    at SMTPConnection._processResponse (/home/dlongqwm/nodevenv/site/16/lib/node_modules/nodemailer/lib/smtp-connection/index.js:982:20)
    at SMTPConnection._onData (/home/dlongqwm/nodevenv/site/16/lib/node_modules/nodemailer/lib/smtp-connection/index.js:763:14)
    at TLSSocket.SMTPConnection._onSocketData (/home/dlongqwm/nodevenv/site/16/lib/node_modules/nodemailer/lib/smtp-connection/index.js:195:44)
    at TLSSocket.emit (node:events:513:28)
    at addChunk (node:internal/streams/readable:315:12)
    at readableAddChunk (node:internal/streams/readable:289:9)
    at TLSSocket.Readable.push (node:internal/streams/readable:228:10) {
  code: 'EAUTH',
  response: '535 Authentication Failed for support@drphysioclinic.org',
  responseCode: 535,
  command: 'AUTH PLAIN'
}
Error submitting contact form: Error: Invalid login: 535 Authentication Failed for support@drphysioclinic.org
    at SMTPConnection._formatError (/home/dlongqwm/nodevenv/site/16/lib/node_modules/nodemailer/lib/smtp-connection/index.js:798:19)
    at SMTPConnection._actionAUTHComplete (/home/dlongqwm/nodevenv/site/16/lib/node_modules/nodemailer/lib/smtp-connection/index.js:1577:34)
    at SMTPConnection.<anonymous> (/home/dlongqwm/nodevenv/site/16/lib/node_modules/nodemailer/lib/smtp-connection/index.js:554:26)
    at SMTPConnection._processResponse (/home/dlongqwm/nodevenv/site/16/lib/node_modules/nodemailer/lib/smtp-connection/index.js:982:20)
    at SMTPConnection._onData (/home/dlongqwm/nodevenv/site/16/lib/node_modules/nodemailer/lib/smtp-connection/index.js:763:14)
    at TLSSocket.SMTPConnection._onSocketData (/home/dlongqwm/nodevenv/site/16/lib/node_modules/nodemailer/lib/smtp-connection/index.js:195:44)
    at TLSSocket.emit (node:events:513:28)
    at addChunk (node:internal/streams/readable:315:12)
    at readableAddChunk (node:internal/streams/readable:289:9)
    at TLSSocket.Readable.push (node:internal/streams/readable:228:10) {
  code: 'EAUTH',
  response: '535 Authentication Failed for support@drphysioclinic.org',
  responseCode: 535,
  command: 'AUTH PLAIN'
}
Error submitting contact form: Error: Invalid login: 535 Authentication Failed for support@drphysioclinic.org
    at SMTPConnection._formatError (/home/dlongqwm/nodevenv/site/16/lib/node_modules/nodemailer/lib/smtp-connection/index.js:798:19)
    at SMTPConnection._actionAUTHComplete (/home/dlongqwm/nodevenv/site/16/lib/node_modules/nodemailer/lib/smtp-connection/index.js:1577:34)
    at SMTPConnection.<anonymous> (/home/dlongqwm/nodevenv/site/16/lib/node_modules/nodemailer/lib/smtp-connection/index.js:554:26)
    at SMTPConnection._processResponse (/home/dlongqwm/nodevenv/site/16/lib/node_modules/nodemailer/lib/smtp-connection/index.js:982:20)
    at SMTPConnection._onData (/home/dlongqwm/nodevenv/site/16/lib/node_modules/nodemailer/lib/smtp-connection/index.js:763:14)
    at TLSSocket.SMTPConnection._onSocketData (/home/dlongqwm/nodevenv/site/16/lib/node_modules/nodemailer/lib/smtp-connection/index.js:195:44)
    at TLSSocket.emit (node:events:513:28)
    at addChunk (node:internal/streams/readable:315:12)
    at readableAddChunk (node:internal/streams/readable:289:9)
    at TLSSocket.Readable.push (node:internal/streams/readable:228:10) {
  code: 'EAUTH',
  response: '535 Authentication Failed for support@drphysioclinic.org',
  responseCode: 535,
  command: 'AUTH PLAIN'
}
Error submitting contact form: Error: Invalid login: 535 Authentication Failed for support@drphysioclinic.org
    at SMTPConnection._formatError (/home/dlongqwm/nodevenv/site/16/lib/node_modules/nodemailer/lib/smtp-connection/index.js:798:19)
    at SMTPConnection._actionAUTHComplete (/home/dlongqwm/nodevenv/site/16/lib/node_modules/nodemailer/lib/smtp-connection/index.js:1577:34)
    at SMTPConnection.<anonymous> (/home/dlongqwm/nodevenv/site/16/lib/node_modules/nodemailer/lib/smtp-connection/index.js:554:26)
    at SMTPConnection._processResponse (/home/dlongqwm/nodevenv/site/16/lib/node_modules/nodemailer/lib/smtp-connection/index.js:982:20)
    at SMTPConnection._onData (/home/dlongqwm/nodevenv/site/16/lib/node_modules/nodemailer/lib/smtp-connection/index.js:763:14)
    at TLSSocket.SMTPConnection._onSocketData (/home/dlongqwm/nodevenv/site/16/lib/node_modules/nodemailer/lib/smtp-connection/index.js:195:44)
    at TLSSocket.emit (node:events:513:28)
    at addChunk (node:internal/streams/readable:315:12)
    at readableAddChunk (node:internal/streams/readable:289:9)
    at TLSSocket.Readable.push (node:internal/streams/readable:228:10) {
  code: 'EAUTH',
  response: '535 Authentication Failed for support@drphysioclinic.org',
  responseCode: 535,
  command: 'AUTH PLAIN'
}
Error: Invalid login: 535 Authentication Failed for support@drphysioclinic.org
    at SMTPConnection._formatError (/home/dlongqwm/nodevenv/site/16/lib/node_modules/nodemailer/lib/smtp-connection/index.js:798:19)
    at SMTPConnection._actionAUTHComplete (/home/dlongqwm/nodevenv/site/16/lib/node_modules/nodemailer/lib/smtp-connection/index.js:1577:34)
    at SMTPConnection.<anonymous> (/home/dlongqwm/nodevenv/site/16/lib/node_modules/nodemailer/lib/smtp-connection/index.js:554:26)
    at SMTPConnection._processResponse (/home/dlongqwm/nodevenv/site/16/lib/node_modules/nodemailer/lib/smtp-connection/index.js:982:20)
    at SMTPConnection._onData (/home/dlongqwm/nodevenv/site/16/lib/node_modules/nodemailer/lib/smtp-connection/index.js:763:14)
    at TLSSocket.SMTPConnection._onSocketData (/home/dlongqwm/nodevenv/site/16/lib/node_modules/nodemailer/lib/smtp-connection/index.js:195:44)
    at TLSSocket.emit (node:events:513:28)
    at addChunk (node:internal/streams/readable:315:12)
    at readableAddChunk (node:internal/streams/readable:289:9)
    at TLSSocket.Readable.push (node:internal/streams/readable:228:10) {
  code: 'EAUTH',
  response: '535 Authentication Failed for support@drphysioclinic.org',
  responseCode: 535,
  command: 'AUTH PLAIN'
}
Error: Invalid login: 535 Authentication Failed for support@drphysioclinic.org
    at SMTPConnection._formatError (/home/dlongqwm/nodevenv/site/16/lib/node_modules/nodemailer/lib/smtp-connection/index.js:798:19)
    at SMTPConnection._actionAUTHComplete (/home/dlongqwm/nodevenv/site/16/lib/node_modules/nodemailer/lib/smtp-connection/index.js:1577:34)
    at SMTPConnection.<anonymous> (/home/dlongqwm/nodevenv/site/16/lib/node_modules/nodemailer/lib/smtp-connection/index.js:554:26)
    at SMTPConnection._processResponse (/home/dlongqwm/nodevenv/site/16/lib/node_modules/nodemailer/lib/smtp-connection/index.js:982:20)
    at SMTPConnection._onData (/home/dlongqwm/nodevenv/site/16/lib/node_modules/nodemailer/lib/smtp-connection/index.js:763:14)
    at TLSSocket.SMTPConnection._onSocketData (/home/dlongqwm/nodevenv/site/16/lib/node_modules/nodemailer/lib/smtp-connection/index.js:195:44)
    at TLSSocket.emit (node:events:513:28)
    at addChunk (node:internal/streams/readable:315:12)
    at readableAddChunk (node:internal/streams/readable:289:9)
    at TLSSocket.Readable.push (node:internal/streams/readable:228:10) {
  code: 'EAUTH',
  response: '535 Authentication Failed for support@drphysioclinic.org',
  responseCode: 535,
  command: 'AUTH PLAIN'
}
Error: Invalid login: 535 Authentication Failed for support@drphysioclinic.org
    at SMTPConnection._formatError (/home/dlongqwm/nodevenv/site/16/lib/node_modules/nodemailer/lib/smtp-connection/index.js:798:19)
    at SMTPConnection._actionAUTHComplete (/home/dlongqwm/nodevenv/site/16/lib/node_modules/nodemailer/lib/smtp-connection/index.js:1577:34)
    at SMTPConnection.<anonymous> (/home/dlongqwm/nodevenv/site/16/lib/node_modules/nodemailer/lib/smtp-connection/index.js:554:26)
    at SMTPConnection._processResponse (/home/dlongqwm/nodevenv/site/16/lib/node_modules/nodemailer/lib/smtp-connection/index.js:982:20)
    at SMTPConnection._onData (/home/dlongqwm/nodevenv/site/16/lib/node_modules/nodemailer/lib/smtp-connection/index.js:763:14)
    at TLSSocket.SMTPConnection._onSocketData (/home/dlongqwm/nodevenv/site/16/lib/node_modules/nodemailer/lib/smtp-connection/index.js:195:44)
    at TLSSocket.emit (node:events:513:28)
    at addChunk (node:internal/streams/readable:315:12)
    at readableAddChunk (node:internal/streams/readable:289:9)
    at TLSSocket.Readable.push (node:internal/streams/readable:228:10) {
  code: 'EAUTH',
  response: '535 Authentication Failed for support@drphysioclinic.org',
  responseCode: 535,
  command: 'AUTH PLAIN'
}
Error: Invalid login: 535 Authentication Failed for support@drphysioclinic.org
    at SMTPConnection._formatError (/home/dlongqwm/nodevenv/site/16/lib/node_modules/nodemailer/lib/smtp-connection/index.js:798:19)
    at SMTPConnection._actionAUTHComplete (/home/dlongqwm/nodevenv/site/16/lib/node_modules/nodemailer/lib/smtp-connection/index.js:1577:34)
    at SMTPConnection.<anonymous> (/home/dlongqwm/nodevenv/site/16/lib/node_modules/nodemailer/lib/smtp-connection/index.js:554:26)
    at SMTPConnection._processResponse (/home/dlongqwm/nodevenv/site/16/lib/node_modules/nodemailer/lib/smtp-connection/index.js:982:20)
    at SMTPConnection._onData (/home/dlongqwm/nodevenv/site/16/lib/node_modules/nodemailer/lib/smtp-connection/index.js:763:14)
    at TLSSocket.SMTPConnection._onSocketData (/home/dlongqwm/nodevenv/site/16/lib/node_modules/nodemailer/lib/smtp-connection/index.js:195:44)
    at TLSSocket.emit (node:events:513:28)
    at addChunk (node:internal/streams/readable:315:12)
    at readableAddChunk (node:internal/streams/readable:289:9)
    at TLSSocket.Readable.push (node:internal/streams/readable:228:10) {
  code: 'EAUTH',
  response: '535 Authentication Failed for support@drphysioclinic.org',
  responseCode: 535,
  command: 'AUTH PLAIN'
}
Error: Invalid login: 535 Authentication Failed for support@drphysioclinic.org
    at SMTPConnection._formatError (/home/dlongqwm/nodevenv/site/16/lib/node_modules/nodemailer/lib/smtp-connection/index.js:798:19)
    at SMTPConnection._actionAUTHComplete (/home/dlongqwm/nodevenv/site/16/lib/node_modules/nodemailer/lib/smtp-connection/index.js:1577:34)
    at SMTPConnection.<anonymous> (/home/dlongqwm/nodevenv/site/16/lib/node_modules/nodemailer/lib/smtp-connection/index.js:554:26)
    at SMTPConnection._processResponse (/home/dlongqwm/nodevenv/site/16/lib/node_modules/nodemailer/lib/smtp-connection/index.js:982:20)
    at SMTPConnection._onData (/home/dlongqwm/nodevenv/site/16/lib/node_modules/nodemailer/lib/smtp-connection/index.js:763:14)
    at TLSSocket.SMTPConnection._onSocketData (/home/dlongqwm/nodevenv/site/16/lib/node_modules/nodemailer/lib/smtp-connection/index.js:195:44)
    at TLSSocket.emit (node:events:513:28)
    at addChunk (node:internal/streams/readable:315:12)
    at readableAddChunk (node:internal/streams/readable:289:9)
    at TLSSocket.Readable.push (node:internal/streams/readable:228:10) {
  code: 'EAUTH',
  response: '535 Authentication Failed for support@drphysioclinic.org',
  responseCode: 535,
  command: 'AUTH PLAIN'
}
Error: Invalid login: 535 Authentication Failed for support@drphysioclinic.org
    at SMTPConnection._formatError (/home/dlongqwm/nodevenv/site/16/lib/node_modules/nodemailer/lib/smtp-connection/index.js:798:19)
    at SMTPConnection._actionAUTHComplete (/home/dlongqwm/nodevenv/site/16/lib/node_modules/nodemailer/lib/smtp-connection/index.js:1577:34)
    at SMTPConnection.<anonymous> (/home/dlongqwm/nodevenv/site/16/lib/node_modules/nodemailer/lib/smtp-connection/index.js:554:26)
    at SMTPConnection._processResponse (/home/dlongqwm/nodevenv/site/16/lib/node_modules/nodemailer/lib/smtp-connection/index.js:982:20)
    at SMTPConnection._onData (/home/dlongqwm/nodevenv/site/16/lib/node_modules/nodemailer/lib/smtp-connection/index.js:763:14)
    at TLSSocket.SMTPConnection._onSocketData (/home/dlongqwm/nodevenv/site/16/lib/node_modules/nodemailer/lib/smtp-connection/index.js:195:44)
    at TLSSocket.emit (node:events:513:28)
    at addChunk (node:internal/streams/readable:315:12)
    at readableAddChunk (node:internal/streams/readable:289:9)
    at TLSSocket.Readable.push (node:internal/streams/readable:228:10) {
  code: 'EAUTH',
  response: '535 Authentication Failed for support@drphysioclinic.org',
  responseCode: 535,
  command: 'AUTH PLAIN'
}
Error submitting contact form: Error: Invalid login: 535 Authentication Failed for support@drphysioclinic.org
    at SMTPConnection._formatError (/home/dlongqwm/nodevenv/site/16/lib/node_modules/nodemailer/lib/smtp-connection/index.js:798:19)
    at SMTPConnection._actionAUTHComplete (/home/dlongqwm/nodevenv/site/16/lib/node_modules/nodemailer/lib/smtp-connection/index.js:1577:34)
    at SMTPConnection.<anonymous> (/home/dlongqwm/nodevenv/site/16/lib/node_modules/nodemailer/lib/smtp-connection/index.js:554:26)
    at SMTPConnection._processResponse (/home/dlongqwm/nodevenv/site/16/lib/node_modules/nodemailer/lib/smtp-connection/index.js:982:20)
    at SMTPConnection._onData (/home/dlongqwm/nodevenv/site/16/lib/node_modules/nodemailer/lib/smtp-connection/index.js:763:14)
    at TLSSocket.SMTPConnection._onSocketData (/home/dlongqwm/nodevenv/site/16/lib/node_modules/nodemailer/lib/smtp-connection/index.js:195:44)
    at TLSSocket.emit (node:events:513:28)
    at addChunk (node:internal/streams/readable:315:12)
    at readableAddChunk (node:internal/streams/readable:289:9)
    at TLSSocket.Readable.push (node:internal/streams/readable:228:10) {
  code: 'EAUTH',
  response: '535 Authentication Failed for support@drphysioclinic.org',
  responseCode: 535,
  command: 'AUTH PLAIN'
}
Error: Invalid login: 535 Authentication Failed for support@drphysioclinic.org
    at SMTPConnection._formatError (/home/dlongqwm/nodevenv/site/16/lib/node_modules/nodemailer/lib/smtp-connection/index.js:798:19)
    at SMTPConnection._actionAUTHComplete (/home/dlongqwm/nodevenv/site/16/lib/node_modules/nodemailer/lib/smtp-connection/index.js:1577:34)
    at SMTPConnection.<anonymous> (/home/dlongqwm/nodevenv/site/16/lib/node_modules/nodemailer/lib/smtp-connection/index.js:554:26)
    at SMTPConnection._processResponse (/home/dlongqwm/nodevenv/site/16/lib/node_modules/nodemailer/lib/smtp-connection/index.js:982:20)
    at SMTPConnection._onData (/home/dlongqwm/nodevenv/site/16/lib/node_modules/nodemailer/lib/smtp-connection/index.js:763:14)
    at TLSSocket.SMTPConnection._onSocketData (/home/dlongqwm/nodevenv/site/16/lib/node_modules/nodemailer/lib/smtp-connection/index.js:195:44)
    at TLSSocket.emit (node:events:513:28)
    at addChunk (node:internal/streams/readable:315:12)
    at readableAddChunk (node:internal/streams/readable:289:9)
    at TLSSocket.Readable.push (node:internal/streams/readable:228:10) {
  code: 'EAUTH',
  response: '535 Authentication Failed for support@drphysioclinic.org',
  responseCode: 535,
  command: 'AUTH PLAIN'
}
Error: Invalid login: 535 Authentication Failed for support@drphysioclinic.org
    at SMTPConnection._formatError (/home/dlongqwm/nodevenv/site/16/lib/node_modules/nodemailer/lib/smtp-connection/index.js:798:19)
    at SMTPConnection._actionAUTHComplete (/home/dlongqwm/nodevenv/site/16/lib/node_modules/nodemailer/lib/smtp-connection/index.js:1577:34)
    at SMTPConnection.<anonymous> (/home/dlongqwm/nodevenv/site/16/lib/node_modules/nodemailer/lib/smtp-connection/index.js:554:26)
    at SMTPConnection._processResponse (/home/dlongqwm/nodevenv/site/16/lib/node_modules/nodemailer/lib/smtp-connection/index.js:982:20)
    at SMTPConnection._onData (/home/dlongqwm/nodevenv/site/16/lib/node_modules/nodemailer/lib/smtp-connection/index.js:763:14)
    at TLSSocket.SMTPConnection._onSocketData (/home/dlongqwm/nodevenv/site/16/lib/node_modules/nodemailer/lib/smtp-connection/index.js:195:44)
    at TLSSocket.emit (node:events:513:28)
    at addChunk (node:internal/streams/readable:315:12)
    at readableAddChunk (node:internal/streams/readable:289:9)
    at TLSSocket.Readable.push (node:internal/streams/readable:228:10) {
  code: 'EAUTH',
  response: '535 Authentication Failed for support@drphysioclinic.org',
  responseCode: 535,
  command: 'AUTH PLAIN'
}
Error: Invalid login: 535 Authentication Failed for support@drphysioclinic.org
    at SMTPConnection._formatError (/home/dlongqwm/nodevenv/site/16/lib/node_modules/nodemailer/lib/smtp-connection/index.js:798:19)
    at SMTPConnection._actionAUTHComplete (/home/dlongqwm/nodevenv/site/16/lib/node_modules/nodemailer/lib/smtp-connection/index.js:1577:34)
    at SMTPConnection.<anonymous> (/home/dlongqwm/nodevenv/site/16/lib/node_modules/nodemailer/lib/smtp-connection/index.js:554:26)
    at SMTPConnection._processResponse (/home/dlongqwm/nodevenv/site/16/lib/node_modules/nodemailer/lib/smtp-connection/index.js:982:20)
    at SMTPConnection._onData (/home/dlongqwm/nodevenv/site/16/lib/node_modules/nodemailer/lib/smtp-connection/index.js:763:14)
    at TLSSocket.SMTPConnection._onSocketData (/home/dlongqwm/nodevenv/site/16/lib/node_modules/nodemailer/lib/smtp-connection/index.js:195:44)
    at TLSSocket.emit (node:events:513:28)
    at addChunk (node:internal/streams/readable:315:12)
    at readableAddChunk (node:internal/streams/readable:289:9)
    at TLSSocket.Readable.push (node:internal/streams/readable:228:10) {
  code: 'EAUTH',
  response: '535 Authentication Failed for support@drphysioclinic.org',
  responseCode: 535,
  command: 'AUTH PLAIN'
}
Error: Invalid login: 535 Authentication Failed for support@drphysioclinic.org
    at SMTPConnection._formatError (/home/dlongqwm/nodevenv/site/16/lib/node_modules/nodemailer/lib/smtp-connection/index.js:798:19)
    at SMTPConnection._actionAUTHComplete (/home/dlongqwm/nodevenv/site/16/lib/node_modules/nodemailer/lib/smtp-connection/index.js:1577:34)
    at SMTPConnection.<anonymous> (/home/dlongqwm/nodevenv/site/16/lib/node_modules/nodemailer/lib/smtp-connection/index.js:554:26)
    at SMTPConnection._processResponse (/home/dlongqwm/nodevenv/site/16/lib/node_modules/nodemailer/lib/smtp-connection/index.js:982:20)
    at SMTPConnection._onData (/home/dlongqwm/nodevenv/site/16/lib/node_modules/nodemailer/lib/smtp-connection/index.js:763:14)
    at TLSSocket.SMTPConnection._onSocketData (/home/dlongqwm/nodevenv/site/16/lib/node_modules/nodemailer/lib/smtp-connection/index.js:195:44)
    at TLSSocket.emit (node:events:513:28)
    at addChunk (node:internal/streams/readable:315:12)
    at readableAddChunk (node:internal/streams/readable:289:9)
    at TLSSocket.Readable.push (node:internal/streams/readable:228:10) {
  code: 'EAUTH',
  response: '535 Authentication Failed for support@drphysioclinic.org',
  responseCode: 535,
  command: 'AUTH PLAIN'
}
Error: read ECONNRESET
    at TCP.onStreamRead (node:internal/stream_base_commons:217:20) {
  errno: -104,
  code: 'ESOCKET',
  syscall: 'read',
  command: 'CONN'
}
Error: Invalid login: 535 Authentication Failed for support@drphysioclinic.org
    at SMTPConnection._formatError (/home/dlongqwm/nodevenv/site/16/lib/node_modules/nodemailer/lib/smtp-connection/index.js:798:19)
    at SMTPConnection._actionAUTHComplete (/home/dlongqwm/nodevenv/site/16/lib/node_modules/nodemailer/lib/smtp-connection/index.js:1577:34)
    at SMTPConnection.<anonymous> (/home/dlongqwm/nodevenv/site/16/lib/node_modules/nodemailer/lib/smtp-connection/index.js:554:26)
    at SMTPConnection._processResponse (/home/dlongqwm/nodevenv/site/16/lib/node_modules/nodemailer/lib/smtp-connection/index.js:982:20)
    at SMTPConnection._onData (/home/dlongqwm/nodevenv/site/16/lib/node_modules/nodemailer/lib/smtp-connection/index.js:763:14)
    at TLSSocket.SMTPConnection._onSocketData (/home/dlongqwm/nodevenv/site/16/lib/node_modules/nodemailer/lib/smtp-connection/index.js:195:44)
    at TLSSocket.emit (node:events:513:28)
    at addChunk (node:internal/streams/readable:315:12)
    at readableAddChunk (node:internal/streams/readable:289:9)
    at TLSSocket.Readable.push (node:internal/streams/readable:228:10) {
  code: 'EAUTH',
  response: '535 Authentication Failed for support@drphysioclinic.org',
  responseCode: 535,
  command: 'AUTH PLAIN'
}
Error: Invalid login: 535 Authentication Failed for support@drphysioclinic.org
    at SMTPConnection._formatError (/home/dlongqwm/nodevenv/site/16/lib/node_modules/nodemailer/lib/smtp-connection/index.js:798:19)
    at SMTPConnection._actionAUTHComplete (/home/dlongqwm/nodevenv/site/16/lib/node_modules/nodemailer/lib/smtp-connection/index.js:1577:34)
    at SMTPConnection.<anonymous> (/home/dlongqwm/nodevenv/site/16/lib/node_modules/nodemailer/lib/smtp-connection/index.js:554:26)
    at SMTPConnection._processResponse (/home/dlongqwm/nodevenv/site/16/lib/node_modules/nodemailer/lib/smtp-connection/index.js:982:20)
    at SMTPConnection._onData (/home/dlongqwm/nodevenv/site/16/lib/node_modules/nodemailer/lib/smtp-connection/index.js:763:14)
    at TLSSocket.SMTPConnection._onSocketData (/home/dlongqwm/nodevenv/site/16/lib/node_modules/nodemailer/lib/smtp-connection/index.js:195:44)
    at TLSSocket.emit (node:events:513:28)
    at addChunk (node:internal/streams/readable:315:12)
    at readableAddChunk (node:internal/streams/readable:289:9)
    at TLSSocket.Readable.push (node:internal/streams/readable:228:10) {
  code: 'EAUTH',
  response: '535 Authentication Failed for support@drphysioclinic.org',
  responseCode: 535,
  command: 'AUTH PLAIN'
}
Error: Invalid login: 535 Authentication Failed for support@drphysioclinic.org
    at SMTPConnection._formatError (/home/dlongqwm/nodevenv/site/16/lib/node_modules/nodemailer/lib/smtp-connection/index.js:798:19)
    at SMTPConnection._actionAUTHComplete (/home/dlongqwm/nodevenv/site/16/lib/node_modules/nodemailer/lib/smtp-connection/index.js:1577:34)
    at SMTPConnection.<anonymous> (/home/dlongqwm/nodevenv/site/16/lib/node_modules/nodemailer/lib/smtp-connection/index.js:554:26)
    at SMTPConnection._processResponse (/home/dlongqwm/nodevenv/site/16/lib/node_modules/nodemailer/lib/smtp-connection/index.js:982:20)
    at SMTPConnection._onData (/home/dlongqwm/nodevenv/site/16/lib/node_modules/nodemailer/lib/smtp-connection/index.js:763:14)
    at TLSSocket.SMTPConnection._onSocketData (/home/dlongqwm/nodevenv/site/16/lib/node_modules/nodemailer/lib/smtp-connection/index.js:195:44)
    at TLSSocket.emit (node:events:513:28)
    at addChunk (node:internal/streams/readable:315:12)
    at readableAddChunk (node:internal/streams/readable:289:9)
    at TLSSocket.Readable.push (node:internal/streams/readable:228:10) {
  code: 'EAUTH',
  response: '535 Authentication Failed for support@drphysioclinic.org',
  responseCode: 535,
  command: 'AUTH PLAIN'
}
Error: Invalid login: 535 Authentication Failed for support@drphysioclinic.org
    at SMTPConnection._formatError (/home/dlongqwm/nodevenv/site/16/lib/node_modules/nodemailer/lib/smtp-connection/index.js:798:19)
    at SMTPConnection._actionAUTHComplete (/home/dlongqwm/nodevenv/site/16/lib/node_modules/nodemailer/lib/smtp-connection/index.js:1577:34)
    at SMTPConnection.<anonymous> (/home/dlongqwm/nodevenv/site/16/lib/node_modules/nodemailer/lib/smtp-connection/index.js:554:26)
    at SMTPConnection._processResponse (/home/dlongqwm/nodevenv/site/16/lib/node_modules/nodemailer/lib/smtp-connection/index.js:982:20)
    at SMTPConnection._onData (/home/dlongqwm/nodevenv/site/16/lib/node_modules/nodemailer/lib/smtp-connection/index.js:763:14)
    at TLSSocket.SMTPConnection._onSocketData (/home/dlongqwm/nodevenv/site/16/lib/node_modules/nodemailer/lib/smtp-connection/index.js:195:44)
    at TLSSocket.emit (node:events:513:28)
    at addChunk (node:internal/streams/readable:315:12)
    at readableAddChunk (node:internal/streams/readable:289:9)
    at TLSSocket.Readable.push (node:internal/streams/readable:228:10) {
  code: 'EAUTH',
  response: '535 Authentication Failed for support@drphysioclinic.org',
  responseCode: 535,
  command: 'AUTH PLAIN'
}
Error: Invalid login: 535 Authentication Failed for support@drphysioclinic.org
    at SMTPConnection._formatError (/home/dlongqwm/nodevenv/site/16/lib/node_modules/nodemailer/lib/smtp-connection/index.js:798:19)
    at SMTPConnection._actionAUTHComplete (/home/dlongqwm/nodevenv/site/16/lib/node_modules/nodemailer/lib/smtp-connection/index.js:1577:34)
    at SMTPConnection.<anonymous> (/home/dlongqwm/nodevenv/site/16/lib/node_modules/nodemailer/lib/smtp-connection/index.js:554:26)
    at SMTPConnection._processResponse (/home/dlongqwm/nodevenv/site/16/lib/node_modules/nodemailer/lib/smtp-connection/index.js:982:20)
    at SMTPConnection._onData (/home/dlongqwm/nodevenv/site/16/lib/node_modules/nodemailer/lib/smtp-connection/index.js:763:14)
    at TLSSocket.SMTPConnection._onSocketData (/home/dlongqwm/nodevenv/site/16/lib/node_modules/nodemailer/lib/smtp-connection/index.js:195:44)
    at TLSSocket.emit (node:events:513:28)
    at addChunk (node:internal/streams/readable:315:12)
    at readableAddChunk (node:internal/streams/readable:289:9)
    at TLSSocket.Readable.push (node:internal/streams/readable:228:10) {
  code: 'EAUTH',
  response: '535 Authentication Failed for support@drphysioclinic.org',
  responseCode: 535,
  command: 'AUTH PLAIN'
}
Error: Invalid login: 535 Authentication Failed for support@drphysioclinic.org
    at SMTPConnection._formatError (/home/dlongqwm/nodevenv/site/16/lib/node_modules/nodemailer/lib/smtp-connection/index.js:798:19)
    at SMTPConnection._actionAUTHComplete (/home/dlongqwm/nodevenv/site/16/lib/node_modules/nodemailer/lib/smtp-connection/index.js:1577:34)
    at SMTPConnection.<anonymous> (/home/dlongqwm/nodevenv/site/16/lib/node_modules/nodemailer/lib/smtp-connection/index.js:554:26)
    at SMTPConnection._processResponse (/home/dlongqwm/nodevenv/site/16/lib/node_modules/nodemailer/lib/smtp-connection/index.js:982:20)
    at SMTPConnection._onData (/home/dlongqwm/nodevenv/site/16/lib/node_modules/nodemailer/lib/smtp-connection/index.js:763:14)
    at TLSSocket.SMTPConnection._onSocketData (/home/dlongqwm/nodevenv/site/16/lib/node_modules/nodemailer/lib/smtp-connection/index.js:195:44)
    at TLSSocket.emit (node:events:513:28)
    at addChunk (node:internal/streams/readable:315:12)
    at readableAddChunk (node:internal/streams/readable:289:9)
    at TLSSocket.Readable.push (node:internal/streams/readable:228:10) {
  code: 'EAUTH',
  response: '535 Authentication Failed for support@drphysioclinic.org',
  responseCode: 535,
  command: 'AUTH PLAIN'
}
Error: Invalid login: 535 Authentication Failed for support@drphysioclinic.org
    at SMTPConnection._formatError (/home/dlongqwm/nodevenv/site/16/lib/node_modules/nodemailer/lib/smtp-connection/index.js:798:19)
    at SMTPConnection._actionAUTHComplete (/home/dlongqwm/nodevenv/site/16/lib/node_modules/nodemailer/lib/smtp-connection/index.js:1577:34)
    at SMTPConnection.<anonymous> (/home/dlongqwm/nodevenv/site/16/lib/node_modules/nodemailer/lib/smtp-connection/index.js:554:26)
    at SMTPConnection._processResponse (/home/dlongqwm/nodevenv/site/16/lib/node_modules/nodemailer/lib/smtp-connection/index.js:982:20)
    at SMTPConnection._onData (/home/dlongqwm/nodevenv/site/16/lib/node_modules/nodemailer/lib/smtp-connection/index.js:763:14)
    at TLSSocket.SMTPConnection._onSocketData (/home/dlongqwm/nodevenv/site/16/lib/node_modules/nodemailer/lib/smtp-connection/index.js:195:44)
    at TLSSocket.emit (node:events:513:28)
    at addChunk (node:internal/streams/readable:315:12)
    at readableAddChunk (node:internal/streams/readable:289:9)
    at TLSSocket.Readable.push (node:internal/streams/readable:228:10) {
  code: 'EAUTH',
  response: '535 Authentication Failed for support@drphysioclinic.org',
  responseCode: 535,
  command: 'AUTH PLAIN'
}
Error: Invalid login: 535 Authentication Failed for support@drphysioclinic.org
    at SMTPConnection._formatError (/home/dlongqwm/nodevenv/site/16/lib/node_modules/nodemailer/lib/smtp-connection/index.js:798:19)
    at SMTPConnection._actionAUTHComplete (/home/dlongqwm/nodevenv/site/16/lib/node_modules/nodemailer/lib/smtp-connection/index.js:1577:34)
    at SMTPConnection.<anonymous> (/home/dlongqwm/nodevenv/site/16/lib/node_modules/nodemailer/lib/smtp-connection/index.js:554:26)
    at SMTPConnection._processResponse (/home/dlongqwm/nodevenv/site/16/lib/node_modules/nodemailer/lib/smtp-connection/index.js:982:20)
    at SMTPConnection._onData (/home/dlongqwm/nodevenv/site/16/lib/node_modules/nodemailer/lib/smtp-connection/index.js:763:14)
    at TLSSocket.SMTPConnection._onSocketData (/home/dlongqwm/nodevenv/site/16/lib/node_modules/nodemailer/lib/smtp-connection/index.js:195:44)
    at TLSSocket.emit (node:events:513:28)
    at addChunk (node:internal/streams/readable:315:12)
    at readableAddChunk (node:internal/streams/readable:289:9)
    at TLSSocket.Readable.push (node:internal/streams/readable:228:10) {
  code: 'EAUTH',
  response: '535 Authentication Failed for support@drphysioclinic.org',
  responseCode: 535,
  command: 'AUTH PLAIN'
}
Error: Invalid login: 535 Authentication Failed for support@drphysioclinic.org
    at SMTPConnection._formatError (/home/dlongqwm/nodevenv/site/16/lib/node_modules/nodemailer/lib/smtp-connection/index.js:798:19)
    at SMTPConnection._actionAUTHComplete (/home/dlongqwm/nodevenv/site/16/lib/node_modules/nodemailer/lib/smtp-connection/index.js:1577:34)
    at SMTPConnection.<anonymous> (/home/dlongqwm/nodevenv/site/16/lib/node_modules/nodemailer/lib/smtp-connection/index.js:554:26)
    at SMTPConnection._processResponse (/home/dlongqwm/nodevenv/site/16/lib/node_modules/nodemailer/lib/smtp-connection/index.js:982:20)
    at SMTPConnection._onData (/home/dlongqwm/nodevenv/site/16/lib/node_modules/nodemailer/lib/smtp-connection/index.js:763:14)
    at TLSSocket.SMTPConnection._onSocketData (/home/dlongqwm/nodevenv/site/16/lib/node_modules/nodemailer/lib/smtp-connection/index.js:195:44)
    at TLSSocket.emit (node:events:513:28)
    at addChunk (node:internal/streams/readable:315:12)
    at readableAddChunk (node:internal/streams/readable:289:9)
    at TLSSocket.Readable.push (node:internal/streams/readable:228:10) {
  code: 'EAUTH',
  response: '535 Authentication Failed for support@drphysioclinic.org',
  responseCode: 535,
  command: 'AUTH PLAIN'
}
Error: Invalid login: 535 Authentication Failed for support@drphysioclinic.org
    at SMTPConnection._formatError (/home/dlongqwm/nodevenv/site/16/lib/node_modules/nodemailer/lib/smtp-connection/index.js:798:19)
    at SMTPConnection._actionAUTHComplete (/home/dlongqwm/nodevenv/site/16/lib/node_modules/nodemailer/lib/smtp-connection/index.js:1577:34)
    at SMTPConnection.<anonymous> (/home/dlongqwm/nodevenv/site/16/lib/node_modules/nodemailer/lib/smtp-connection/index.js:554:26)
    at SMTPConnection._processResponse (/home/dlongqwm/nodevenv/site/16/lib/node_modules/nodemailer/lib/smtp-connection/index.js:982:20)
    at SMTPConnection._onData (/home/dlongqwm/nodevenv/site/16/lib/node_modules/nodemailer/lib/smtp-connection/index.js:763:14)
    at TLSSocket.SMTPConnection._onSocketData (/home/dlongqwm/nodevenv/site/16/lib/node_modules/nodemailer/lib/smtp-connection/index.js:195:44)
    at TLSSocket.emit (node:events:513:28)
    at addChunk (node:internal/streams/readable:315:12)
    at readableAddChunk (node:internal/streams/readable:289:9)
    at TLSSocket.Readable.push (node:internal/streams/readable:228:10) {
  code: 'EAUTH',
  response: '535 Authentication Failed for support@drphysioclinic.org',
  responseCode: 535,
  command: 'AUTH PLAIN'
}
Error: Invalid login: 535 Authentication Failed for support@drphysioclinic.org
    at SMTPConnection._formatError (/home/dlongqwm/nodevenv/site/16/lib/node_modules/nodemailer/lib/smtp-connection/index.js:798:19)
    at SMTPConnection._actionAUTHComplete (/home/dlongqwm/nodevenv/site/16/lib/node_modules/nodemailer/lib/smtp-connection/index.js:1577:34)
    at SMTPConnection.<anonymous> (/home/dlongqwm/nodevenv/site/16/lib/node_modules/nodemailer/lib/smtp-connection/index.js:554:26)
    at SMTPConnection._processResponse (/home/dlongqwm/nodevenv/site/16/lib/node_modules/nodemailer/lib/smtp-connection/index.js:982:20)
    at SMTPConnection._onData (/home/dlongqwm/nodevenv/site/16/lib/node_modules/nodemailer/lib/smtp-connection/index.js:763:14)
    at TLSSocket.SMTPConnection._onSocketData (/home/dlongqwm/nodevenv/site/16/lib/node_modules/nodemailer/lib/smtp-connection/index.js:195:44)
    at TLSSocket.emit (node:events:513:28)
    at addChunk (node:internal/streams/readable:315:12)
    at readableAddChunk (node:internal/streams/readable:289:9)
    at TLSSocket.Readable.push (node:internal/streams/readable:228:10) {
  code: 'EAUTH',
  response: '535 Authentication Failed for support@drphysioclinic.org',
  responseCode: 535,
  command: 'AUTH PLAIN'
}
Error: Invalid login: 535 Authentication Failed for support@drphysioclinic.org
    at SMTPConnection._formatError (/home/dlongqwm/nodevenv/site/16/lib/node_modules/nodemailer/lib/smtp-connection/index.js:798:19)
    at SMTPConnection._actionAUTHComplete (/home/dlongqwm/nodevenv/site/16/lib/node_modules/nodemailer/lib/smtp-connection/index.js:1577:34)
    at SMTPConnection.<anonymous> (/home/dlongqwm/nodevenv/site/16/lib/node_modules/nodemailer/lib/smtp-connection/index.js:554:26)
    at SMTPConnection._processResponse (/home/dlongqwm/nodevenv/site/16/lib/node_modules/nodemailer/lib/smtp-connection/index.js:982:20)
    at SMTPConnection._onData (/home/dlongqwm/nodevenv/site/16/lib/node_modules/nodemailer/lib/smtp-connection/index.js:763:14)
    at TLSSocket.SMTPConnection._onSocketData (/home/dlongqwm/nodevenv/site/16/lib/node_modules/nodemailer/lib/smtp-connection/index.js:195:44)
    at TLSSocket.emit (node:events:513:28)
    at addChunk (node:internal/streams/readable:315:12)
    at readableAddChunk (node:internal/streams/readable:289:9)
    at TLSSocket.Readable.push (node:internal/streams/readable:228:10) {
  code: 'EAUTH',
  response: '535 Authentication Failed for support@drphysioclinic.org',
  responseCode: 535,
  command: 'AUTH PLAIN'
}
Error: Invalid login: 535 Authentication Failed for support@drphysioclinic.org
    at SMTPConnection._formatError (/home/dlongqwm/nodevenv/site/16/lib/node_modules/nodemailer/lib/smtp-connection/index.js:798:19)
    at SMTPConnection._actionAUTHComplete (/home/dlongqwm/nodevenv/site/16/lib/node_modules/nodemailer/lib/smtp-connection/index.js:1577:34)
    at SMTPConnection.<anonymous> (/home/dlongqwm/nodevenv/site/16/lib/node_modules/nodemailer/lib/smtp-connection/index.js:554:26)
    at SMTPConnection._processResponse (/home/dlongqwm/nodevenv/site/16/lib/node_modules/nodemailer/lib/smtp-connection/index.js:982:20)
    at SMTPConnection._onData (/home/dlongqwm/nodevenv/site/16/lib/node_modules/nodemailer/lib/smtp-connection/index.js:763:14)
    at TLSSocket.SMTPConnection._onSocketData (/home/dlongqwm/nodevenv/site/16/lib/node_modules/nodemailer/lib/smtp-connection/index.js:195:44)
    at TLSSocket.emit (node:events:513:28)
    at addChunk (node:internal/streams/readable:315:12)
    at readableAddChunk (node:internal/streams/readable:289:9)
    at TLSSocket.Readable.push (node:internal/streams/readable:228:10) {
  code: 'EAUTH',
  response: '535 Authentication Failed for support@drphysioclinic.org',
  responseCode: 535,
  command: 'AUTH PLAIN'
}
Error: read ECONNRESET
    at TCP.onStreamRead (node:internal/stream_base_commons:217:20) {
  errno: -104,
  code: 'ESOCKET',
  syscall: 'read',
  command: 'CONN'
}
Error: Connection timeout
    at SMTPConnection._formatError (/home/dlongqwm/nodevenv/site/16/lib/node_modules/nodemailer/lib/smtp-connection/index.js:798:19)
    at SMTPConnection._onError (/home/dlongqwm/nodevenv/site/16/lib/node_modules/nodemailer/lib/smtp-connection/index.js:784:20)
    at Timeout.<anonymous> (/home/dlongqwm/nodevenv/site/16/lib/node_modules/nodemailer/lib/smtp-connection/index.js:237:22)
    at listOnTimeout (node:internal/timers:559:17)
    at processTimers (node:internal/timers:502:7) {
  code: 'ETIMEDOUT',
  command: 'CONN'
}
Error: Connection timeout
    at SMTPConnection._formatError (/home/dlongqwm/nodevenv/site/16/lib/node_modules/nodemailer/lib/smtp-connection/index.js:798:19)
    at SMTPConnection._onError (/home/dlongqwm/nodevenv/site/16/lib/node_modules/nodemailer/lib/smtp-connection/index.js:784:20)
    at Timeout.<anonymous> (/home/dlongqwm/nodevenv/site/16/lib/node_modules/nodemailer/lib/smtp-connection/index.js:237:22)
    at listOnTimeout (node:internal/timers:559:17)
    at processTimers (node:internal/timers:502:7) {
  code: 'ETIMEDOUT',
  command: 'CONN'
}
Error: Connection timeout
    at SMTPConnection._formatError (/home/dlongqwm/nodevenv/site/16/lib/node_modules/nodemailer/lib/smtp-connection/index.js:798:19)
    at SMTPConnection._onError (/home/dlongqwm/nodevenv/site/16/lib/node_modules/nodemailer/lib/smtp-connection/index.js:784:20)
    at Timeout.<anonymous> (/home/dlongqwm/nodevenv/site/16/lib/node_modules/nodemailer/lib/smtp-connection/index.js:237:22)
    at listOnTimeout (node:internal/timers:559:17)
    at processTimers (node:internal/timers:502:7) {
  code: 'ETIMEDOUT',
  command: 'CONN'
}
Error: Connection timeout
    at SMTPConnection._formatError (/home/dlongqwm/nodevenv/site/16/lib/node_modules/nodemailer/lib/smtp-connection/index.js:798:19)
    at SMTPConnection._onError (/home/dlongqwm/nodevenv/site/16/lib/node_modules/nodemailer/lib/smtp-connection/index.js:784:20)
    at Timeout.<anonymous> (/home/dlongqwm/nodevenv/site/16/lib/node_modules/nodemailer/lib/smtp-connection/index.js:237:22)
    at listOnTimeout (node:internal/timers:559:17)
    at processTimers (node:internal/timers:502:7) {
  code: 'ETIMEDOUT',
  command: 'CONN'
}
Error: Connection timeout
    at SMTPConnection._formatError (/home/dlongqwm/nodevenv/site/16/lib/node_modules/nodemailer/lib/smtp-connection/index.js:798:19)
    at SMTPConnection._onError (/home/dlongqwm/nodevenv/site/16/lib/node_modules/nodemailer/lib/smtp-connection/index.js:784:20)
    at Timeout.<anonymous> (/home/dlongqwm/nodevenv/site/16/lib/node_modules/nodemailer/lib/smtp-connection/index.js:237:22)
    at listOnTimeout (node:internal/timers:559:17)
    at processTimers (node:internal/timers:502:7) {
  code: 'ETIMEDOUT',
  command: 'CONN'
}
Error submitting contact form: Error: Connection timeout
    at SMTPConnection._formatError (/home/dlongqwm/nodevenv/site/16/lib/node_modules/nodemailer/lib/smtp-connection/index.js:798:19)
    at SMTPConnection._onError (/home/dlongqwm/nodevenv/site/16/lib/node_modules/nodemailer/lib/smtp-connection/index.js:784:20)
    at Timeout.<anonymous> (/home/dlongqwm/nodevenv/site/16/lib/node_modules/nodemailer/lib/smtp-connection/index.js:237:22)
    at listOnTimeout (node:internal/timers:559:17)
    at processTimers (node:internal/timers:502:7) {
  code: 'ETIMEDOUT',
  command: 'CONN'
}
Error submitting contact form: Error: Connection timeout
    at SMTPConnection._formatError (/home/dlongqwm/nodevenv/site/16/lib/node_modules/nodemailer/lib/smtp-connection/index.js:798:19)
    at SMTPConnection._onError (/home/dlongqwm/nodevenv/site/16/lib/node_modules/nodemailer/lib/smtp-connection/index.js:784:20)
    at Timeout.<anonymous> (/home/dlongqwm/nodevenv/site/16/lib/node_modules/nodemailer/lib/smtp-connection/index.js:237:22)
    at listOnTimeout (node:internal/timers:559:17)
    at processTimers (node:internal/timers:502:7) {
  code: 'ETIMEDOUT',
  command: 'CONN'
}
Error: Connection timeout
    at SMTPConnection._formatError (/home/dlongqwm/nodevenv/site/16/lib/node_modules/nodemailer/lib/smtp-connection/index.js:798:19)
    at SMTPConnection._onError (/home/dlongqwm/nodevenv/site/16/lib/node_modules/nodemailer/lib/smtp-connection/index.js:784:20)
    at Timeout.<anonymous> (/home/dlongqwm/nodevenv/site/16/lib/node_modules/nodemailer/lib/smtp-connection/index.js:237:22)
    at listOnTimeout (node:internal/timers:559:17)
    at processTimers (node:internal/timers:502:7) {
  code: 'ETIMEDOUT',
  command: 'CONN'
}
Error: Connection timeout
    at SMTPConnection._formatError (/home/dlongqwm/nodevenv/site/16/lib/node_modules/nodemailer/lib/smtp-connection/index.js:798:19)
    at SMTPConnection._onError (/home/dlongqwm/nodevenv/site/16/lib/node_modules/nodemailer/lib/smtp-connection/index.js:784:20)
    at Timeout.<anonymous> (/home/dlongqwm/nodevenv/site/16/lib/node_modules/nodemailer/lib/smtp-connection/index.js:237:22)
    at listOnTimeout (node:internal/timers:559:17)
    at processTimers (node:internal/timers:502:7) {
  code: 'ETIMEDOUT',
  command: 'CONN'
}
Error submitting contact form: Error: Connection timeout
    at SMTPConnection._formatError (/home/dlongqwm/nodevenv/site/16/lib/node_modules/nodemailer/lib/smtp-connection/index.js:798:19)
    at SMTPConnection._onError (/home/dlongqwm/nodevenv/site/16/lib/node_modules/nodemailer/lib/smtp-connection/index.js:784:20)
    at Timeout.<anonymous> (/home/dlongqwm/nodevenv/site/16/lib/node_modules/nodemailer/lib/smtp-connection/index.js:237:22)
    at listOnTimeout (node:internal/timers:559:17)
    at processTimers (node:internal/timers:502:7) {
  code: 'ETIMEDOUT',
  command: 'CONN'
}
Error: Connection timeout
    at SMTPConnection._formatError (/home/dlongqwm/nodevenv/site/16/lib/node_modules/nodemailer/lib/smtp-connection/index.js:798:19)
    at SMTPConnection._onError (/home/dlongqwm/nodevenv/site/16/lib/node_modules/nodemailer/lib/smtp-connection/index.js:784:20)
    at Timeout.<anonymous> (/home/dlongqwm/nodevenv/site/16/lib/node_modules/nodemailer/lib/smtp-connection/index.js:237:22)
    at listOnTimeout (node:internal/timers:559:17)
    at processTimers (node:internal/timers:502:7) {
  code: 'ETIMEDOUT',
  command: 'CONN'
}
Error: Connection timeout
    at SMTPConnection._formatError (/home/dlongqwm/nodevenv/site/16/lib/node_modules/nodemailer/lib/smtp-connection/index.js:798:19)
    at SMTPConnection._onError (/home/dlongqwm/nodevenv/site/16/lib/node_modules/nodemailer/lib/smtp-connection/index.js:784:20)
    at Timeout.<anonymous> (/home/dlongqwm/nodevenv/site/16/lib/node_modules/nodemailer/lib/smtp-connection/index.js:237:22)
    at listOnTimeout (node:internal/timers:559:17)
    at processTimers (node:internal/timers:502:7) {
  code: 'ETIMEDOUT',
  command: 'CONN'
}
Error: Connection timeout
    at SMTPConnection._formatError (/home/dlongqwm/nodevenv/site/16/lib/node_modules/nodemailer/lib/smtp-connection/index.js:798:19)
    at SMTPConnection._onError (/home/dlongqwm/nodevenv/site/16/lib/node_modules/nodemailer/lib/smtp-connection/index.js:784:20)
    at Timeout.<anonymous> (/home/dlongqwm/nodevenv/site/16/lib/node_modules/nodemailer/lib/smtp-connection/index.js:237:22)
    at listOnTimeout (node:internal/timers:559:17)
    at processTimers (node:internal/timers:502:7) {
  code: 'ETIMEDOUT',
  command: 'CONN'
}
Error: Connection timeout
    at SMTPConnection._formatError (/home/dlongqwm/nodevenv/site/16/lib/node_modules/nodemailer/lib/smtp-connection/index.js:798:19)
    at SMTPConnection._onError (/home/dlongqwm/nodevenv/site/16/lib/node_modules/nodemailer/lib/smtp-connection/index.js:784:20)
    at Timeout.<anonymous> (/home/dlongqwm/nodevenv/site/16/lib/node_modules/nodemailer/lib/smtp-connection/index.js:237:22)
    at listOnTimeout (node:internal/timers:559:17)
    at processTimers (node:internal/timers:502:7) {
  code: 'ETIMEDOUT',
  command: 'CONN'
}
Error: Connection timeout
    at SMTPConnection._formatError (/home/dlongqwm/nodevenv/site/16/lib/node_modules/nodemailer/lib/smtp-connection/index.js:798:19)
    at SMTPConnection._onError (/home/dlongqwm/nodevenv/site/16/lib/node_modules/nodemailer/lib/smtp-connection/index.js:784:20)
    at Timeout.<anonymous> (/home/dlongqwm/nodevenv/site/16/lib/node_modules/nodemailer/lib/smtp-connection/index.js:237:22)
    at listOnTimeout (node:internal/timers:559:17)
    at processTimers (node:internal/timers:502:7) {
  code: 'ETIMEDOUT',
  command: 'CONN'
}
Error: Connection timeout
    at SMTPConnection._formatError (/home/dlongqwm/nodevenv/site/16/lib/node_modules/nodemailer/lib/smtp-connection/index.js:798:19)
    at SMTPConnection._onError (/home/dlongqwm/nodevenv/site/16/lib/node_modules/nodemailer/lib/smtp-connection/index.js:784:20)
    at Timeout.<anonymous> (/home/dlongqwm/nodevenv/site/16/lib/node_modules/nodemailer/lib/smtp-connection/index.js:237:22)
    at listOnTimeout (node:internal/timers:559:17)
    at processTimers (node:internal/timers:502:7) {
  code: 'ETIMEDOUT',
  command: 'CONN'
}
Error: Connection timeout
    at SMTPConnection._formatError (/home/dlongqwm/nodevenv/site/16/lib/node_modules/nodemailer/lib/smtp-connection/index.js:798:19)
    at SMTPConnection._onError (/home/dlongqwm/nodevenv/site/16/lib/node_modules/nodemailer/lib/smtp-connection/index.js:784:20)
    at Timeout.<anonymous> (/home/dlongqwm/nodevenv/site/16/lib/node_modules/nodemailer/lib/smtp-connection/index.js:237:22)
    at listOnTimeout (node:internal/timers:559:17)
    at processTimers (node:internal/timers:502:7) {
  code: 'ETIMEDOUT',
  command: 'CONN'
}
Error: Connection timeout
    at SMTPConnection._formatError (/home/dlongqwm/nodevenv/site/16/lib/node_modules/nodemailer/lib/smtp-connection/index.js:798:19)
    at SMTPConnection._onError (/home/dlongqwm/nodevenv/site/16/lib/node_modules/nodemailer/lib/smtp-connection/index.js:784:20)
    at Timeout.<anonymous> (/home/dlongqwm/nodevenv/site/16/lib/node_modules/nodemailer/lib/smtp-connection/index.js:237:22)
    at listOnTimeout (node:internal/timers:559:17)
    at processTimers (node:internal/timers:502:7) {
  code: 'ETIMEDOUT',
  command: 'CONN'
}
Error submitting contact form: Error: Connection timeout
    at SMTPConnection._formatError (/home/dlongqwm/nodevenv/site/16/lib/node_modules/nodemailer/lib/smtp-connection/index.js:798:19)
    at SMTPConnection._onError (/home/dlongqwm/nodevenv/site/16/lib/node_modules/nodemailer/lib/smtp-connection/index.js:784:20)
    at Timeout.<anonymous> (/home/dlongqwm/nodevenv/site/16/lib/node_modules/nodemailer/lib/smtp-connection/index.js:237:22)
    at listOnTimeout (node:internal/timers:559:17)
    at processTimers (node:internal/timers:502:7) {
  code: 'ETIMEDOUT',
  command: 'CONN'
}
Error: Connection timeout
    at SMTPConnection._formatError (/home/dlongqwm/nodevenv/site/16/lib/node_modules/nodemailer/lib/smtp-connection/index.js:798:19)
    at SMTPConnection._onError (/home/dlongqwm/nodevenv/site/16/lib/node_modules/nodemailer/lib/smtp-connection/index.js:784:20)
    at Timeout.<anonymous> (/home/dlongqwm/nodevenv/site/16/lib/node_modules/nodemailer/lib/smtp-connection/index.js:237:22)
    at listOnTimeout (node:internal/timers:559:17)
    at processTimers (node:internal/timers:502:7) {
  code: 'ETIMEDOUT',
  command: 'CONN'
}
Error submitting contact form: Error: Connection timeout
    at SMTPConnection._formatError (/home/dlongqwm/nodevenv/site/16/lib/node_modules/nodemailer/lib/smtp-connection/index.js:798:19)
    at SMTPConnection._onError (/home/dlongqwm/nodevenv/site/16/lib/node_modules/nodemailer/lib/smtp-connection/index.js:784:20)
    at Timeout.<anonymous> (/home/dlongqwm/nodevenv/site/16/lib/node_modules/nodemailer/lib/smtp-connection/index.js:237:22)
    at listOnTimeout (node:internal/timers:559:17)
    at processTimers (node:internal/timers:502:7) {
  code: 'ETIMEDOUT',
  command: 'CONN'
}
Error submitting contact form: Error: Connection timeout
    at SMTPConnection._formatError (/home/dlongqwm/nodevenv/site/16/lib/node_modules/nodemailer/lib/smtp-connection/index.js:798:19)
    at SMTPConnection._onError (/home/dlongqwm/nodevenv/site/16/lib/node_modules/nodemailer/lib/smtp-connection/index.js:784:20)
    at Timeout.<anonymous> (/home/dlongqwm/nodevenv/site/16/lib/node_modules/nodemailer/lib/smtp-connection/index.js:237:22)
    at listOnTimeout (node:internal/timers:559:17)
    at processTimers (node:internal/timers:502:7) {
  code: 'ETIMEDOUT',
  command: 'CONN'
}
Error submitting contact form: Error: Connection timeout
    at SMTPConnection._formatError (/home/dlongqwm/nodevenv/site/16/lib/node_modules/nodemailer/lib/smtp-connection/index.js:798:19)
    at SMTPConnection._onError (/home/dlongqwm/nodevenv/site/16/lib/node_modules/nodemailer/lib/smtp-connection/index.js:784:20)
    at Timeout.<anonymous> (/home/dlongqwm/nodevenv/site/16/lib/node_modules/nodemailer/lib/smtp-connection/index.js:237:22)
    at listOnTimeout (node:internal/timers:559:17)
    at processTimers (node:internal/timers:502:7) {
  code: 'ETIMEDOUT',
  command: 'CONN'
}
Error: Connection timeout
    at SMTPConnection._formatError (/home/dlongqwm/nodevenv/site/16/lib/node_modules/nodemailer/lib/smtp-connection/index.js:798:19)
    at SMTPConnection._onError (/home/dlongqwm/nodevenv/site/16/lib/node_modules/nodemailer/lib/smtp-connection/index.js:784:20)
    at Timeout.<anonymous> (/home/dlongqwm/nodevenv/site/16/lib/node_modules/nodemailer/lib/smtp-connection/index.js:237:22)
    at listOnTimeout (node:internal/timers:559:17)
    at processTimers (node:internal/timers:502:7) {
  code: 'ETIMEDOUT',
  command: 'CONN'
}
Error submitting contact form: Error: Invalid login: 535 Authentication Failed for support@drphysioclinic.org
    at SMTPConnection._formatError (/home/dlongqwm/nodevenv/site/16/lib/node_modules/nodemailer/lib/smtp-connection/index.js:798:19)
    at SMTPConnection._actionAUTHComplete (/home/dlongqwm/nodevenv/site/16/lib/node_modules/nodemailer/lib/smtp-connection/index.js:1577:34)
    at SMTPConnection.<anonymous> (/home/dlongqwm/nodevenv/site/16/lib/node_modules/nodemailer/lib/smtp-connection/index.js:554:26)
    at SMTPConnection._processResponse (/home/dlongqwm/nodevenv/site/16/lib/node_modules/nodemailer/lib/smtp-connection/index.js:982:20)
    at SMTPConnection._onData (/home/dlongqwm/nodevenv/site/16/lib/node_modules/nodemailer/lib/smtp-connection/index.js:763:14)
    at TLSSocket.SMTPConnection._onSocketData (/home/dlongqwm/nodevenv/site/16/lib/node_modules/nodemailer/lib/smtp-connection/index.js:195:44)
    at TLSSocket.emit (node:events:513:28)
    at addChunk (node:internal/streams/readable:315:12)
    at readableAddChunk (node:internal/streams/readable:289:9)
    at TLSSocket.Readable.push (node:internal/streams/readable:228:10) {
  code: 'EAUTH',
  response: '535 Authentication Failed for support@drphysioclinic.org',
  responseCode: 535,
  command: 'AUTH PLAIN'
}
Error: Invalid login: 535 Authentication Failed for support@drphysioclinic.org
    at SMTPConnection._formatError (/home/dlongqwm/nodevenv/site/16/lib/node_modules/nodemailer/lib/smtp-connection/index.js:798:19)
    at SMTPConnection._actionAUTHComplete (/home/dlongqwm/nodevenv/site/16/lib/node_modules/nodemailer/lib/smtp-connection/index.js:1577:34)
    at SMTPConnection.<anonymous> (/home/dlongqwm/nodevenv/site/16/lib/node_modules/nodemailer/lib/smtp-connection/index.js:554:26)
    at SMTPConnection._processResponse (/home/dlongqwm/nodevenv/site/16/lib/node_modules/nodemailer/lib/smtp-connection/index.js:982:20)
    at SMTPConnection._onData (/home/dlongqwm/nodevenv/site/16/lib/node_modules/nodemailer/lib/smtp-connection/index.js:763:14)
    at TLSSocket.SMTPConnection._onSocketData (/home/dlongqwm/nodevenv/site/16/lib/node_modules/nodemailer/lib/smtp-connection/index.js:195:44)
    at TLSSocket.emit (node:events:513:28)
    at addChunk (node:internal/streams/readable:315:12)
    at readableAddChunk (node:internal/streams/readable:289:9)
    at TLSSocket.Readable.push (node:internal/streams/readable:228:10) {
  code: 'EAUTH',
  response: '535 Authentication Failed for support@drphysioclinic.org',
  responseCode: 535,
  command: 'AUTH PLAIN'
}
Error: Invalid login: 535 Authentication Failed for support@drphysioclinic.org
    at SMTPConnection._formatError (/home/dlongqwm/nodevenv/site/16/lib/node_modules/nodemailer/lib/smtp-connection/index.js:798:19)
    at SMTPConnection._actionAUTHComplete (/home/dlongqwm/nodevenv/site/16/lib/node_modules/nodemailer/lib/smtp-connection/index.js:1577:34)
    at SMTPConnection.<anonymous> (/home/dlongqwm/nodevenv/site/16/lib/node_modules/nodemailer/lib/smtp-connection/index.js:554:26)
    at SMTPConnection._processResponse (/home/dlongqwm/nodevenv/site/16/lib/node_modules/nodemailer/lib/smtp-connection/index.js:982:20)
    at SMTPConnection._onData (/home/dlongqwm/nodevenv/site/16/lib/node_modules/nodemailer/lib/smtp-connection/index.js:763:14)
    at TLSSocket.SMTPConnection._onSocketData (/home/dlongqwm/nodevenv/site/16/lib/node_modules/nodemailer/lib/smtp-connection/index.js:195:44)
    at TLSSocket.emit (node:events:513:28)
    at addChunk (node:internal/streams/readable:315:12)
    at readableAddChunk (node:internal/streams/readable:289:9)
    at TLSSocket.Readable.push (node:internal/streams/readable:228:10) {
  code: 'EAUTH',
  response: '535 Authentication Failed for support@drphysioclinic.org',
  responseCode: 535,
  command: 'AUTH PLAIN'
}
Error submitting contact form: Error: Invalid login: 535 Authentication Failed for support@drphysioclinic.org
    at SMTPConnection._formatError (/home/dlongqwm/nodevenv/site/16/lib/node_modules/nodemailer/lib/smtp-connection/index.js:798:19)
    at SMTPConnection._actionAUTHComplete (/home/dlongqwm/nodevenv/site/16/lib/node_modules/nodemailer/lib/smtp-connection/index.js:1577:34)
    at SMTPConnection.<anonymous> (/home/dlongqwm/nodevenv/site/16/lib/node_modules/nodemailer/lib/smtp-connection/index.js:554:26)
    at SMTPConnection._processResponse (/home/dlongqwm/nodevenv/site/16/lib/node_modules/nodemailer/lib/smtp-connection/index.js:982:20)
    at SMTPConnection._onData (/home/dlongqwm/nodevenv/site/16/lib/node_modules/nodemailer/lib/smtp-connection/index.js:763:14)
    at TLSSocket.SMTPConnection._onSocketData (/home/dlongqwm/nodevenv/site/16/lib/node_modules/nodemailer/lib/smtp-connection/index.js:195:44)
    at TLSSocket.emit (node:events:513:28)
    at addChunk (node:internal/streams/readable:315:12)
    at readableAddChunk (node:internal/streams/readable:289:9)
    at TLSSocket.Readable.push (node:internal/streams/readable:228:10) {
  code: 'EAUTH',
  response: '535 Authentication Failed for support@drphysioclinic.org',
  responseCode: 535,
  command: 'AUTH PLAIN'
}
Error submitting contact form: Error: Invalid login: 535 Authentication Failed for support@drphysioclinic.org
    at SMTPConnection._formatError (/home/dlongqwm/nodevenv/site/16/lib/node_modules/nodemailer/lib/smtp-connection/index.js:798:19)
    at SMTPConnection._actionAUTHComplete (/home/dlongqwm/nodevenv/site/16/lib/node_modules/nodemailer/lib/smtp-connection/index.js:1577:34)
    at SMTPConnection.<anonymous> (/home/dlongqwm/nodevenv/site/16/lib/node_modules/nodemailer/lib/smtp-connection/index.js:554:26)
    at SMTPConnection._processResponse (/home/dlongqwm/nodevenv/site/16/lib/node_modules/nodemailer/lib/smtp-connection/index.js:982:20)
    at SMTPConnection._onData (/home/dlongqwm/nodevenv/site/16/lib/node_modules/nodemailer/lib/smtp-connection/index.js:763:14)
    at TLSSocket.SMTPConnection._onSocketData (/home/dlongqwm/nodevenv/site/16/lib/node_modules/nodemailer/lib/smtp-connection/index.js:195:44)
    at TLSSocket.emit (node:events:513:28)
    at addChunk (node:internal/streams/readable:315:12)
    at readableAddChunk (node:internal/streams/readable:289:9)
    at TLSSocket.Readable.push (node:internal/streams/readable:228:10) {
  code: 'EAUTH',
  response: '535 Authentication Failed for support@drphysioclinic.org',
  responseCode: 535,
  command: 'AUTH PLAIN'
}
Error: Invalid login: 535 Authentication Failed for support@drphysioclinic.org
    at SMTPConnection._formatError (/home/dlongqwm/nodevenv/site/16/lib/node_modules/nodemailer/lib/smtp-connection/index.js:798:19)
    at SMTPConnection._actionAUTHComplete (/home/dlongqwm/nodevenv/site/16/lib/node_modules/nodemailer/lib/smtp-connection/index.js:1577:34)
    at SMTPConnection.<anonymous> (/home/dlongqwm/nodevenv/site/16/lib/node_modules/nodemailer/lib/smtp-connection/index.js:554:26)
    at SMTPConnection._processResponse (/home/dlongqwm/nodevenv/site/16/lib/node_modules/nodemailer/lib/smtp-connection/index.js:982:20)
    at SMTPConnection._onData (/home/dlongqwm/nodevenv/site/16/lib/node_modules/nodemailer/lib/smtp-connection/index.js:763:14)
    at TLSSocket.SMTPConnection._onSocketData (/home/dlongqwm/nodevenv/site/16/lib/node_modules/nodemailer/lib/smtp-connection/index.js:195:44)
    at TLSSocket.emit (node:events:513:28)
    at addChunk (node:internal/streams/readable:315:12)
    at readableAddChunk (node:internal/streams/readable:289:9)
    at TLSSocket.Readable.push (node:internal/streams/readable:228:10) {
  code: 'EAUTH',
  response: '535 Authentication Failed for support@drphysioclinic.org',
  responseCode: 535,
  command: 'AUTH PLAIN'
}
Error: Invalid login: 535 Authentication Failed for support@drphysioclinic.org
    at SMTPConnection._formatError (/home/dlongqwm/nodevenv/site/16/lib/node_modules/nodemailer/lib/smtp-connection/index.js:798:19)
    at SMTPConnection._actionAUTHComplete (/home/dlongqwm/nodevenv/site/16/lib/node_modules/nodemailer/lib/smtp-connection/index.js:1577:34)
    at SMTPConnection.<anonymous> (/home/dlongqwm/nodevenv/site/16/lib/node_modules/nodemailer/lib/smtp-connection/index.js:554:26)
    at SMTPConnection._processResponse (/home/dlongqwm/nodevenv/site/16/lib/node_modules/nodemailer/lib/smtp-connection/index.js:982:20)
    at SMTPConnection._onData (/home/dlongqwm/nodevenv/site/16/lib/node_modules/nodemailer/lib/smtp-connection/index.js:763:14)
    at TLSSocket.SMTPConnection._onSocketData (/home/dlongqwm/nodevenv/site/16/lib/node_modules/nodemailer/lib/smtp-connection/index.js:195:44)
    at TLSSocket.emit (node:events:513:28)
    at addChunk (node:internal/streams/readable:315:12)
    at readableAddChunk (node:internal/streams/readable:289:9)
    at TLSSocket.Readable.push (node:internal/streams/readable:228:10) {
  code: 'EAUTH',
  response: '535 Authentication Failed for support@drphysioclinic.org',
  responseCode: 535,
  command: 'AUTH PLAIN'
}
Error: Invalid login: 535 Authentication Failed for support@drphysioclinic.org
    at SMTPConnection._formatError (/home/dlongqwm/nodevenv/site/16/lib/node_modules/nodemailer/lib/smtp-connection/index.js:798:19)
    at SMTPConnection._actionAUTHComplete (/home/dlongqwm/nodevenv/site/16/lib/node_modules/nodemailer/lib/smtp-connection/index.js:1577:34)
    at SMTPConnection.<anonymous> (/home/dlongqwm/nodevenv/site/16/lib/node_modules/nodemailer/lib/smtp-connection/index.js:554:26)
    at SMTPConnection._processResponse (/home/dlongqwm/nodevenv/site/16/lib/node_modules/nodemailer/lib/smtp-connection/index.js:982:20)
    at SMTPConnection._onData (/home/dlongqwm/nodevenv/site/16/lib/node_modules/nodemailer/lib/smtp-connection/index.js:763:14)
    at TLSSocket.SMTPConnection._onSocketData (/home/dlongqwm/nodevenv/site/16/lib/node_modules/nodemailer/lib/smtp-connection/index.js:195:44)
    at TLSSocket.emit (node:events:513:28)
    at addChunk (node:internal/streams/readable:315:12)
    at readableAddChunk (node:internal/streams/readable:289:9)
    at TLSSocket.Readable.push (node:internal/streams/readable:228:10) {
  code: 'EAUTH',
  response: '535 Authentication Failed for support@drphysioclinic.org',
  responseCode: 535,
  command: 'AUTH PLAIN'
}
Error: Invalid login: 535 Authentication Failed for support@drphysioclinic.org
    at SMTPConnection._formatError (/home/dlongqwm/nodevenv/site/16/lib/node_modules/nodemailer/lib/smtp-connection/index.js:798:19)
    at SMTPConnection._actionAUTHComplete (/home/dlongqwm/nodevenv/site/16/lib/node_modules/nodemailer/lib/smtp-connection/index.js:1577:34)
    at SMTPConnection.<anonymous> (/home/dlongqwm/nodevenv/site/16/lib/node_modules/nodemailer/lib/smtp-connection/index.js:554:26)
    at SMTPConnection._processResponse (/home/dlongqwm/nodevenv/site/16/lib/node_modules/nodemailer/lib/smtp-connection/index.js:982:20)
    at SMTPConnection._onData (/home/dlongqwm/nodevenv/site/16/lib/node_modules/nodemailer/lib/smtp-connection/index.js:763:14)
    at TLSSocket.SMTPConnection._onSocketData (/home/dlongqwm/nodevenv/site/16/lib/node_modules/nodemailer/lib/smtp-connection/index.js:195:44)
    at TLSSocket.emit (node:events:513:28)
    at addChunk (node:internal/streams/readable:315:12)
    at readableAddChunk (node:internal/streams/readable:289:9)
    at TLSSocket.Readable.push (node:internal/streams/readable:228:10) {
  code: 'EAUTH',
  response: '535 Authentication Failed for support@drphysioclinic.org',
  responseCode: 535,
  command: 'AUTH PLAIN'
}
Error: Invalid login: 535 Authentication Failed for support@drphysioclinic.org
    at SMTPConnection._formatError (/home/dlongqwm/nodevenv/site/16/lib/node_modules/nodemailer/lib/smtp-connection/index.js:798:19)
    at SMTPConnection._actionAUTHComplete (/home/dlongqwm/nodevenv/site/16/lib/node_modules/nodemailer/lib/smtp-connection/index.js:1577:34)
    at SMTPConnection.<anonymous> (/home/dlongqwm/nodevenv/site/16/lib/node_modules/nodemailer/lib/smtp-connection/index.js:554:26)
    at SMTPConnection._processResponse (/home/dlongqwm/nodevenv/site/16/lib/node_modules/nodemailer/lib/smtp-connection/index.js:982:20)
    at SMTPConnection._onData (/home/dlongqwm/nodevenv/site/16/lib/node_modules/nodemailer/lib/smtp-connection/index.js:763:14)
    at TLSSocket.SMTPConnection._onSocketData (/home/dlongqwm/nodevenv/site/16/lib/node_modules/nodemailer/lib/smtp-connection/index.js:195:44)
    at TLSSocket.emit (node:events:513:28)
    at addChunk (node:internal/streams/readable:315:12)
    at readableAddChunk (node:internal/streams/readable:289:9)
    at TLSSocket.Readable.push (node:internal/streams/readable:228:10) {
  code: 'EAUTH',
  response: '535 Authentication Failed for support@drphysioclinic.org',
  responseCode: 535,
  command: 'AUTH PLAIN'
}
Error: Connection timeout
    at SMTPConnection._formatError (/home/dlongqwm/nodevenv/site/16/lib/node_modules/nodemailer/lib/smtp-connection/index.js:798:19)
    at SMTPConnection._onError (/home/dlongqwm/nodevenv/site/16/lib/node_modules/nodemailer/lib/smtp-connection/index.js:784:20)
    at Timeout.<anonymous> (/home/dlongqwm/nodevenv/site/16/lib/node_modules/nodemailer/lib/smtp-connection/index.js:237:22)
    at listOnTimeout (node:internal/timers:559:17)
    at processTimers (node:internal/timers:502:7) {
  code: 'ETIMEDOUT',
  command: 'CONN'
}
Error: Appointment validation failed: phoneNumber: Cast to Number failed for value "+91 96634 47869" (type string) at path "phoneNumber"
    at ValidationError.inspect (/home/dlongqwm/nodevenv/site/16/lib/node_modules/mongoose/lib/error/validation.js:50:26)
    at formatValue (node:internal/util/inspect:806:19)
    at inspect (node:internal/util/inspect:365:10)
    at formatWithOptionsInternal (node:internal/util/inspect:2292:40)
    at formatWithOptions (node:internal/util/inspect:2154:10)
    at console.value (node:internal/console/constructor:348:14)
    at console.warn (node:internal/console/constructor:381:61)
    at /home/dlongqwm/site/server.js:96:13
    at runMicrotasks (<anonymous>)
    at processTicksAndRejections (node:internal/process/task_queues:96:5) {
  errors: {
    phoneNumber: CastError: Cast to Number failed for value "+91 96634 47869" (type string) at path "phoneNumber"
        at SchemaNumber.cast (/home/dlongqwm/nodevenv/site/16/lib/node_modules/mongoose/lib/schema/number.js:380:11)
        at SchemaNumber.SchemaType.applySetters (/home/dlongqwm/nodevenv/site/16/lib/node_modules/mongoose/lib/schemaType.js:1236:12)
        at model.$set (/home/dlongqwm/nodevenv/site/16/lib/node_modules/mongoose/lib/document.js:1417:22)
        at model.$set (/home/dlongqwm/nodevenv/site/16/lib/node_modules/mongoose/lib/document.js:1113:16)
        at model.Document (/home/dlongqwm/nodevenv/site/16/lib/node_modules/mongoose/lib/document.js:166:12)
        at model.Model (/home/dlongqwm/nodevenv/site/16/lib/node_modules/mongoose/lib/model.js:131:12)
        at new model (/home/dlongqwm/nodevenv/site/16/lib/node_modules/mongoose/lib/model.js:4816:15)
        at /home/dlongqwm/site/server.js:75:25
        at Layer.handle [as handle_request] (/home/dlongqwm/nodevenv/site/16/lib/node_modules/express/lib/router/layer.js:95:5)
        at next (/home/dlongqwm/nodevenv/site/16/lib/node_modules/express/lib/router/route.js:149:13) {
      stringValue: '"+91 96634 47869"',
      messageFormat: undefined,
      kind: 'Number',
      value: '+91 96634 47869',
      path: 'phoneNumber',
      reason: AssertionError [ERR_ASSERTION]: The expression evaluated to a falsy value:
      
        assert.ok(!isNaN(val))
      
          at castNumber (/home/dlongqwm/nodevenv/site/16/lib/node_modules/mongoose/lib/cast/number.js:27:10)
          at SchemaNumber.cast (/home/dlongqwm/nodevenv/site/16/lib/node_modules/mongoose/lib/schema/number.js:378:12)
          at SchemaNumber.SchemaType.applySetters (/home/dlongqwm/nodevenv/site/16/lib/node_modules/mongoose/lib/schemaType.js:1236:12)
          at model.$set (/home/dlongqwm/nodevenv/site/16/lib/node_modules/mongoose/lib/document.js:1417:22)
          at model.$set (/home/dlongqwm/nodevenv/site/16/lib/node_modules/mongoose/lib/document.js:1113:16)
          at model.Document (/home/dlongqwm/nodevenv/site/16/lib/node_modules/mongoose/lib/document.js:166:12)
          at model.Model (/home/dlongqwm/nodevenv/site/16/lib/node_modules/mongoose/lib/model.js:131:12)
          at new model (/home/dlongqwm/nodevenv/site/16/lib/node_modules/mongoose/lib/model.js:4816:15)
          at /home/dlongqwm/site/server.js:75:25
          at Layer.handle [as handle_request] (/home/dlongqwm/nodevenv/site/16/lib/node_modules/express/lib/router/layer.js:95:5) {
        generatedMessage: true,
        code: 'ERR_ASSERTION',
        actual: false,
        expected: true,
        operator: '=='
      },
      valueType: 'string'
    }
  },
  _message: 'Appointment validation failed'
}
Error: Appointment validation failed: phoneNumber: Cast to Number failed for value "+91 96634 47869" (type string) at path "phoneNumber"
    at ValidationError.inspect (/home/dlongqwm/nodevenv/site/16/lib/node_modules/mongoose/lib/error/validation.js:50:26)
    at formatValue (node:internal/util/inspect:806:19)
    at inspect (node:internal/util/inspect:365:10)
    at formatWithOptionsInternal (node:internal/util/inspect:2292:40)
    at formatWithOptions (node:internal/util/inspect:2154:10)
    at console.value (node:internal/console/constructor:348:14)
    at console.warn (node:internal/console/constructor:381:61)
    at /home/dlongqwm/site/server.js:96:13
    at runMicrotasks (<anonymous>)
    at processTicksAndRejections (node:internal/process/task_queues:96:5) {
  errors: {
    phoneNumber: CastError: Cast to Number failed for value "+91 96634 47869" (type string) at path "phoneNumber"
        at SchemaNumber.cast (/home/dlongqwm/nodevenv/site/16/lib/node_modules/mongoose/lib/schema/number.js:380:11)
        at SchemaNumber.SchemaType.applySetters (/home/dlongqwm/nodevenv/site/16/lib/node_modules/mongoose/lib/schemaType.js:1236:12)
        at model.$set (/home/dlongqwm/nodevenv/site/16/lib/node_modules/mongoose/lib/document.js:1417:22)
        at model.$set (/home/dlongqwm/nodevenv/site/16/lib/node_modules/mongoose/lib/document.js:1113:16)
        at model.Document (/home/dlongqwm/nodevenv/site/16/lib/node_modules/mongoose/lib/document.js:166:12)
        at model.Model (/home/dlongqwm/nodevenv/site/16/lib/node_modules/mongoose/lib/model.js:131:12)
        at new model (/home/dlongqwm/nodevenv/site/16/lib/node_modules/mongoose/lib/model.js:4816:15)
        at /home/dlongqwm/site/server.js:75:25
        at Layer.handle [as handle_request] (/home/dlongqwm/nodevenv/site/16/lib/node_modules/express/lib/router/layer.js:95:5)
        at next (/home/dlongqwm/nodevenv/site/16/lib/node_modules/express/lib/router/route.js:149:13) {
      stringValue: '"+91 96634 47869"',
      messageFormat: undefined,
      kind: 'Number',
      value: '+91 96634 47869',
      path: 'phoneNumber',
      reason: AssertionError [ERR_ASSERTION]: The expression evaluated to a falsy value:
      
        assert.ok(!isNaN(val))
      
          at castNumber (/home/dlongqwm/nodevenv/site/16/lib/node_modules/mongoose/lib/cast/number.js:27:10)
          at SchemaNumber.cast (/home/dlongqwm/nodevenv/site/16/lib/node_modules/mongoose/lib/schema/number.js:378:12)
          at SchemaNumber.SchemaType.applySetters (/home/dlongqwm/nodevenv/site/16/lib/node_modules/mongoose/lib/schemaType.js:1236:12)
          at model.$set (/home/dlongqwm/nodevenv/site/16/lib/node_modules/mongoose/lib/document.js:1417:22)
          at model.$set (/home/dlongqwm/nodevenv/site/16/lib/node_modules/mongoose/lib/document.js:1113:16)
          at model.Document (/home/dlongqwm/nodevenv/site/16/lib/node_modules/mongoose/lib/document.js:166:12)
          at model.Model (/home/dlongqwm/nodevenv/site/16/lib/node_modules/mongoose/lib/model.js:131:12)
          at new model (/home/dlongqwm/nodevenv/site/16/lib/node_modules/mongoose/lib/model.js:4816:15)
          at /home/dlongqwm/site/server.js:75:25
          at Layer.handle [as handle_request] (/home/dlongqwm/nodevenv/site/16/lib/node_modules/express/lib/router/layer.js:95:5) {
        generatedMessage: true,
        code: 'ERR_ASSERTION',
        actual: false,
        expected: true,
        operator: '=='
      },
      valueType: 'string'
    }
  },
  _message: 'Appointment validation failed'
}
Error: Appointment validation failed: phoneNumber: Cast to Number failed for value "+91 96634 47869" (type string) at path "phoneNumber"
    at ValidationError.inspect (/home/dlongqwm/nodevenv/site/16/lib/node_modules/mongoose/lib/error/validation.js:50:26)
    at formatValue (node:internal/util/inspect:806:19)
    at inspect (node:internal/util/inspect:365:10)
    at formatWithOptionsInternal (node:internal/util/inspect:2292:40)
    at formatWithOptions (node:internal/util/inspect:2154:10)
    at console.value (node:internal/console/constructor:348:14)
    at console.warn (node:internal/console/constructor:381:61)
    at /home/dlongqwm/site/server.js:96:13
    at runMicrotasks (<anonymous>)
    at processTicksAndRejections (node:internal/process/task_queues:96:5) {
  errors: {
    phoneNumber: CastError: Cast to Number failed for value "+91 96634 47869" (type string) at path "phoneNumber"
        at SchemaNumber.cast (/home/dlongqwm/nodevenv/site/16/lib/node_modules/mongoose/lib/schema/number.js:380:11)
        at SchemaNumber.SchemaType.applySetters (/home/dlongqwm/nodevenv/site/16/lib/node_modules/mongoose/lib/schemaType.js:1236:12)
        at model.$set (/home/dlongqwm/nodevenv/site/16/lib/node_modules/mongoose/lib/document.js:1417:22)
        at model.$set (/home/dlongqwm/nodevenv/site/16/lib/node_modules/mongoose/lib/document.js:1113:16)
        at model.Document (/home/dlongqwm/nodevenv/site/16/lib/node_modules/mongoose/lib/document.js:166:12)
        at model.Model (/home/dlongqwm/nodevenv/site/16/lib/node_modules/mongoose/lib/model.js:131:12)
        at new model (/home/dlongqwm/nodevenv/site/16/lib/node_modules/mongoose/lib/model.js:4816:15)
        at /home/dlongqwm/site/server.js:75:25
        at Layer.handle [as handle_request] (/home/dlongqwm/nodevenv/site/16/lib/node_modules/express/lib/router/layer.js:95:5)
        at next (/home/dlongqwm/nodevenv/site/16/lib/node_modules/express/lib/router/route.js:149:13) {
      stringValue: '"+91 96634 47869"',
      messageFormat: undefined,
      kind: 'Number',
      value: '+91 96634 47869',
      path: 'phoneNumber',
      reason: AssertionError [ERR_ASSERTION]: The expression evaluated to a falsy value:
      
        assert.ok(!isNaN(val))
      
          at castNumber (/home/dlongqwm/nodevenv/site/16/lib/node_modules/mongoose/lib/cast/number.js:27:10)
          at SchemaNumber.cast (/home/dlongqwm/nodevenv/site/16/lib/node_modules/mongoose/lib/schema/number.js:378:12)
          at SchemaNumber.SchemaType.applySetters (/home/dlongqwm/nodevenv/site/16/lib/node_modules/mongoose/lib/schemaType.js:1236:12)
          at model.$set (/home/dlongqwm/nodevenv/site/16/lib/node_modules/mongoose/lib/document.js:1417:22)
          at model.$set (/home/dlongqwm/nodevenv/site/16/lib/node_modules/mongoose/lib/document.js:1113:16)
          at model.Document (/home/dlongqwm/nodevenv/site/16/lib/node_modules/mongoose/lib/document.js:166:12)
          at model.Model (/home/dlongqwm/nodevenv/site/16/lib/node_modules/mongoose/lib/model.js:131:12)
          at new model (/home/dlongqwm/nodevenv/site/16/lib/node_modules/mongoose/lib/model.js:4816:15)
          at /home/dlongqwm/site/server.js:75:25
          at Layer.handle [as handle_request] (/home/dlongqwm/nodevenv/site/16/lib/node_modules/express/lib/router/layer.js:95:5) {
        generatedMessage: true,
        code: 'ERR_ASSERTION',
        actual: false,
        expected: true,
        operator: '=='
      },
      valueType: 'string'
    }
  },
  _message: 'Appointment validation failed'
}
Error: Invalid login: 535 Authentication Failed for support@drphysioclinic.org
    at SMTPConnection._formatError (/home/dlongqwm/nodevenv/site/16/lib/node_modules/nodemailer/lib/smtp-connection/index.js:798:19)
    at SMTPConnection._actionAUTHComplete (/home/dlongqwm/nodevenv/site/16/lib/node_modules/nodemailer/lib/smtp-connection/index.js:1577:34)
    at SMTPConnection.<anonymous> (/home/dlongqwm/nodevenv/site/16/lib/node_modules/nodemailer/lib/smtp-connection/index.js:554:26)
    at SMTPConnection._processResponse (/home/dlongqwm/nodevenv/site/16/lib/node_modules/nodemailer/lib/smtp-connection/index.js:982:20)
    at SMTPConnection._onData (/home/dlongqwm/nodevenv/site/16/lib/node_modules/nodemailer/lib/smtp-connection/index.js:763:14)
    at TLSSocket.SMTPConnection._onSocketData (/home/dlongqwm/nodevenv/site/16/lib/node_modules/nodemailer/lib/smtp-connection/index.js:195:44)
    at TLSSocket.emit (node:events:513:28)
    at addChunk (node:internal/streams/readable:315:12)
    at readableAddChunk (node:internal/streams/readable:289:9)
    at TLSSocket.Readable.push (node:internal/streams/readable:228:10) {
  code: 'EAUTH',
  response: '535 Authentication Failed for support@drphysioclinic.org',
  responseCode: 535,
  command: 'AUTH PLAIN'
}
Error: Invalid login: 535 Authentication Failed for support@drphysioclinic.org
    at SMTPConnection._formatError (/home/dlongqwm/nodevenv/site/16/lib/node_modules/nodemailer/lib/smtp-connection/index.js:798:19)
    at SMTPConnection._actionAUTHComplete (/home/dlongqwm/nodevenv/site/16/lib/node_modules/nodemailer/lib/smtp-connection/index.js:1577:34)
    at SMTPConnection.<anonymous> (/home/dlongqwm/nodevenv/site/16/lib/node_modules/nodemailer/lib/smtp-connection/index.js:554:26)
    at SMTPConnection._processResponse (/home/dlongqwm/nodevenv/site/16/lib/node_modules/nodemailer/lib/smtp-connection/index.js:982:20)
    at SMTPConnection._onData (/home/dlongqwm/nodevenv/site/16/lib/node_modules/nodemailer/lib/smtp-connection/index.js:763:14)
    at TLSSocket.SMTPConnection._onSocketData (/home/dlongqwm/nodevenv/site/16/lib/node_modules/nodemailer/lib/smtp-connection/index.js:195:44)
    at TLSSocket.emit (node:events:513:28)
    at addChunk (node:internal/streams/readable:315:12)
    at readableAddChunk (node:internal/streams/readable:289:9)
    at TLSSocket.Readable.push (node:internal/streams/readable:228:10) {
  code: 'EAUTH',
  response: '535 Authentication Failed for support@drphysioclinic.org',
  responseCode: 535,
  command: 'AUTH PLAIN'
}
Error: Connection timeout
    at SMTPConnection._formatError (/home/dlongqwm/nodevenv/site/16/lib/node_modules/nodemailer/lib/smtp-connection/index.js:798:19)
    at SMTPConnection._onError (/home/dlongqwm/nodevenv/site/16/lib/node_modules/nodemailer/lib/smtp-connection/index.js:784:20)
    at Timeout.<anonymous> (/home/dlongqwm/nodevenv/site/16/lib/node_modules/nodemailer/lib/smtp-connection/index.js:237:22)
    at listOnTimeout (node:internal/timers:559:17)
    at processTimers (node:internal/timers:502:7) {
  code: 'ETIMEDOUT',
  command: 'CONN'
}
Error: Invalid login: 535 Authentication Failed for support@drphysioclinic.org
    at SMTPConnection._formatError (/home/dlongqwm/nodevenv/site/16/lib/node_modules/nodemailer/lib/smtp-connection/index.js:798:19)
    at SMTPConnection._actionAUTHComplete (/home/dlongqwm/nodevenv/site/16/lib/node_modules/nodemailer/lib/smtp-connection/index.js:1577:34)
    at SMTPConnection.<anonymous> (/home/dlongqwm/nodevenv/site/16/lib/node_modules/nodemailer/lib/smtp-connection/index.js:554:26)
    at SMTPConnection._processResponse (/home/dlongqwm/nodevenv/site/16/lib/node_modules/nodemailer/lib/smtp-connection/index.js:982:20)
    at SMTPConnection._onData (/home/dlongqwm/nodevenv/site/16/lib/node_modules/nodemailer/lib/smtp-connection/index.js:763:14)
    at TLSSocket.SMTPConnection._onSocketData (/home/dlongqwm/nodevenv/site/16/lib/node_modules/nodemailer/lib/smtp-connection/index.js:195:44)
    at TLSSocket.emit (node:events:513:28)
    at addChunk (node:internal/streams/readable:315:12)
    at readableAddChunk (node:internal/streams/readable:289:9)
    at TLSSocket.Readable.push (node:internal/streams/readable:228:10) {
  code: 'EAUTH',
  response: '535 Authentication Failed for support@drphysioclinic.org',
  responseCode: 535,
  command: 'AUTH PLAIN'
}
Error: Connection timeout
    at SMTPConnection._formatError (/home/dlongqwm/nodevenv/site/16/lib/node_modules/nodemailer/lib/smtp-connection/index.js:798:19)
    at SMTPConnection._onError (/home/dlongqwm/nodevenv/site/16/lib/node_modules/nodemailer/lib/smtp-connection/index.js:784:20)
    at Timeout.<anonymous> (/home/dlongqwm/nodevenv/site/16/lib/node_modules/nodemailer/lib/smtp-connection/index.js:237:22)
    at listOnTimeout (node:internal/timers:559:17)
    at processTimers (node:internal/timers:502:7) {
  code: 'ETIMEDOUT',
  command: 'CONN'
}
Error: Connection timeout
    at SMTPConnection._formatError (/home/dlongqwm/nodevenv/site/16/lib/node_modules/nodemailer/lib/smtp-connection/index.js:798:19)
    at SMTPConnection._onError (/home/dlongqwm/nodevenv/site/16/lib/node_modules/nodemailer/lib/smtp-connection/index.js:784:20)
    at Timeout.<anonymous> (/home/dlongqwm/nodevenv/site/16/lib/node_modules/nodemailer/lib/smtp-connection/index.js:237:22)
    at listOnTimeout (node:internal/timers:559:17)
    at processTimers (node:internal/timers:502:7) {
  code: 'ETIMEDOUT',
  command: 'CONN'
}
Error: Connection timeout
    at SMTPConnection._formatError (/home/dlongqwm/nodevenv/site/16/lib/node_modules/nodemailer/lib/smtp-connection/index.js:798:19)
    at SMTPConnection._onError (/home/dlongqwm/nodevenv/site/16/lib/node_modules/nodemailer/lib/smtp-connection/index.js:784:20)
    at Timeout.<anonymous> (/home/dlongqwm/nodevenv/site/16/lib/node_modules/nodemailer/lib/smtp-connection/index.js:237:22)
    at listOnTimeout (node:internal/timers:559:17)
    at processTimers (node:internal/timers:502:7) {
  code: 'ETIMEDOUT',
  command: 'CONN'
}
Error: Connection timeout
    at SMTPConnection._formatError (/home/dlongqwm/nodevenv/site/16/lib/node_modules/nodemailer/lib/smtp-connection/index.js:798:19)
    at SMTPConnection._onError (/home/dlongqwm/nodevenv/site/16/lib/node_modules/nodemailer/lib/smtp-connection/index.js:784:20)
    at Timeout.<anonymous> (/home/dlongqwm/nodevenv/site/16/lib/node_modules/nodemailer/lib/smtp-connection/index.js:237:22)
    at listOnTimeout (node:internal/timers:559:17)
    at processTimers (node:internal/timers:502:7) {
  code: 'ETIMEDOUT',
  command: 'CONN'
}
Error submitting contact form: Error: Invalid login: 535 Authentication Failed for support@drphysioclinic.org
    at SMTPConnection._formatError (/home/dlongqwm/nodevenv/site/16/lib/node_modules/nodemailer/lib/smtp-connection/index.js:798:19)
    at SMTPConnection._actionAUTHComplete (/home/dlongqwm/nodevenv/site/16/lib/node_modules/nodemailer/lib/smtp-connection/index.js:1577:34)
    at SMTPConnection.<anonymous> (/home/dlongqwm/nodevenv/site/16/lib/node_modules/nodemailer/lib/smtp-connection/index.js:554:26)
    at SMTPConnection._processResponse (/home/dlongqwm/nodevenv/site/16/lib/node_modules/nodemailer/lib/smtp-connection/index.js:982:20)
    at SMTPConnection._onData (/home/dlongqwm/nodevenv/site/16/lib/node_modules/nodemailer/lib/smtp-connection/index.js:763:14)
    at TLSSocket.SMTPConnection._onSocketData (/home/dlongqwm/nodevenv/site/16/lib/node_modules/nodemailer/lib/smtp-connection/index.js:195:44)
    at TLSSocket.emit (node:events:513:28)
    at addChunk (node:internal/streams/readable:315:12)
    at readableAddChunk (node:internal/streams/readable:289:9)
    at TLSSocket.Readable.push (node:internal/streams/readable:228:10) {
  code: 'EAUTH',
  response: '535 Authentication Failed for support@drphysioclinic.org',
  responseCode: 535,
  command: 'AUTH PLAIN'
}
Error: Connection timeout
    at SMTPConnection._formatError (/home/dlongqwm/nodevenv/site/16/lib/node_modules/nodemailer/lib/smtp-connection/index.js:798:19)
    at SMTPConnection._onError (/home/dlongqwm/nodevenv/site/16/lib/node_modules/nodemailer/lib/smtp-connection/index.js:784:20)
    at Timeout.<anonymous> (/home/dlongqwm/nodevenv/site/16/lib/node_modules/nodemailer/lib/smtp-connection/index.js:237:22)
    at listOnTimeout (node:internal/timers:559:17)
    at processTimers (node:internal/timers:502:7) {
  code: 'ETIMEDOUT',
  command: 'CONN'
}
Error: Connection timeout
    at SMTPConnection._formatError (/home/dlongqwm/nodevenv/site/16/lib/node_modules/nodemailer/lib/smtp-connection/index.js:798:19)
    at SMTPConnection._onError (/home/dlongqwm/nodevenv/site/16/lib/node_modules/nodemailer/lib/smtp-connection/index.js:784:20)
    at Timeout.<anonymous> (/home/dlongqwm/nodevenv/site/16/lib/node_modules/nodemailer/lib/smtp-connection/index.js:237:22)
    at listOnTimeout (node:internal/timers:559:17)
    at processTimers (node:internal/timers:502:7) {
  code: 'ETIMEDOUT',
  command: 'CONN'
}
Error: Connection timeout
    at SMTPConnection._formatError (/home/dlongqwm/nodevenv/site/16/lib/node_modules/nodemailer/lib/smtp-connection/index.js:798:19)
    at SMTPConnection._onError (/home/dlongqwm/nodevenv/site/16/lib/node_modules/nodemailer/lib/smtp-connection/index.js:784:20)
    at Timeout.<anonymous> (/home/dlongqwm/nodevenv/site/16/lib/node_modules/nodemailer/lib/smtp-connection/index.js:237:22)
    at listOnTimeout (node:internal/timers:559:17)
    at processTimers (node:internal/timers:502:7) {
  code: 'ETIMEDOUT',
  command: 'CONN'
}
Error: Connection timeout
    at SMTPConnection._formatError (/home/dlongqwm/nodevenv/site/16/lib/node_modules/nodemailer/lib/smtp-connection/index.js:798:19)
    at SMTPConnection._onError (/home/dlongqwm/nodevenv/site/16/lib/node_modules/nodemailer/lib/smtp-connection/index.js:784:20)
    at Timeout.<anonymous> (/home/dlongqwm/nodevenv/site/16/lib/node_modules/nodemailer/lib/smtp-connection/index.js:237:22)
    at listOnTimeout (node:internal/timers:559:17)
    at processTimers (node:internal/timers:502:7) {
  code: 'ETIMEDOUT',
  command: 'CONN'
}
Error: Connection timeout
    at SMTPConnection._formatError (/home/dlongqwm/nodevenv/site/16/lib/node_modules/nodemailer/lib/smtp-connection/index.js:798:19)
    at SMTPConnection._onError (/home/dlongqwm/nodevenv/site/16/lib/node_modules/nodemailer/lib/smtp-connection/index.js:784:20)
    at Timeout.<anonymous> (/home/dlongqwm/nodevenv/site/16/lib/node_modules/nodemailer/lib/smtp-connection/index.js:237:22)
    at listOnTimeout (node:internal/timers:559:17)
    at processTimers (node:internal/timers:502:7) {
  code: 'ETIMEDOUT',
  command: 'CONN'
}
Error: Connection timeout
    at SMTPConnection._formatError (/home/dlongqwm/nodevenv/site/16/lib/node_modules/nodemailer/lib/smtp-connection/index.js:798:19)
    at SMTPConnection._onError (/home/dlongqwm/nodevenv/site/16/lib/node_modules/nodemailer/lib/smtp-connection/index.js:784:20)
    at Timeout.<anonymous> (/home/dlongqwm/nodevenv/site/16/lib/node_modules/nodemailer/lib/smtp-connection/index.js:237:22)
    at listOnTimeout (node:internal/timers:559:17)
    at processTimers (node:internal/timers:502:7) {
  code: 'ETIMEDOUT',
  command: 'CONN'
}
Error: Connection timeout
    at SMTPConnection._formatError (/home/dlongqwm/nodevenv/site/16/lib/node_modules/nodemailer/lib/smtp-connection/index.js:798:19)
    at SMTPConnection._onError (/home/dlongqwm/nodevenv/site/16/lib/node_modules/nodemailer/lib/smtp-connection/index.js:784:20)
    at Timeout.<anonymous> (/home/dlongqwm/nodevenv/site/16/lib/node_modules/nodemailer/lib/smtp-connection/index.js:237:22)
    at listOnTimeout (node:internal/timers:559:17)
    at processTimers (node:internal/timers:502:7) {
  code: 'ETIMEDOUT',
  command: 'CONN'
}
Error: Connection timeout
    at SMTPConnection._formatError (/home/dlongqwm/nodevenv/site/16/lib/node_modules/nodemailer/lib/smtp-connection/index.js:798:19)
    at SMTPConnection._onError (/home/dlongqwm/nodevenv/site/16/lib/node_modules/nodemailer/lib/smtp-connection/index.js:784:20)
    at Timeout.<anonymous> (/home/dlongqwm/nodevenv/site/16/lib/node_modules/nodemailer/lib/smtp-connection/index.js:237:22)
    at listOnTimeout (node:internal/timers:559:17)
    at processTimers (node:internal/timers:502:7) {
  code: 'ETIMEDOUT',
  command: 'CONN'
}
Error: Connection timeout
    at SMTPConnection._formatError (/home/dlongqwm/nodevenv/site/16/lib/node_modules/nodemailer/lib/smtp-connection/index.js:798:19)
    at SMTPConnection._onError (/home/dlongqwm/nodevenv/site/16/lib/node_modules/nodemailer/lib/smtp-connection/index.js:784:20)
    at Timeout.<anonymous> (/home/dlongqwm/nodevenv/site/16/lib/node_modules/nodemailer/lib/smtp-connection/index.js:237:22)
    at listOnTimeout (node:internal/timers:559:17)
    at processTimers (node:internal/timers:502:7) {
  code: 'ETIMEDOUT',
  command: 'CONN'
}
Error: Connection timeout
    at SMTPConnection._formatError (/home/dlongqwm/nodevenv/site/16/lib/node_modules/nodemailer/lib/smtp-connection/index.js:798:19)
    at SMTPConnection._onError (/home/dlongqwm/nodevenv/site/16/lib/node_modules/nodemailer/lib/smtp-connection/index.js:784:20)
    at Timeout.<anonymous> (/home/dlongqwm/nodevenv/site/16/lib/node_modules/nodemailer/lib/smtp-connection/index.js:237:22)
    at listOnTimeout (node:internal/timers:559:17)
    at processTimers (node:internal/timers:502:7) {
  code: 'ETIMEDOUT',
  command: 'CONN'
}
Error: Connection timeout
    at SMTPConnection._formatError (/home/dlongqwm/nodevenv/site/16/lib/node_modules/nodemailer/lib/smtp-connection/index.js:798:19)
    at SMTPConnection._onError (/home/dlongqwm/nodevenv/site/16/lib/node_modules/nodemailer/lib/smtp-connection/index.js:784:20)
    at Timeout.<anonymous> (/home/dlongqwm/nodevenv/site/16/lib/node_modules/nodemailer/lib/smtp-connection/index.js:237:22)
    at listOnTimeout (node:internal/timers:559:17)
    at processTimers (node:internal/timers:502:7) {
  code: 'ETIMEDOUT',
  command: 'CONN'
}
Error: Connection timeout
    at SMTPConnection._formatError (/home/dlongqwm/nodevenv/site/16/lib/node_modules/nodemailer/lib/smtp-connection/index.js:798:19)
    at SMTPConnection._onError (/home/dlongqwm/nodevenv/site/16/lib/node_modules/nodemailer/lib/smtp-connection/index.js:784:20)
    at Timeout.<anonymous> (/home/dlongqwm/nodevenv/site/16/lib/node_modules/nodemailer/lib/smtp-connection/index.js:237:22)
    at listOnTimeout (node:internal/timers:559:17)
    at processTimers (node:internal/timers:502:7) {
  code: 'ETIMEDOUT',
  command: 'CONN'
}
Error: Connection timeout
    at SMTPConnection._formatError (/home/dlongqwm/nodevenv/site/16/lib/node_modules/nodemailer/lib/smtp-connection/index.js:798:19)
    at SMTPConnection._onError (/home/dlongqwm/nodevenv/site/16/lib/node_modules/nodemailer/lib/smtp-connection/index.js:784:20)
    at Timeout.<anonymous> (/home/dlongqwm/nodevenv/site/16/lib/node_modules/nodemailer/lib/smtp-connection/index.js:237:22)
    at listOnTimeout (node:internal/timers:559:17)
    at processTimers (node:internal/timers:502:7) {
  code: 'ETIMEDOUT',
  command: 'CONN'
}
Error: Connection timeout
    at SMTPConnection._formatError (/home/dlongqwm/nodevenv/site/16/lib/node_modules/nodemailer/lib/smtp-connection/index.js:798:19)
    at SMTPConnection._onError (/home/dlongqwm/nodevenv/site/16/lib/node_modules/nodemailer/lib/smtp-connection/index.js:784:20)
    at Timeout.<anonymous> (/home/dlongqwm/nodevenv/site/16/lib/node_modules/nodemailer/lib/smtp-connection/index.js:237:22)
    at listOnTimeout (node:internal/timers:559:17)
    at processTimers (node:internal/timers:502:7) {
  code: 'ETIMEDOUT',
  command: 'CONN'
}
Error: Connection timeout
    at SMTPConnection._formatError (/home/dlongqwm/nodevenv/site/16/lib/node_modules/nodemailer/lib/smtp-connection/index.js:798:19)
    at SMTPConnection._onError (/home/dlongqwm/nodevenv/site/16/lib/node_modules/nodemailer/lib/smtp-connection/index.js:784:20)
    at Timeout.<anonymous> (/home/dlongqwm/nodevenv/site/16/lib/node_modules/nodemailer/lib/smtp-connection/index.js:237:22)
    at listOnTimeout (node:internal/timers:559:17)
    at processTimers (node:internal/timers:502:7) {
  code: 'ETIMEDOUT',
  command: 'CONN'
}
Error: Connection timeout
    at SMTPConnection._formatError (/home/dlongqwm/nodevenv/site/16/lib/node_modules/nodemailer/lib/smtp-connection/index.js:798:19)
    at SMTPConnection._onError (/home/dlongqwm/nodevenv/site/16/lib/node_modules/nodemailer/lib/smtp-connection/index.js:784:20)
    at Timeout.<anonymous> (/home/dlongqwm/nodevenv/site/16/lib/node_modules/nodemailer/lib/smtp-connection/index.js:237:22)
    at listOnTimeout (node:internal/timers:559:17)
    at processTimers (node:internal/timers:502:7) {
  code: 'ETIMEDOUT',
  command: 'CONN'
}
Error: Connection timeout
    at SMTPConnection._formatError (/home/dlongqwm/nodevenv/site/16/lib/node_modules/nodemailer/lib/smtp-connection/index.js:798:19)
    at SMTPConnection._onError (/home/dlongqwm/nodevenv/site/16/lib/node_modules/nodemailer/lib/smtp-connection/index.js:784:20)
    at Timeout.<anonymous> (/home/dlongqwm/nodevenv/site/16/lib/node_modules/nodemailer/lib/smtp-connection/index.js:237:22)
    at listOnTimeout (node:internal/timers:559:17)
    at processTimers (node:internal/timers:502:7) {
  code: 'ETIMEDOUT',
  command: 'CONN'
}
Error: Connection timeout
    at SMTPConnection._formatError (/home/dlongqwm/nodevenv/site/16/lib/node_modules/nodemailer/lib/smtp-connection/index.js:798:19)
    at SMTPConnection._onError (/home/dlongqwm/nodevenv/site/16/lib/node_modules/nodemailer/lib/smtp-connection/index.js:784:20)
    at Timeout.<anonymous> (/home/dlongqwm/nodevenv/site/16/lib/node_modules/nodemailer/lib/smtp-connection/index.js:237:22)
    at listOnTimeout (node:internal/timers:559:17)
    at processTimers (node:internal/timers:502:7) {
  code: 'ETIMEDOUT',
  command: 'CONN'
}
Error: Connection timeout
    at SMTPConnection._formatError (/home/dlongqwm/nodevenv/site/16/lib/node_modules/nodemailer/lib/smtp-connection/index.js:798:19)
    at SMTPConnection._onError (/home/dlongqwm/nodevenv/site/16/lib/node_modules/nodemailer/lib/smtp-connection/index.js:784:20)
    at Timeout.<anonymous> (/home/dlongqwm/nodevenv/site/16/lib/node_modules/nodemailer/lib/smtp-connection/index.js:237:22)
    at listOnTimeout (node:internal/timers:559:17)
    at processTimers (node:internal/timers:502:7) {
  code: 'ETIMEDOUT',
  command: 'CONN'
}
Error: Connection timeout
    at SMTPConnection._formatError (/home/dlongqwm/nodevenv/site/16/lib/node_modules/nodemailer/lib/smtp-connection/index.js:798:19)
    at SMTPConnection._onError (/home/dlongqwm/nodevenv/site/16/lib/node_modules/nodemailer/lib/smtp-connection/index.js:784:20)
    at Timeout.<anonymous> (/home/dlongqwm/nodevenv/site/16/lib/node_modules/nodemailer/lib/smtp-connection/index.js:237:22)
    at listOnTimeout (node:internal/timers:559:17)
    at processTimers (node:internal/timers:502:7) {
  code: 'ETIMEDOUT',
  command: 'CONN'
}
Error: Invalid login: 535 Authentication Failed for support@drphysioclinic.org
    at SMTPConnection._formatError (/home/dlongqwm/nodevenv/site/16/lib/node_modules/nodemailer/lib/smtp-connection/index.js:798:19)
    at SMTPConnection._actionAUTHComplete (/home/dlongqwm/nodevenv/site/16/lib/node_modules/nodemailer/lib/smtp-connection/index.js:1577:34)
    at SMTPConnection.<anonymous> (/home/dlongqwm/nodevenv/site/16/lib/node_modules/nodemailer/lib/smtp-connection/index.js:554:26)
    at SMTPConnection._processResponse (/home/dlongqwm/nodevenv/site/16/lib/node_modules/nodemailer/lib/smtp-connection/index.js:982:20)
    at SMTPConnection._onData (/home/dlongqwm/nodevenv/site/16/lib/node_modules/nodemailer/lib/smtp-connection/index.js:763:14)
    at TLSSocket.SMTPConnection._onSocketData (/home/dlongqwm/nodevenv/site/16/lib/node_modules/nodemailer/lib/smtp-connection/index.js:195:44)
    at TLSSocket.emit (node:events:513:28)
    at addChunk (node:internal/streams/readable:315:12)
    at readableAddChunk (node:internal/streams/readable:289:9)
    at TLSSocket.Readable.push (node:internal/streams/readable:228:10) {
  code: 'EAUTH',
  response: '535 Authentication Failed for support@drphysioclinic.org',
  responseCode: 535,
  command: 'AUTH PLAIN'
}
Error: Invalid login: 535 Authentication Failed for support@drphysioclinic.org
    at SMTPConnection._formatError (/home/dlongqwm/nodevenv/site/16/lib/node_modules/nodemailer/lib/smtp-connection/index.js:798:19)
    at SMTPConnection._actionAUTHComplete (/home/dlongqwm/nodevenv/site/16/lib/node_modules/nodemailer/lib/smtp-connection/index.js:1577:34)
    at SMTPConnection.<anonymous> (/home/dlongqwm/nodevenv/site/16/lib/node_modules/nodemailer/lib/smtp-connection/index.js:554:26)
    at SMTPConnection._processResponse (/home/dlongqwm/nodevenv/site/16/lib/node_modules/nodemailer/lib/smtp-connection/index.js:982:20)
    at SMTPConnection._onData (/home/dlongqwm/nodevenv/site/16/lib/node_modules/nodemailer/lib/smtp-connection/index.js:763:14)
    at TLSSocket.SMTPConnection._onSocketData (/home/dlongqwm/nodevenv/site/16/lib/node_modules/nodemailer/lib/smtp-connection/index.js:195:44)
    at TLSSocket.emit (node:events:513:28)
    at addChunk (node:internal/streams/readable:315:12)
    at readableAddChunk (node:internal/streams/readable:289:9)
    at TLSSocket.Readable.push (node:internal/streams/readable:228:10) {
  code: 'EAUTH',
  response: '535 Authentication Failed for support@drphysioclinic.org',
  responseCode: 535,
  command: 'AUTH PLAIN'
}
Error: Invalid login: 535 Authentication Failed for support@drphysioclinic.org
    at SMTPConnection._formatError (/home/dlongqwm/nodevenv/site/16/lib/node_modules/nodemailer/lib/smtp-connection/index.js:798:19)
    at SMTPConnection._actionAUTHComplete (/home/dlongqwm/nodevenv/site/16/lib/node_modules/nodemailer/lib/smtp-connection/index.js:1577:34)
    at SMTPConnection.<anonymous> (/home/dlongqwm/nodevenv/site/16/lib/node_modules/nodemailer/lib/smtp-connection/index.js:554:26)
    at SMTPConnection._processResponse (/home/dlongqwm/nodevenv/site/16/lib/node_modules/nodemailer/lib/smtp-connection/index.js:982:20)
    at SMTPConnection._onData (/home/dlongqwm/nodevenv/site/16/lib/node_modules/nodemailer/lib/smtp-connection/index.js:763:14)
    at TLSSocket.SMTPConnection._onSocketData (/home/dlongqwm/nodevenv/site/16/lib/node_modules/nodemailer/lib/smtp-connection/index.js:195:44)
    at TLSSocket.emit (node:events:513:28)
    at addChunk (node:internal/streams/readable:315:12)
    at readableAddChunk (node:internal/streams/readable:289:9)
    at TLSSocket.Readable.push (node:internal/streams/readable:228:10) {
  code: 'EAUTH',
  response: '535 Authentication Failed for support@drphysioclinic.org',
  responseCode: 535,
  command: 'AUTH PLAIN'
}
Error: Invalid login: 535 Authentication Failed for support@drphysioclinic.org
    at SMTPConnection._formatError (/home/dlongqwm/nodevenv/site/16/lib/node_modules/nodemailer/lib/smtp-connection/index.js:798:19)
    at SMTPConnection._actionAUTHComplete (/home/dlongqwm/nodevenv/site/16/lib/node_modules/nodemailer/lib/smtp-connection/index.js:1577:34)
    at SMTPConnection.<anonymous> (/home/dlongqwm/nodevenv/site/16/lib/node_modules/nodemailer/lib/smtp-connection/index.js:554:26)
    at SMTPConnection._processResponse (/home/dlongqwm/nodevenv/site/16/lib/node_modules/nodemailer/lib/smtp-connection/index.js:982:20)
    at SMTPConnection._onData (/home/dlongqwm/nodevenv/site/16/lib/node_modules/nodemailer/lib/smtp-connection/index.js:763:14)
    at TLSSocket.SMTPConnection._onSocketData (/home/dlongqwm/nodevenv/site/16/lib/node_modules/nodemailer/lib/smtp-connection/index.js:195:44)
    at TLSSocket.emit (node:events:513:28)
    at addChunk (node:internal/streams/readable:315:12)
    at readableAddChunk (node:internal/streams/readable:289:9)
    at TLSSocket.Readable.push (node:internal/streams/readable:228:10) {
  code: 'EAUTH',
  response: '535 Authentication Failed for support@drphysioclinic.org',
  responseCode: 535,
  command: 'AUTH PLAIN'
}
Error: Invalid login: 535 Authentication Failed for support@drphysioclinic.org
    at SMTPConnection._formatError (/home/dlongqwm/nodevenv/site/16/lib/node_modules/nodemailer/lib/smtp-connection/index.js:798:19)
    at SMTPConnection._actionAUTHComplete (/home/dlongqwm/nodevenv/site/16/lib/node_modules/nodemailer/lib/smtp-connection/index.js:1577:34)
    at SMTPConnection.<anonymous> (/home/dlongqwm/nodevenv/site/16/lib/node_modules/nodemailer/lib/smtp-connection/index.js:554:26)
    at SMTPConnection._processResponse (/home/dlongqwm/nodevenv/site/16/lib/node_modules/nodemailer/lib/smtp-connection/index.js:982:20)
    at SMTPConnection._onData (/home/dlongqwm/nodevenv/site/16/lib/node_modules/nodemailer/lib/smtp-connection/index.js:763:14)
    at TLSSocket.SMTPConnection._onSocketData (/home/dlongqwm/nodevenv/site/16/lib/node_modules/nodemailer/lib/smtp-connection/index.js:195:44)
    at TLSSocket.emit (node:events:513:28)
    at addChunk (node:internal/streams/readable:315:12)
    at readableAddChunk (node:internal/streams/readable:289:9)
    at TLSSocket.Readable.push (node:internal/streams/readable:228:10) {
  code: 'EAUTH',
  response: '535 Authentication Failed for support@drphysioclinic.org',
  responseCode: 535,
  command: 'AUTH PLAIN'
}
Error: Invalid login: 535 Authentication Failed for support@drphysioclinic.org
    at SMTPConnection._formatError (/home/dlongqwm/nodevenv/site/16/lib/node_modules/nodemailer/lib/smtp-connection/index.js:798:19)
    at SMTPConnection._actionAUTHComplete (/home/dlongqwm/nodevenv/site/16/lib/node_modules/nodemailer/lib/smtp-connection/index.js:1577:34)
    at SMTPConnection.<anonymous> (/home/dlongqwm/nodevenv/site/16/lib/node_modules/nodemailer/lib/smtp-connection/index.js:554:26)
    at SMTPConnection._processResponse (/home/dlongqwm/nodevenv/site/16/lib/node_modules/nodemailer/lib/smtp-connection/index.js:982:20)
    at SMTPConnection._onData (/home/dlongqwm/nodevenv/site/16/lib/node_modules/nodemailer/lib/smtp-connection/index.js:763:14)
    at TLSSocket.SMTPConnection._onSocketData (/home/dlongqwm/nodevenv/site/16/lib/node_modules/nodemailer/lib/smtp-connection/index.js:195:44)
    at TLSSocket.emit (node:events:513:28)
    at addChunk (node:internal/streams/readable:315:12)
    at readableAddChunk (node:internal/streams/readable:289:9)
    at TLSSocket.Readable.push (node:internal/streams/readable:228:10) {
  code: 'EAUTH',
  response: '535 Authentication Failed for support@drphysioclinic.org',
  responseCode: 535,
  command: 'AUTH PLAIN'
}
Error submitting contact form: Error: Invalid login: 535 Authentication Failed for support@drphysioclinic.org
    at SMTPConnection._formatError (/home/dlongqwm/nodevenv/site/16/lib/node_modules/nodemailer/lib/smtp-connection/index.js:798:19)
    at SMTPConnection._actionAUTHComplete (/home/dlongqwm/nodevenv/site/16/lib/node_modules/nodemailer/lib/smtp-connection/index.js:1577:34)
    at SMTPConnection.<anonymous> (/home/dlongqwm/nodevenv/site/16/lib/node_modules/nodemailer/lib/smtp-connection/index.js:554:26)
    at SMTPConnection._processResponse (/home/dlongqwm/nodevenv/site/16/lib/node_modules/nodemailer/lib/smtp-connection/index.js:982:20)
    at SMTPConnection._onData (/home/dlongqwm/nodevenv/site/16/lib/node_modules/nodemailer/lib/smtp-connection/index.js:763:14)
    at TLSSocket.SMTPConnection._onSocketData (/home/dlongqwm/nodevenv/site/16/lib/node_modules/nodemailer/lib/smtp-connection/index.js:195:44)
    at TLSSocket.emit (node:events:513:28)
    at addChunk (node:internal/streams/readable:315:12)
    at readableAddChunk (node:internal/streams/readable:289:9)
    at TLSSocket.Readable.push (node:internal/streams/readable:228:10) {
  code: 'EAUTH',
  response: '535 Authentication Failed for support@drphysioclinic.org',
  responseCode: 535,
  command: 'AUTH PLAIN'
}
Error: Invalid login: 535 Authentication Failed for support@drphysioclinic.org
    at SMTPConnection._formatError (/home/dlongqwm/nodevenv/site/16/lib/node_modules/nodemailer/lib/smtp-connection/index.js:798:19)
    at SMTPConnection._actionAUTHComplete (/home/dlongqwm/nodevenv/site/16/lib/node_modules/nodemailer/lib/smtp-connection/index.js:1577:34)
    at SMTPConnection.<anonymous> (/home/dlongqwm/nodevenv/site/16/lib/node_modules/nodemailer/lib/smtp-connection/index.js:554:26)
    at SMTPConnection._processResponse (/home/dlongqwm/nodevenv/site/16/lib/node_modules/nodemailer/lib/smtp-connection/index.js:982:20)
    at SMTPConnection._onData (/home/dlongqwm/nodevenv/site/16/lib/node_modules/nodemailer/lib/smtp-connection/index.js:763:14)
    at TLSSocket.SMTPConnection._onSocketData (/home/dlongqwm/nodevenv/site/16/lib/node_modules/nodemailer/lib/smtp-connection/index.js:195:44)
    at TLSSocket.emit (node:events:513:28)
    at addChunk (node:internal/streams/readable:315:12)
    at readableAddChunk (node:internal/streams/readable:289:9)
    at TLSSocket.Readable.push (node:internal/streams/readable:228:10) {
  code: 'EAUTH',
  response: '535 Authentication Failed for support@drphysioclinic.org',
  responseCode: 535,
  command: 'AUTH PLAIN'
}
Error: Invalid login: 535 Authentication Failed for support@drphysioclinic.org
    at SMTPConnection._formatError (/home/dlongqwm/nodevenv/site/16/lib/node_modules/nodemailer/lib/smtp-connection/index.js:798:19)
    at SMTPConnection._actionAUTHComplete (/home/dlongqwm/nodevenv/site/16/lib/node_modules/nodemailer/lib/smtp-connection/index.js:1577:34)
    at SMTPConnection.<anonymous> (/home/dlongqwm/nodevenv/site/16/lib/node_modules/nodemailer/lib/smtp-connection/index.js:554:26)
    at SMTPConnection._processResponse (/home/dlongqwm/nodevenv/site/16/lib/node_modules/nodemailer/lib/smtp-connection/index.js:982:20)
    at SMTPConnection._onData (/home/dlongqwm/nodevenv/site/16/lib/node_modules/nodemailer/lib/smtp-connection/index.js:763:14)
    at TLSSocket.SMTPConnection._onSocketData (/home/dlongqwm/nodevenv/site/16/lib/node_modules/nodemailer/lib/smtp-connection/index.js:195:44)
    at TLSSocket.emit (node:events:513:28)
    at addChunk (node:internal/streams/readable:315:12)
    at readableAddChunk (node:internal/streams/readable:289:9)
    at TLSSocket.Readable.push (node:internal/streams/readable:228:10) {
  code: 'EAUTH',
  response: '535 Authentication Failed for support@drphysioclinic.org',
  responseCode: 535,
  command: 'AUTH PLAIN'
}
Error submitting contact form: Error: Invalid login: 535 Authentication Failed for support@drphysioclinic.org
    at SMTPConnection._formatError (/home/dlongqwm/nodevenv/site/16/lib/node_modules/nodemailer/lib/smtp-connection/index.js:798:19)
    at SMTPConnection._actionAUTHComplete (/home/dlongqwm/nodevenv/site/16/lib/node_modules/nodemailer/lib/smtp-connection/index.js:1577:34)
    at SMTPConnection.<anonymous> (/home/dlongqwm/nodevenv/site/16/lib/node_modules/nodemailer/lib/smtp-connection/index.js:554:26)
    at SMTPConnection._processResponse (/home/dlongqwm/nodevenv/site/16/lib/node_modules/nodemailer/lib/smtp-connection/index.js:982:20)
    at SMTPConnection._onData (/home/dlongqwm/nodevenv/site/16/lib/node_modules/nodemailer/lib/smtp-connection/index.js:763:14)
    at TLSSocket.SMTPConnection._onSocketData (/home/dlongqwm/nodevenv/site/16/lib/node_modules/nodemailer/lib/smtp-connection/index.js:195:44)
    at TLSSocket.emit (node:events:513:28)
    at addChunk (node:internal/streams/readable:315:12)
    at readableAddChunk (node:internal/streams/readable:289:9)
    at TLSSocket.Readable.push (node:internal/streams/readable:228:10) {
  code: 'EAUTH',
  response: '535 Authentication Failed for support@drphysioclinic.org',
  responseCode: 535,
  command: 'AUTH PLAIN'
}
Error: Invalid login: 535 Authentication Failed for support@drphysioclinic.org
    at SMTPConnection._formatError (/home/dlongqwm/nodevenv/site/16/lib/node_modules/nodemailer/lib/smtp-connection/index.js:798:19)
    at SMTPConnection._actionAUTHComplete (/home/dlongqwm/nodevenv/site/16/lib/node_modules/nodemailer/lib/smtp-connection/index.js:1577:34)
    at SMTPConnection.<anonymous> (/home/dlongqwm/nodevenv/site/16/lib/node_modules/nodemailer/lib/smtp-connection/index.js:554:26)
    at SMTPConnection._processResponse (/home/dlongqwm/nodevenv/site/16/lib/node_modules/nodemailer/lib/smtp-connection/index.js:982:20)
    at SMTPConnection._onData (/home/dlongqwm/nodevenv/site/16/lib/node_modules/nodemailer/lib/smtp-connection/index.js:763:14)
    at TLSSocket.SMTPConnection._onSocketData (/home/dlongqwm/nodevenv/site/16/lib/node_modules/nodemailer/lib/smtp-connection/index.js:195:44)
    at TLSSocket.emit (node:events:513:28)
    at addChunk (node:internal/streams/readable:315:12)
    at readableAddChunk (node:internal/streams/readable:289:9)
    at TLSSocket.Readable.push (node:internal/streams/readable:228:10) {
  code: 'EAUTH',
  response: '535 Authentication Failed for support@drphysioclinic.org',
  responseCode: 535,
  command: 'AUTH PLAIN'
}
Error: Invalid login: 535 Authentication Failed for support@drphysioclinic.org
    at SMTPConnection._formatError (/home/dlongqwm/nodevenv/site/16/lib/node_modules/nodemailer/lib/smtp-connection/index.js:798:19)
    at SMTPConnection._actionAUTHComplete (/home/dlongqwm/nodevenv/site/16/lib/node_modules/nodemailer/lib/smtp-connection/index.js:1577:34)
    at SMTPConnection.<anonymous> (/home/dlongqwm/nodevenv/site/16/lib/node_modules/nodemailer/lib/smtp-connection/index.js:554:26)
    at SMTPConnection._processResponse (/home/dlongqwm/nodevenv/site/16/lib/node_modules/nodemailer/lib/smtp-connection/index.js:982:20)
    at SMTPConnection._onData (/home/dlongqwm/nodevenv/site/16/lib/node_modules/nodemailer/lib/smtp-connection/index.js:763:14)
    at TLSSocket.SMTPConnection._onSocketData (/home/dlongqwm/nodevenv/site/16/lib/node_modules/nodemailer/lib/smtp-connection/index.js:195:44)
    at TLSSocket.emit (node:events:513:28)
    at addChunk (node:internal/streams/readable:315:12)
    at readableAddChunk (node:internal/streams/readable:289:9)
    at TLSSocket.Readable.push (node:internal/streams/readable:228:10) {
  code: 'EAUTH',
  response: '535 Authentication Failed for support@drphysioclinic.org',
  responseCode: 535,
  command: 'AUTH PLAIN'
}
Error: Invalid login: 535 Authentication Failed for support@drphysioclinic.org
    at SMTPConnection._formatError (/home/dlongqwm/nodevenv/site/16/lib/node_modules/nodemailer/lib/smtp-connection/index.js:798:19)
    at SMTPConnection._actionAUTHComplete (/home/dlongqwm/nodevenv/site/16/lib/node_modules/nodemailer/lib/smtp-connection/index.js:1577:34)
    at SMTPConnection.<anonymous> (/home/dlongqwm/nodevenv/site/16/lib/node_modules/nodemailer/lib/smtp-connection/index.js:554:26)
    at SMTPConnection._processResponse (/home/dlongqwm/nodevenv/site/16/lib/node_modules/nodemailer/lib/smtp-connection/index.js:982:20)
    at SMTPConnection._onData (/home/dlongqwm/nodevenv/site/16/lib/node_modules/nodemailer/lib/smtp-connection/index.js:763:14)
    at TLSSocket.SMTPConnection._onSocketData (/home/dlongqwm/nodevenv/site/16/lib/node_modules/nodemailer/lib/smtp-connection/index.js:195:44)
    at TLSSocket.emit (node:events:513:28)
    at addChunk (node:internal/streams/readable:315:12)
    at readableAddChunk (node:internal/streams/readable:289:9)
    at TLSSocket.Readable.push (node:internal/streams/readable:228:10) {
  code: 'EAUTH',
  response: '535 Authentication Failed for support@drphysioclinic.org',
  responseCode: 535,
  command: 'AUTH PLAIN'
}
Error submitting contact form: Error: Invalid login: 535 Authentication Failed for support@drphysioclinic.org
    at SMTPConnection._formatError (/home/dlongqwm/nodevenv/site/16/lib/node_modules/nodemailer/lib/smtp-connection/index.js:798:19)
    at SMTPConnection._actionAUTHComplete (/home/dlongqwm/nodevenv/site/16/lib/node_modules/nodemailer/lib/smtp-connection/index.js:1577:34)
    at SMTPConnection.<anonymous> (/home/dlongqwm/nodevenv/site/16/lib/node_modules/nodemailer/lib/smtp-connection/index.js:554:26)
    at SMTPConnection._processResponse (/home/dlongqwm/nodevenv/site/16/lib/node_modules/nodemailer/lib/smtp-connection/index.js:982:20)
    at SMTPConnection._onData (/home/dlongqwm/nodevenv/site/16/lib/node_modules/nodemailer/lib/smtp-connection/index.js:763:14)
    at TLSSocket.SMTPConnection._onSocketData (/home/dlongqwm/nodevenv/site/16/lib/node_modules/nodemailer/lib/smtp-connection/index.js:195:44)
    at TLSSocket.emit (node:events:513:28)
    at addChunk (node:internal/streams/readable:315:12)
    at readableAddChunk (node:internal/streams/readable:289:9)
    at TLSSocket.Readable.push (node:internal/streams/readable:228:10) {
  code: 'EAUTH',
  response: '535 Authentication Failed for support@drphysioclinic.org',
  responseCode: 535,
  command: 'AUTH PLAIN'
}
Error submitting contact form: Error: Invalid login: 535 Authentication Failed for support@drphysioclinic.org
    at SMTPConnection._formatError (/home/dlongqwm/nodevenv/site/16/lib/node_modules/nodemailer/lib/smtp-connection/index.js:798:19)
    at SMTPConnection._actionAUTHComplete (/home/dlongqwm/nodevenv/site/16/lib/node_modules/nodemailer/lib/smtp-connection/index.js:1577:34)
    at SMTPConnection.<anonymous> (/home/dlongqwm/nodevenv/site/16/lib/node_modules/nodemailer/lib/smtp-connection/index.js:554:26)
    at SMTPConnection._processResponse (/home/dlongqwm/nodevenv/site/16/lib/node_modules/nodemailer/lib/smtp-connection/index.js:982:20)
    at SMTPConnection._onData (/home/dlongqwm/nodevenv/site/16/lib/node_modules/nodemailer/lib/smtp-connection/index.js:763:14)
    at TLSSocket.SMTPConnection._onSocketData (/home/dlongqwm/nodevenv/site/16/lib/node_modules/nodemailer/lib/smtp-connection/index.js:195:44)
    at TLSSocket.emit (node:events:513:28)
    at addChunk (node:internal/streams/readable:315:12)
    at readableAddChunk (node:internal/streams/readable:289:9)
    at TLSSocket.Readable.push (node:internal/streams/readable:228:10) {
  code: 'EAUTH',
  response: '535 Authentication Failed for support@drphysioclinic.org',
  responseCode: 535,
  command: 'AUTH PLAIN'
}
Error: Invalid login: 535 Authentication Failed for support@drphysioclinic.org
    at SMTPConnection._formatError (/home/dlongqwm/nodevenv/site/16/lib/node_modules/nodemailer/lib/smtp-connection/index.js:798:19)
    at SMTPConnection._actionAUTHComplete (/home/dlongqwm/nodevenv/site/16/lib/node_modules/nodemailer/lib/smtp-connection/index.js:1577:34)
    at SMTPConnection.<anonymous> (/home/dlongqwm/nodevenv/site/16/lib/node_modules/nodemailer/lib/smtp-connection/index.js:554:26)
    at SMTPConnection._processResponse (/home/dlongqwm/nodevenv/site/16/lib/node_modules/nodemailer/lib/smtp-connection/index.js:982:20)
    at SMTPConnection._onData (/home/dlongqwm/nodevenv/site/16/lib/node_modules/nodemailer/lib/smtp-connection/index.js:763:14)
    at TLSSocket.SMTPConnection._onSocketData (/home/dlongqwm/nodevenv/site/16/lib/node_modules/nodemailer/lib/smtp-connection/index.js:195:44)
    at TLSSocket.emit (node:events:513:28)
    at addChunk (node:internal/streams/readable:315:12)
    at readableAddChunk (node:internal/streams/readable:289:9)
    at TLSSocket.Readable.push (node:internal/streams/readable:228:10) {
  code: 'EAUTH',
  response: '535 Authentication Failed for support@drphysioclinic.org',
  responseCode: 535,
  command: 'AUTH PLAIN'
}
Error: Invalid login: 535 Authentication Failed for support@drphysioclinic.org
    at SMTPConnection._formatError (/home/dlongqwm/nodevenv/site/16/lib/node_modules/nodemailer/lib/smtp-connection/index.js:798:19)
    at SMTPConnection._actionAUTHComplete (/home/dlongqwm/nodevenv/site/16/lib/node_modules/nodemailer/lib/smtp-connection/index.js:1577:34)
    at SMTPConnection.<anonymous> (/home/dlongqwm/nodevenv/site/16/lib/node_modules/nodemailer/lib/smtp-connection/index.js:554:26)
    at SMTPConnection._processResponse (/home/dlongqwm/nodevenv/site/16/lib/node_modules/nodemailer/lib/smtp-connection/index.js:982:20)
    at SMTPConnection._onData (/home/dlongqwm/nodevenv/site/16/lib/node_modules/nodemailer/lib/smtp-connection/index.js:763:14)
    at TLSSocket.SMTPConnection._onSocketData (/home/dlongqwm/nodevenv/site/16/lib/node_modules/nodemailer/lib/smtp-connection/index.js:195:44)
    at TLSSocket.emit (node:events:513:28)
    at addChunk (node:internal/streams/readable:315:12)
    at readableAddChunk (node:internal/streams/readable:289:9)
    at TLSSocket.Readable.push (node:internal/streams/readable:228:10) {
  code: 'EAUTH',
  response: '535 Authentication Failed for support@drphysioclinic.org',
  responseCode: 535,
  command: 'AUTH PLAIN'
}
Error submitting contact form: Error: Invalid login: 535 Authentication Failed for support@drphysioclinic.org
    at SMTPConnection._formatError (/home/dlongqwm/nodevenv/site/16/lib/node_modules/nodemailer/lib/smtp-connection/index.js:798:19)
    at SMTPConnection._actionAUTHComplete (/home/dlongqwm/nodevenv/site/16/lib/node_modules/nodemailer/lib/smtp-connection/index.js:1577:34)
    at SMTPConnection.<anonymous> (/home/dlongqwm/nodevenv/site/16/lib/node_modules/nodemailer/lib/smtp-connection/index.js:554:26)
    at SMTPConnection._processResponse (/home/dlongqwm/nodevenv/site/16/lib/node_modules/nodemailer/lib/smtp-connection/index.js:982:20)
    at SMTPConnection._onData (/home/dlongqwm/nodevenv/site/16/lib/node_modules/nodemailer/lib/smtp-connection/index.js:763:14)
    at TLSSocket.SMTPConnection._onSocketData (/home/dlongqwm/nodevenv/site/16/lib/node_modules/nodemailer/lib/smtp-connection/index.js:195:44)
    at TLSSocket.emit (node:events:513:28)
    at addChunk (node:internal/streams/readable:315:12)
    at readableAddChunk (node:internal/streams/readable:289:9)
    at TLSSocket.Readable.push (node:internal/streams/readable:228:10) {
  code: 'EAUTH',
  response: '535 Authentication Failed for support@drphysioclinic.org',
  responseCode: 535,
  command: 'AUTH PLAIN'
}
Error: Invalid login: 535 Authentication Failed for support@drphysioclinic.org
    at SMTPConnection._formatError (/home/dlongqwm/nodevenv/site/16/lib/node_modules/nodemailer/lib/smtp-connection/index.js:798:19)
    at SMTPConnection._actionAUTHComplete (/home/dlongqwm/nodevenv/site/16/lib/node_modules/nodemailer/lib/smtp-connection/index.js:1577:34)
    at SMTPConnection.<anonymous> (/home/dlongqwm/nodevenv/site/16/lib/node_modules/nodemailer/lib/smtp-connection/index.js:554:26)
    at SMTPConnection._processResponse (/home/dlongqwm/nodevenv/site/16/lib/node_modules/nodemailer/lib/smtp-connection/index.js:982:20)
    at SMTPConnection._onData (/home/dlongqwm/nodevenv/site/16/lib/node_modules/nodemailer/lib/smtp-connection/index.js:763:14)
    at TLSSocket.SMTPConnection._onSocketData (/home/dlongqwm/nodevenv/site/16/lib/node_modules/nodemailer/lib/smtp-connection/index.js:195:44)
    at TLSSocket.emit (node:events:513:28)
    at addChunk (node:internal/streams/readable:315:12)
    at readableAddChunk (node:internal/streams/readable:289:9)
    at TLSSocket.Readable.push (node:internal/streams/readable:228:10) {
  code: 'EAUTH',
  response: '535 Authentication Failed for support@drphysioclinic.org',
  responseCode: 535,
  command: 'AUTH PLAIN'
}
Error: Invalid login: 535 Authentication Failed for support@drphysioclinic.org
    at SMTPConnection._formatError (/home/dlongqwm/nodevenv/site/16/lib/node_modules/nodemailer/lib/smtp-connection/index.js:798:19)
    at SMTPConnection._actionAUTHComplete (/home/dlongqwm/nodevenv/site/16/lib/node_modules/nodemailer/lib/smtp-connection/index.js:1577:34)
    at SMTPConnection.<anonymous> (/home/dlongqwm/nodevenv/site/16/lib/node_modules/nodemailer/lib/smtp-connection/index.js:554:26)
    at SMTPConnection._processResponse (/home/dlongqwm/nodevenv/site/16/lib/node_modules/nodemailer/lib/smtp-connection/index.js:982:20)
    at SMTPConnection._onData (/home/dlongqwm/nodevenv/site/16/lib/node_modules/nodemailer/lib/smtp-connection/index.js:763:14)
    at TLSSocket.SMTPConnection._onSocketData (/home/dlongqwm/nodevenv/site/16/lib/node_modules/nodemailer/lib/smtp-connection/index.js:195:44)
    at TLSSocket.emit (node:events:513:28)
    at addChunk (node:internal/streams/readable:315:12)
    at readableAddChunk (node:internal/streams/readable:289:9)
    at TLSSocket.Readable.push (node:internal/streams/readable:228:10) {
  code: 'EAUTH',
  response: '535 Authentication Failed for support@drphysioclinic.org',
  responseCode: 535,
  command: 'AUTH PLAIN'
}
Error: Invalid login: 535 Authentication Failed for support@drphysioclinic.org
    at SMTPConnection._formatError (/home/dlongqwm/nodevenv/site/16/lib/node_modules/nodemailer/lib/smtp-connection/index.js:798:19)
    at SMTPConnection._actionAUTHComplete (/home/dlongqwm/nodevenv/site/16/lib/node_modules/nodemailer/lib/smtp-connection/index.js:1577:34)
    at SMTPConnection.<anonymous> (/home/dlongqwm/nodevenv/site/16/lib/node_modules/nodemailer/lib/smtp-connection/index.js:554:26)
    at SMTPConnection._processResponse (/home/dlongqwm/nodevenv/site/16/lib/node_modules/nodemailer/lib/smtp-connection/index.js:982:20)
    at SMTPConnection._onData (/home/dlongqwm/nodevenv/site/16/lib/node_modules/nodemailer/lib/smtp-connection/index.js:763:14)
    at TLSSocket.SMTPConnection._onSocketData (/home/dlongqwm/nodevenv/site/16/lib/node_modules/nodemailer/lib/smtp-connection/index.js:195:44)
    at TLSSocket.emit (node:events:513:28)
    at addChunk (node:internal/streams/readable:315:12)
    at readableAddChunk (node:internal/streams/readable:289:9)
    at TLSSocket.Readable.push (node:internal/streams/readable:228:10) {
  code: 'EAUTH',
  response: '535 Authentication Failed for support@drphysioclinic.org',
  responseCode: 535,
  command: 'AUTH PLAIN'
}
Error: Invalid login: 535 Authentication Failed for support@drphysioclinic.org
    at SMTPConnection._formatError (/home/dlongqwm/nodevenv/site/16/lib/node_modules/nodemailer/lib/smtp-connection/index.js:798:19)
    at SMTPConnection._actionAUTHComplete (/home/dlongqwm/nodevenv/site/16/lib/node_modules/nodemailer/lib/smtp-connection/index.js:1577:34)
    at SMTPConnection.<anonymous> (/home/dlongqwm/nodevenv/site/16/lib/node_modules/nodemailer/lib/smtp-connection/index.js:554:26)
    at SMTPConnection._processResponse (/home/dlongqwm/nodevenv/site/16/lib/node_modules/nodemailer/lib/smtp-connection/index.js:982:20)
    at SMTPConnection._onData (/home/dlongqwm/nodevenv/site/16/lib/node_modules/nodemailer/lib/smtp-connection/index.js:763:14)
    at TLSSocket.SMTPConnection._onSocketData (/home/dlongqwm/nodevenv/site/16/lib/node_modules/nodemailer/lib/smtp-connection/index.js:195:44)
    at TLSSocket.emit (node:events:513:28)
    at addChunk (node:internal/streams/readable:315:12)
    at readableAddChunk (node:internal/streams/readable:289:9)
    at TLSSocket.Readable.push (node:internal/streams/readable:228:10) {
  code: 'EAUTH',
  response: '535 Authentication Failed for support@drphysioclinic.org',
  responseCode: 535,
  command: 'AUTH PLAIN'
}
Error: Invalid login: 535 Authentication Failed for support@drphysioclinic.org
    at SMTPConnection._formatError (/home/dlongqwm/nodevenv/site/16/lib/node_modules/nodemailer/lib/smtp-connection/index.js:798:19)
    at SMTPConnection._actionAUTHComplete (/home/dlongqwm/nodevenv/site/16/lib/node_modules/nodemailer/lib/smtp-connection/index.js:1577:34)
    at SMTPConnection.<anonymous> (/home/dlongqwm/nodevenv/site/16/lib/node_modules/nodemailer/lib/smtp-connection/index.js:554:26)
    at SMTPConnection._processResponse (/home/dlongqwm/nodevenv/site/16/lib/node_modules/nodemailer/lib/smtp-connection/index.js:982:20)
    at SMTPConnection._onData (/home/dlongqwm/nodevenv/site/16/lib/node_modules/nodemailer/lib/smtp-connection/index.js:763:14)
    at TLSSocket.SMTPConnection._onSocketData (/home/dlongqwm/nodevenv/site/16/lib/node_modules/nodemailer/lib/smtp-connection/index.js:195:44)
    at TLSSocket.emit (node:events:513:28)
    at addChunk (node:internal/streams/readable:315:12)
    at readableAddChunk (node:internal/streams/readable:289:9)
    at TLSSocket.Readable.push (node:internal/streams/readable:228:10) {
  code: 'EAUTH',
  response: '535 Authentication Failed for support@drphysioclinic.org',
  responseCode: 535,
  command: 'AUTH PLAIN'
}
Error: Invalid login: 535 Authentication Failed for support@drphysioclinic.org
    at SMTPConnection._formatError (/home/dlongqwm/nodevenv/site/16/lib/node_modules/nodemailer/lib/smtp-connection/index.js:798:19)
    at SMTPConnection._actionAUTHComplete (/home/dlongqwm/nodevenv/site/16/lib/node_modules/nodemailer/lib/smtp-connection/index.js:1577:34)
    at SMTPConnection.<anonymous> (/home/dlongqwm/nodevenv/site/16/lib/node_modules/nodemailer/lib/smtp-connection/index.js:554:26)
    at SMTPConnection._processResponse (/home/dlongqwm/nodevenv/site/16/lib/node_modules/nodemailer/lib/smtp-connection/index.js:982:20)
    at SMTPConnection._onData (/home/dlongqwm/nodevenv/site/16/lib/node_modules/nodemailer/lib/smtp-connection/index.js:763:14)
    at TLSSocket.SMTPConnection._onSocketData (/home/dlongqwm/nodevenv/site/16/lib/node_modules/nodemailer/lib/smtp-connection/index.js:195:44)
    at TLSSocket.emit (node:events:513:28)
    at addChunk (node:internal/streams/readable:315:12)
    at readableAddChunk (node:internal/streams/readable:289:9)
    at TLSSocket.Readable.push (node:internal/streams/readable:228:10) {
  code: 'EAUTH',
  response: '535 Authentication Failed for support@drphysioclinic.org',
  responseCode: 535,
  command: 'AUTH PLAIN'
}
Error: Invalid login: 535 Authentication Failed for support@drphysioclinic.org
    at SMTPConnection._formatError (/home/dlongqwm/nodevenv/site/16/lib/node_modules/nodemailer/lib/smtp-connection/index.js:798:19)
    at SMTPConnection._actionAUTHComplete (/home/dlongqwm/nodevenv/site/16/lib/node_modules/nodemailer/lib/smtp-connection/index.js:1577:34)
    at SMTPConnection.<anonymous> (/home/dlongqwm/nodevenv/site/16/lib/node_modules/nodemailer/lib/smtp-connection/index.js:554:26)
    at SMTPConnection._processResponse (/home/dlongqwm/nodevenv/site/16/lib/node_modules/nodemailer/lib/smtp-connection/index.js:982:20)
    at SMTPConnection._onData (/home/dlongqwm/nodevenv/site/16/lib/node_modules/nodemailer/lib/smtp-connection/index.js:763:14)
    at TLSSocket.SMTPConnection._onSocketData (/home/dlongqwm/nodevenv/site/16/lib/node_modules/nodemailer/lib/smtp-connection/index.js:195:44)
    at TLSSocket.emit (node:events:513:28)
    at addChunk (node:internal/streams/readable:315:12)
    at readableAddChunk (node:internal/streams/readable:289:9)
    at TLSSocket.Readable.push (node:internal/streams/readable:228:10) {
  code: 'EAUTH',
  response: '535 Authentication Failed for support@drphysioclinic.org',
  responseCode: 535,
  command: 'AUTH PLAIN'
}
(node:544443) [MONGODB DRIVER] Warning: useNewUrlParser is a deprecated option: useNewUrlParser has no effect since Node.js Driver version 4.0.0 and will be removed in the next major version
(Use `node --trace-warnings ...` to show where the warning was created)
(node:544443) [MONGODB DRIVER] Warning: useUnifiedTopology is a deprecated option: useUnifiedTopology has no effect since Node.js Driver version 4.0.0 and will be removed in the next major version
Error: Appointment validation failed: phoneNumber: Cast to Number failed for value "test" (type string) at path "phoneNumber"
    at ValidationError.inspect (/home/dlongqwm/nodevenv/site/16/lib/node_modules/mongoose/lib/error/validation.js:52:26)
    at formatValue (node:internal/util/inspect:806:19)
    at inspect (node:internal/util/inspect:365:10)
    at formatWithOptionsInternal (node:internal/util/inspect:2292:40)
    at formatWithOptions (node:internal/util/inspect:2154:10)
    at console.value (node:internal/console/constructor:348:14)
    at console.warn (node:internal/console/constructor:381:61)
    at /home/dlongqwm/site/server.js:97:15
    at processTicksAndRejections (node:internal/process/task_queues:96:5) {
  errors: {
    phoneNumber: CastError: Cast to Number failed for value "test" (type string) at path "phoneNumber"
        at SchemaNumber.cast (/home/dlongqwm/nodevenv/site/16/lib/node_modules/mongoose/lib/schema/number.js:380:11)
        at SchemaNumber.SchemaType.applySetters (/home/dlongqwm/nodevenv/site/16/lib/node_modules/mongoose/lib/schemaType.js:1255:12)
        at model.$set (/home/dlongqwm/nodevenv/site/16/lib/node_modules/mongoose/lib/document.js:1441:22)
        at model.$set (/home/dlongqwm/nodevenv/site/16/lib/node_modules/mongoose/lib/document.js:1137:16)
        at model.Document (/home/dlongqwm/nodevenv/site/16/lib/node_modules/mongoose/lib/document.js:177:12)
        at model.Model (/home/dlongqwm/nodevenv/site/16/lib/node_modules/mongoose/lib/model.js:128:12)
        at new model (/home/dlongqwm/nodevenv/site/16/lib/node_modules/mongoose/lib/model.js:4637:15)
        at /home/dlongqwm/site/server.js:76:27
        at Layer.handle [as handle_request] (/home/dlongqwm/nodevenv/site/16/lib/node_modules/express/lib/router/layer.js:95:5)
        at next (/home/dlongqwm/nodevenv/site/16/lib/node_modules/express/lib/router/route.js:149:13) {
      stringValue: '"test"',
      messageFormat: undefined,
      kind: 'Number',
      value: 'test',
      path: 'phoneNumber',
      reason: AssertionError [ERR_ASSERTION]: The expression evaluated to a falsy value:
      
        assert.ok(!isNaN(val))
      
          at castNumber (/home/dlongqwm/nodevenv/site/16/lib/node_modules/mongoose/lib/cast/number.js:27:10)
          at SchemaNumber.cast (/home/dlongqwm/nodevenv/site/16/lib/node_modules/mongoose/lib/schema/number.js:378:12)
          at SchemaNumber.SchemaType.applySetters (/home/dlongqwm/nodevenv/site/16/lib/node_modules/mongoose/lib/schemaType.js:1255:12)
          at model.$set (/home/dlongqwm/nodevenv/site/16/lib/node_modules/mongoose/lib/document.js:1441:22)
          at model.$set (/home/dlongqwm/nodevenv/site/16/lib/node_modules/mongoose/lib/document.js:1137:16)
          at model.Document (/home/dlongqwm/nodevenv/site/16/lib/node_modules/mongoose/lib/document.js:177:12)
          at model.Model (/home/dlongqwm/nodevenv/site/16/lib/node_modules/mongoose/lib/model.js:128:12)
          at new model (/home/dlongqwm/nodevenv/site/16/lib/node_modules/mongoose/lib/model.js:4637:15)
          at /home/dlongqwm/site/server.js:76:27
          at Layer.handle [as handle_request] (/home/dlongqwm/nodevenv/site/16/lib/node_modules/express/lib/router/layer.js:95:5) {
        generatedMessage: true,
        code: 'ERR_ASSERTION',
        actual: false,
        expected: true,
        operator: '=='
      },
      valueType: 'string'
    }
  },
  _message: 'Appointment validation failed'
}
(node:551468) [MONGODB DRIVER] Warning: useNewUrlParser is a deprecated option: useNewUrlParser has no effect since Node.js Driver version 4.0.0 and will be removed in the next major version
(Use `node --trace-warnings ...` to show where the warning was created)
(node:551468) [MONGODB DRIVER] Warning: useUnifiedTopology is a deprecated option: useUnifiedTopology has no effect since Node.js Driver version 4.0.0 and will be removed in the next major version
(node:2169100) [MONGODB DRIVER] Warning: useNewUrlParser is a deprecated option: useNewUrlParser has no effect since Node.js Driver version 4.0.0 and will be removed in the next major version
(Use `node --trace-warnings ...` to show where the warning was created)
(node:2169100) [MONGODB DRIVER] Warning: useUnifiedTopology is a deprecated option: useUnifiedTopology has no effect since Node.js Driver version 4.0.0 and will be removed in the next major version
(node:2183100) [MONGODB DRIVER] Warning: useNewUrlParser is a deprecated option: useNewUrlParser has no effect since Node.js Driver version 4.0.0 and will be removed in the next major version
(Use `node --trace-warnings ...` to show where the warning was created)
(node:2183100) [MONGODB DRIVER] Warning: useUnifiedTopology is a deprecated option: useUnifiedTopology has no effect since Node.js Driver version 4.0.0 and will be removed in the next major version
(node:2428708) [MONGODB DRIVER] Warning: useNewUrlParser is a deprecated option: useNewUrlParser has no effect since Node.js Driver version 4.0.0 and will be removed in the next major version
(Use `node --trace-warnings ...` to show where the warning was created)
(node:2428708) [MONGODB DRIVER] Warning: useUnifiedTopology is a deprecated option: useUnifiedTopology has no effect since Node.js Driver version 4.0.0 and will be removed in the next major version
(node:2430709) [MONGODB DRIVER] Warning: useNewUrlParser is a deprecated option: useNewUrlParser has no effect since Node.js Driver version 4.0.0 and will be removed in the next major version
(Use `node --trace-warnings ...` to show where the warning was created)
(node:2430709) [MONGODB DRIVER] Warning: useUnifiedTopology is a deprecated option: useUnifiedTopology has no effect since Node.js Driver version 4.0.0 and will be removed in the next major version
Error: Appointment validation failed: phoneNumber: Cast to Number failed for value "86608 35214" (type string) at path "phoneNumber"
    at ValidationError.inspect (/home/dlongqwm/nodevenv/site/16/lib/node_modules/mongoose/lib/error/validation.js:52:26)
    at formatValue (node:internal/util/inspect:806:19)
    at inspect (node:internal/util/inspect:365:10)
    at formatWithOptionsInternal (node:internal/util/inspect:2292:40)
    at formatWithOptions (node:internal/util/inspect:2154:10)
    at console.value (node:internal/console/constructor:348:14)
    at console.warn (node:internal/console/constructor:381:61)
    at /home/dlongqwm/site/server.js:97:15
    at runMicrotasks (<anonymous>)
    at processTicksAndRejections (node:internal/process/task_queues:96:5) {
  errors: {
    phoneNumber: CastError: Cast to Number failed for value "86608 35214" (type string) at path "phoneNumber"
        at SchemaNumber.cast (/home/dlongqwm/nodevenv/site/16/lib/node_modules/mongoose/lib/schema/number.js:380:11)
        at SchemaNumber.SchemaType.applySetters (/home/dlongqwm/nodevenv/site/16/lib/node_modules/mongoose/lib/schemaType.js:1255:12)
        at model.$set (/home/dlongqwm/nodevenv/site/16/lib/node_modules/mongoose/lib/document.js:1441:22)
        at model.$set (/home/dlongqwm/nodevenv/site/16/lib/node_modules/mongoose/lib/document.js:1137:16)
        at model.Document (/home/dlongqwm/nodevenv/site/16/lib/node_modules/mongoose/lib/document.js:177:12)
        at model.Model (/home/dlongqwm/nodevenv/site/16/lib/node_modules/mongoose/lib/model.js:128:12)
        at new model (/home/dlongqwm/nodevenv/site/16/lib/node_modules/mongoose/lib/model.js:4637:15)
        at /home/dlongqwm/site/server.js:76:27
        at Layer.handle [as handle_request] (/home/dlongqwm/nodevenv/site/16/lib/node_modules/express/lib/router/layer.js:95:5)
        at next (/home/dlongqwm/nodevenv/site/16/lib/node_modules/express/lib/router/route.js:149:13) {
      stringValue: '"86608 35214"',
      messageFormat: undefined,
      kind: 'Number',
      value: '86608 35214',
      path: 'phoneNumber',
      reason: AssertionError [ERR_ASSERTION]: The expression evaluated to a falsy value:
      
        assert.ok(!isNaN(val))
      
          at castNumber (/home/dlongqwm/nodevenv/site/16/lib/node_modules/mongoose/lib/cast/number.js:27:10)
          at SchemaNumber.cast (/home/dlongqwm/nodevenv/site/16/lib/node_modules/mongoose/lib/schema/number.js:378:12)
          at SchemaNumber.SchemaType.applySetters (/home/dlongqwm/nodevenv/site/16/lib/node_modules/mongoose/lib/schemaType.js:1255:12)
          at model.$set (/home/dlongqwm/nodevenv/site/16/lib/node_modules/mongoose/lib/document.js:1441:22)
          at model.$set (/home/dlongqwm/nodevenv/site/16/lib/node_modules/mongoose/lib/document.js:1137:16)
          at model.Document (/home/dlongqwm/nodevenv/site/16/lib/node_modules/mongoose/lib/document.js:177:12)
          at model.Model (/home/dlongqwm/nodevenv/site/16/lib/node_modules/mongoose/lib/model.js:128:12)
          at new model (/home/dlongqwm/nodevenv/site/16/lib/node_modules/mongoose/lib/model.js:4637:15)
          at /home/dlongqwm/site/server.js:76:27
          at Layer.handle [as handle_request] (/home/dlongqwm/nodevenv/site/16/lib/node_modules/express/lib/router/layer.js:95:5) {
        generatedMessage: true,
        code: 'ERR_ASSERTION',
        actual: false,
        expected: true,
        operator: '=='
      },
      valueType: 'string'
    }
  },
  _message: 'Appointment validation failed'
}
Error: Appointment validation failed: phoneNumber: Cast to Number failed for value "95130 11289" (type string) at path "phoneNumber"
    at ValidationError.inspect (/home/dlongqwm/nodevenv/site/16/lib/node_modules/mongoose/lib/error/validation.js:52:26)
    at formatValue (node:internal/util/inspect:806:19)
    at inspect (node:internal/util/inspect:365:10)
    at formatWithOptionsInternal (node:internal/util/inspect:2292:40)
    at formatWithOptions (node:internal/util/inspect:2154:10)
    at console.value (node:internal/console/constructor:348:14)
    at console.warn (node:internal/console/constructor:381:61)
    at /home/dlongqwm/site/server.js:97:15
    at runMicrotasks (<anonymous>)
    at processTicksAndRejections (node:internal/process/task_queues:96:5) {
  errors: {
    phoneNumber: CastError: Cast to Number failed for value "95130 11289" (type string) at path "phoneNumber"
        at SchemaNumber.cast (/home/dlongqwm/nodevenv/site/16/lib/node_modules/mongoose/lib/schema/number.js:380:11)
        at SchemaNumber.SchemaType.applySetters (/home/dlongqwm/nodevenv/site/16/lib/node_modules/mongoose/lib/schemaType.js:1255:12)
        at model.$set (/home/dlongqwm/nodevenv/site/16/lib/node_modules/mongoose/lib/document.js:1441:22)
        at model.$set (/home/dlongqwm/nodevenv/site/16/lib/node_modules/mongoose/lib/document.js:1137:16)
        at model.Document (/home/dlongqwm/nodevenv/site/16/lib/node_modules/mongoose/lib/document.js:177:12)
        at model.Model (/home/dlongqwm/nodevenv/site/16/lib/node_modules/mongoose/lib/model.js:128:12)
        at new model (/home/dlongqwm/nodevenv/site/16/lib/node_modules/mongoose/lib/model.js:4637:15)
        at /home/dlongqwm/site/server.js:76:27
        at Layer.handle [as handle_request] (/home/dlongqwm/nodevenv/site/16/lib/node_modules/express/lib/router/layer.js:95:5)
        at next (/home/dlongqwm/nodevenv/site/16/lib/node_modules/express/lib/router/route.js:149:13) {
      stringValue: '"95130 11289"',
      messageFormat: undefined,
      kind: 'Number',
      value: '95130 11289',
      path: 'phoneNumber',
      reason: AssertionError [ERR_ASSERTION]: The expression evaluated to a falsy value:
      
        assert.ok(!isNaN(val))
      
          at castNumber (/home/dlongqwm/nodevenv/site/16/lib/node_modules/mongoose/lib/cast/number.js:27:10)
          at SchemaNumber.cast (/home/dlongqwm/nodevenv/site/16/lib/node_modules/mongoose/lib/schema/number.js:378:12)
          at SchemaNumber.SchemaType.applySetters (/home/dlongqwm/nodevenv/site/16/lib/node_modules/mongoose/lib/schemaType.js:1255:12)
          at model.$set (/home/dlongqwm/nodevenv/site/16/lib/node_modules/mongoose/lib/document.js:1441:22)
          at model.$set (/home/dlongqwm/nodevenv/site/16/lib/node_modules/mongoose/lib/document.js:1137:16)
          at model.Document (/home/dlongqwm/nodevenv/site/16/lib/node_modules/mongoose/lib/document.js:177:12)
          at model.Model (/home/dlongqwm/nodevenv/site/16/lib/node_modules/mongoose/lib/model.js:128:12)
          at new model (/home/dlongqwm/nodevenv/site/16/lib/node_modules/mongoose/lib/model.js:4637:15)
          at /home/dlongqwm/site/server.js:76:27
          at Layer.handle [as handle_request] (/home/dlongqwm/nodevenv/site/16/lib/node_modules/express/lib/router/layer.js:95:5) {
        generatedMessage: true,
        code: 'ERR_ASSERTION',
        actual: false,
        expected: true,
        operator: '=='
      },
      valueType: 'string'
    }
  },
  _message: 'Appointment validation failed'
}
Error: Appointment validation failed: phoneNumber: Cast to Number failed for value "95130 11289" (type string) at path "phoneNumber"
    at ValidationError.inspect (/home/dlongqwm/nodevenv/site/16/lib/node_modules/mongoose/lib/error/validation.js:52:26)
    at formatValue (node:internal/util/inspect:806:19)
    at inspect (node:internal/util/inspect:365:10)
    at formatWithOptionsInternal (node:internal/util/inspect:2292:40)
    at formatWithOptions (node:internal/util/inspect:2154:10)
    at console.value (node:internal/console/constructor:348:14)
    at console.warn (node:internal/console/constructor:381:61)
    at /home/dlongqwm/site/server.js:97:15
    at runMicrotasks (<anonymous>)
    at processTicksAndRejections (node:internal/process/task_queues:96:5) {
  errors: {
    phoneNumber: CastError: Cast to Number failed for value "95130 11289" (type string) at path "phoneNumber"
        at SchemaNumber.cast (/home/dlongqwm/nodevenv/site/16/lib/node_modules/mongoose/lib/schema/number.js:380:11)
        at SchemaNumber.SchemaType.applySetters (/home/dlongqwm/nodevenv/site/16/lib/node_modules/mongoose/lib/schemaType.js:1255:12)
        at model.$set (/home/dlongqwm/nodevenv/site/16/lib/node_modules/mongoose/lib/document.js:1441:22)
        at model.$set (/home/dlongqwm/nodevenv/site/16/lib/node_modules/mongoose/lib/document.js:1137:16)
        at model.Document (/home/dlongqwm/nodevenv/site/16/lib/node_modules/mongoose/lib/document.js:177:12)
        at model.Model (/home/dlongqwm/nodevenv/site/16/lib/node_modules/mongoose/lib/model.js:128:12)
        at new model (/home/dlongqwm/nodevenv/site/16/lib/node_modules/mongoose/lib/model.js:4637:15)
        at /home/dlongqwm/site/server.js:76:27
        at Layer.handle [as handle_request] (/home/dlongqwm/nodevenv/site/16/lib/node_modules/express/lib/router/layer.js:95:5)
        at next (/home/dlongqwm/nodevenv/site/16/lib/node_modules/express/lib/router/route.js:149:13) {
      stringValue: '"95130 11289"',
      messageFormat: undefined,
      kind: 'Number',
      value: '95130 11289',
      path: 'phoneNumber',
      reason: AssertionError [ERR_ASSERTION]: The expression evaluated to a falsy value:
      
        assert.ok(!isNaN(val))
      
          at castNumber (/home/dlongqwm/nodevenv/site/16/lib/node_modules/mongoose/lib/cast/number.js:27:10)
          at SchemaNumber.cast (/home/dlongqwm/nodevenv/site/16/lib/node_modules/mongoose/lib/schema/number.js:378:12)
          at SchemaNumber.SchemaType.applySetters (/home/dlongqwm/nodevenv/site/16/lib/node_modules/mongoose/lib/schemaType.js:1255:12)
          at model.$set (/home/dlongqwm/nodevenv/site/16/lib/node_modules/mongoose/lib/document.js:1441:22)
          at model.$set (/home/dlongqwm/nodevenv/site/16/lib/node_modules/mongoose/lib/document.js:1137:16)
          at model.Document (/home/dlongqwm/nodevenv/site/16/lib/node_modules/mongoose/lib/document.js:177:12)
          at model.Model (/home/dlongqwm/nodevenv/site/16/lib/node_modules/mongoose/lib/model.js:128:12)
          at new model (/home/dlongqwm/nodevenv/site/16/lib/node_modules/mongoose/lib/model.js:4637:15)
          at /home/dlongqwm/site/server.js:76:27
          at Layer.handle [as handle_request] (/home/dlongqwm/nodevenv/site/16/lib/node_modules/express/lib/router/layer.js:95:5) {
        generatedMessage: true,
        code: 'ERR_ASSERTION',
        actual: false,
        expected: true,
        operator: '=='
      },
      valueType: 'string'
    }
  },
  _message: 'Appointment validation failed'
}
Error: Appointment validation failed: phoneNumber: Cast to Number failed for value "(302) 766-1425" (type string) at path "phoneNumber"
    at ValidationError.inspect (/home/dlongqwm/nodevenv/site/16/lib/node_modules/mongoose/lib/error/validation.js:52:26)
    at formatValue (node:internal/util/inspect:806:19)
    at inspect (node:internal/util/inspect:365:10)
    at formatWithOptionsInternal (node:internal/util/inspect:2292:40)
    at formatWithOptions (node:internal/util/inspect:2154:10)
    at console.value (node:internal/console/constructor:348:14)
    at console.warn (node:internal/console/constructor:381:61)
    at /home/dlongqwm/site/server.js:97:15
    at runMicrotasks (<anonymous>)
    at processTicksAndRejections (node:internal/process/task_queues:96:5) {
  errors: {
    phoneNumber: CastError: Cast to Number failed for value "(302) 766-1425" (type string) at path "phoneNumber"
        at SchemaNumber.cast (/home/dlongqwm/nodevenv/site/16/lib/node_modules/mongoose/lib/schema/number.js:380:11)
        at SchemaNumber.SchemaType.applySetters (/home/dlongqwm/nodevenv/site/16/lib/node_modules/mongoose/lib/schemaType.js:1255:12)
        at model.$set (/home/dlongqwm/nodevenv/site/16/lib/node_modules/mongoose/lib/document.js:1441:22)
        at model.$set (/home/dlongqwm/nodevenv/site/16/lib/node_modules/mongoose/lib/document.js:1137:16)
        at model.Document (/home/dlongqwm/nodevenv/site/16/lib/node_modules/mongoose/lib/document.js:177:12)
        at model.Model (/home/dlongqwm/nodevenv/site/16/lib/node_modules/mongoose/lib/model.js:128:12)
        at new model (/home/dlongqwm/nodevenv/site/16/lib/node_modules/mongoose/lib/model.js:4637:15)
        at /home/dlongqwm/site/server.js:76:27
        at Layer.handle [as handle_request] (/home/dlongqwm/nodevenv/site/16/lib/node_modules/express/lib/router/layer.js:95:5)
        at next (/home/dlongqwm/nodevenv/site/16/lib/node_modules/express/lib/router/route.js:149:13) {
      stringValue: '"(302) 766-1425"',
      messageFormat: undefined,
      kind: 'Number',
      value: '(302) 766-1425',
      path: 'phoneNumber',
      reason: AssertionError [ERR_ASSERTION]: The expression evaluated to a falsy value:
      
        assert.ok(!isNaN(val))
      
          at castNumber (/home/dlongqwm/nodevenv/site/16/lib/node_modules/mongoose/lib/cast/number.js:27:10)
          at SchemaNumber.cast (/home/dlongqwm/nodevenv/site/16/lib/node_modules/mongoose/lib/schema/number.js:378:12)
          at SchemaNumber.SchemaType.applySetters (/home/dlongqwm/nodevenv/site/16/lib/node_modules/mongoose/lib/schemaType.js:1255:12)
          at model.$set (/home/dlongqwm/nodevenv/site/16/lib/node_modules/mongoose/lib/document.js:1441:22)
          at model.$set (/home/dlongqwm/nodevenv/site/16/lib/node_modules/mongoose/lib/document.js:1137:16)
          at model.Document (/home/dlongqwm/nodevenv/site/16/lib/node_modules/mongoose/lib/document.js:177:12)
          at model.Model (/home/dlongqwm/nodevenv/site/16/lib/node_modules/mongoose/lib/model.js:128:12)
          at new model (/home/dlongqwm/nodevenv/site/16/lib/node_modules/mongoose/lib/model.js:4637:15)
          at /home/dlongqwm/site/server.js:76:27
          at Layer.handle [as handle_request] (/home/dlongqwm/nodevenv/site/16/lib/node_modules/express/lib/router/layer.js:95:5) {
        generatedMessage: true,
        code: 'ERR_ASSERTION',
        actual: false,
        expected: true,
        operator: '=='
      },
      valueType: 'string'
    }
  },
  _message: 'Appointment validation failed'
}
Error: Appointment validation failed: phoneNumber: Cast to Number failed for value "90253 27249" (type string) at path "phoneNumber"
    at ValidationError.inspect (/home/dlongqwm/nodevenv/site/16/lib/node_modules/mongoose/lib/error/validation.js:52:26)
    at formatValue (node:internal/util/inspect:806:19)
    at inspect (node:internal/util/inspect:365:10)
    at formatWithOptionsInternal (node:internal/util/inspect:2292:40)
    at formatWithOptions (node:internal/util/inspect:2154:10)
    at console.value (node:internal/console/constructor:348:14)
    at console.warn (node:internal/console/constructor:381:61)
    at /home/dlongqwm/site/server.js:97:15
    at runMicrotasks (<anonymous>)
    at processTicksAndRejections (node:internal/process/task_queues:96:5) {
  errors: {
    phoneNumber: CastError: Cast to Number failed for value "90253 27249" (type string) at path "phoneNumber"
        at SchemaNumber.cast (/home/dlongqwm/nodevenv/site/16/lib/node_modules/mongoose/lib/schema/number.js:380:11)
        at SchemaNumber.SchemaType.applySetters (/home/dlongqwm/nodevenv/site/16/lib/node_modules/mongoose/lib/schemaType.js:1255:12)
        at model.$set (/home/dlongqwm/nodevenv/site/16/lib/node_modules/mongoose/lib/document.js:1441:22)
        at model.$set (/home/dlongqwm/nodevenv/site/16/lib/node_modules/mongoose/lib/document.js:1137:16)
        at model.Document (/home/dlongqwm/nodevenv/site/16/lib/node_modules/mongoose/lib/document.js:177:12)
        at model.Model (/home/dlongqwm/nodevenv/site/16/lib/node_modules/mongoose/lib/model.js:128:12)
        at new model (/home/dlongqwm/nodevenv/site/16/lib/node_modules/mongoose/lib/model.js:4637:15)
        at /home/dlongqwm/site/server.js:76:27
        at Layer.handle [as handle_request] (/home/dlongqwm/nodevenv/site/16/lib/node_modules/express/lib/router/layer.js:95:5)
        at next (/home/dlongqwm/nodevenv/site/16/lib/node_modules/express/lib/router/route.js:149:13) {
      stringValue: '"90253 27249"',
      messageFormat: undefined,
      kind: 'Number',
      value: '90253 27249',
      path: 'phoneNumber',
      reason: AssertionError [ERR_ASSERTION]: The expression evaluated to a falsy value:
      
        assert.ok(!isNaN(val))
      
          at castNumber (/home/dlongqwm/nodevenv/site/16/lib/node_modules/mongoose/lib/cast/number.js:27:10)
          at SchemaNumber.cast (/home/dlongqwm/nodevenv/site/16/lib/node_modules/mongoose/lib/schema/number.js:378:12)
          at SchemaNumber.SchemaType.applySetters (/home/dlongqwm/nodevenv/site/16/lib/node_modules/mongoose/lib/schemaType.js:1255:12)
          at model.$set (/home/dlongqwm/nodevenv/site/16/lib/node_modules/mongoose/lib/document.js:1441:22)
          at model.$set (/home/dlongqwm/nodevenv/site/16/lib/node_modules/mongoose/lib/document.js:1137:16)
          at model.Document (/home/dlongqwm/nodevenv/site/16/lib/node_modules/mongoose/lib/document.js:177:12)
          at model.Model (/home/dlongqwm/nodevenv/site/16/lib/node_modules/mongoose/lib/model.js:128:12)
          at new model (/home/dlongqwm/nodevenv/site/16/lib/node_modules/mongoose/lib/model.js:4637:15)
          at /home/dlongqwm/site/server.js:76:27
          at Layer.handle [as handle_request] (/home/dlongqwm/nodevenv/site/16/lib/node_modules/express/lib/router/layer.js:95:5) {
        generatedMessage: true,
        code: 'ERR_ASSERTION',
        actual: false,
        expected: true,
        operator: '=='
      },
      valueType: 'string'
    }
  },
  _message: 'Appointment validation failed'
}
Error: Appointment validation failed: phoneNumber: Cast to Number failed for value "95130 11289" (type string) at path "phoneNumber"
    at ValidationError.inspect (/home/dlongqwm/nodevenv/site/16/lib/node_modules/mongoose/lib/error/validation.js:52:26)
    at formatValue (node:internal/util/inspect:806:19)
    at inspect (node:internal/util/inspect:365:10)
    at formatWithOptionsInternal (node:internal/util/inspect:2292:40)
    at formatWithOptions (node:internal/util/inspect:2154:10)
    at console.value (node:internal/console/constructor:348:14)
    at console.warn (node:internal/console/constructor:381:61)
    at /home/dlongqwm/site/server.js:97:15
    at runMicrotasks (<anonymous>)
    at processTicksAndRejections (node:internal/process/task_queues:96:5) {
  errors: {
    phoneNumber: CastError: Cast to Number failed for value "95130 11289" (type string) at path "phoneNumber"
        at SchemaNumber.cast (/home/dlongqwm/nodevenv/site/16/lib/node_modules/mongoose/lib/schema/number.js:380:11)
        at SchemaNumber.SchemaType.applySetters (/home/dlongqwm/nodevenv/site/16/lib/node_modules/mongoose/lib/schemaType.js:1255:12)
        at model.$set (/home/dlongqwm/nodevenv/site/16/lib/node_modules/mongoose/lib/document.js:1441:22)
        at model.$set (/home/dlongqwm/nodevenv/site/16/lib/node_modules/mongoose/lib/document.js:1137:16)
        at model.Document (/home/dlongqwm/nodevenv/site/16/lib/node_modules/mongoose/lib/document.js:177:12)
        at model.Model (/home/dlongqwm/nodevenv/site/16/lib/node_modules/mongoose/lib/model.js:128:12)
        at new model (/home/dlongqwm/nodevenv/site/16/lib/node_modules/mongoose/lib/model.js:4637:15)
        at /home/dlongqwm/site/server.js:76:27
        at Layer.handle [as handle_request] (/home/dlongqwm/nodevenv/site/16/lib/node_modules/express/lib/router/layer.js:95:5)
        at next (/home/dlongqwm/nodevenv/site/16/lib/node_modules/express/lib/router/route.js:149:13) {
      stringValue: '"95130 11289"',
      messageFormat: undefined,
      kind: 'Number',
      value: '95130 11289',
      path: 'phoneNumber',
      reason: AssertionError [ERR_ASSERTION]: The expression evaluated to a falsy value:
      
        assert.ok(!isNaN(val))
      
          at castNumber (/home/dlongqwm/nodevenv/site/16/lib/node_modules/mongoose/lib/cast/number.js:27:10)
          at SchemaNumber.cast (/home/dlongqwm/nodevenv/site/16/lib/node_modules/mongoose/lib/schema/number.js:378:12)
          at SchemaNumber.SchemaType.applySetters (/home/dlongqwm/nodevenv/site/16/lib/node_modules/mongoose/lib/schemaType.js:1255:12)
          at model.$set (/home/dlongqwm/nodevenv/site/16/lib/node_modules/mongoose/lib/document.js:1441:22)
          at model.$set (/home/dlongqwm/nodevenv/site/16/lib/node_modules/mongoose/lib/document.js:1137:16)
          at model.Document (/home/dlongqwm/nodevenv/site/16/lib/node_modules/mongoose/lib/document.js:177:12)
          at model.Model (/home/dlongqwm/nodevenv/site/16/lib/node_modules/mongoose/lib/model.js:128:12)
          at new model (/home/dlongqwm/nodevenv/site/16/lib/node_modules/mongoose/lib/model.js:4637:15)
          at /home/dlongqwm/site/server.js:76:27
          at Layer.handle [as handle_request] (/home/dlongqwm/nodevenv/site/16/lib/node_modules/express/lib/router/layer.js:95:5) {
        generatedMessage: true,
        code: 'ERR_ASSERTION',
        actual: false,
        expected: true,
        operator: '=='
      },
      valueType: 'string'
    }
  },
  _message: 'Appointment validation failed'
}
Error: Appointment validation failed: phoneNumber: Cast to Number failed for value "95130 11289" (type string) at path "phoneNumber"
    at ValidationError.inspect (/home/dlongqwm/nodevenv/site/16/lib/node_modules/mongoose/lib/error/validation.js:52:26)
    at formatValue (node:internal/util/inspect:806:19)
    at inspect (node:internal/util/inspect:365:10)
    at formatWithOptionsInternal (node:internal/util/inspect:2292:40)
    at formatWithOptions (node:internal/util/inspect:2154:10)
    at console.value (node:internal/console/constructor:348:14)
    at console.warn (node:internal/console/constructor:381:61)
    at /home/dlongqwm/site/server.js:97:15
    at runMicrotasks (<anonymous>)
    at processTicksAndRejections (node:internal/process/task_queues:96:5) {
  errors: {
    phoneNumber: CastError: Cast to Number failed for value "95130 11289" (type string) at path "phoneNumber"
        at SchemaNumber.cast (/home/dlongqwm/nodevenv/site/16/lib/node_modules/mongoose/lib/schema/number.js:380:11)
        at SchemaNumber.SchemaType.applySetters (/home/dlongqwm/nodevenv/site/16/lib/node_modules/mongoose/lib/schemaType.js:1255:12)
        at model.$set (/home/dlongqwm/nodevenv/site/16/lib/node_modules/mongoose/lib/document.js:1441:22)
        at model.$set (/home/dlongqwm/nodevenv/site/16/lib/node_modules/mongoose/lib/document.js:1137:16)
        at model.Document (/home/dlongqwm/nodevenv/site/16/lib/node_modules/mongoose/lib/document.js:177:12)
        at model.Model (/home/dlongqwm/nodevenv/site/16/lib/node_modules/mongoose/lib/model.js:128:12)
        at new model (/home/dlongqwm/nodevenv/site/16/lib/node_modules/mongoose/lib/model.js:4637:15)
        at /home/dlongqwm/site/server.js:76:27
        at Layer.handle [as handle_request] (/home/dlongqwm/nodevenv/site/16/lib/node_modules/express/lib/router/layer.js:95:5)
        at next (/home/dlongqwm/nodevenv/site/16/lib/node_modules/express/lib/router/route.js:149:13) {
      stringValue: '"95130 11289"',
      messageFormat: undefined,
      kind: 'Number',
      value: '95130 11289',
      path: 'phoneNumber',
      reason: AssertionError [ERR_ASSERTION]: The expression evaluated to a falsy value:
      
        assert.ok(!isNaN(val))
      
          at castNumber (/home/dlongqwm/nodevenv/site/16/lib/node_modules/mongoose/lib/cast/number.js:27:10)
          at SchemaNumber.cast (/home/dlongqwm/nodevenv/site/16/lib/node_modules/mongoose/lib/schema/number.js:378:12)
          at SchemaNumber.SchemaType.applySetters (/home/dlongqwm/nodevenv/site/16/lib/node_modules/mongoose/lib/schemaType.js:1255:12)
          at model.$set (/home/dlongqwm/nodevenv/site/16/lib/node_modules/mongoose/lib/document.js:1441:22)
          at model.$set (/home/dlongqwm/nodevenv/site/16/lib/node_modules/mongoose/lib/document.js:1137:16)
          at model.Document (/home/dlongqwm/nodevenv/site/16/lib/node_modules/mongoose/lib/document.js:177:12)
          at model.Model (/home/dlongqwm/nodevenv/site/16/lib/node_modules/mongoose/lib/model.js:128:12)
          at new model (/home/dlongqwm/nodevenv/site/16/lib/node_modules/mongoose/lib/model.js:4637:15)
          at /home/dlongqwm/site/server.js:76:27
          at Layer.handle [as handle_request] (/home/dlongqwm/nodevenv/site/16/lib/node_modules/express/lib/router/layer.js:95:5) {
        generatedMessage: true,
        code: 'ERR_ASSERTION',
        actual: false,
        expected: true,
        operator: '=='
      },
      valueType: 'string'
    }
  },
  _message: 'Appointment validation failed'
}
(node:39054) [MONGODB DRIVER] Warning: useNewUrlParser is a deprecated option: useNewUrlParser has no effect since Node.js Driver version 4.0.0 and will be removed in the next major version
(Use `node --trace-warnings ...` to show where the warning was created)
(node:39054) [MONGODB DRIVER] Warning: useUnifiedTopology is a deprecated option: useUnifiedTopology has no effect since Node.js Driver version 4.0.0 and will be removed in the next major version
(node:387447) [MONGODB DRIVER] Warning: useNewUrlParser is a deprecated option: useNewUrlParser has no effect since Node.js Driver version 4.0.0 and will be removed in the next major version
(Use `node --trace-warnings ...` to show where the warning was created)
(node:387447) [MONGODB DRIVER] Warning: useUnifiedTopology is a deprecated option: useUnifiedTopology has no effect since Node.js Driver version 4.0.0 and will be removed in the next major version
(node:1678799) [MONGODB DRIVER] Warning: useNewUrlParser is a deprecated option: useNewUrlParser has no effect since Node.js Driver version 4.0.0 and will be removed in the next major version
(Use `node --trace-warnings ...` to show where the warning was created)
(node:1678799) [MONGODB DRIVER] Warning: useUnifiedTopology is a deprecated option: useUnifiedTopology has no effect since Node.js Driver version 4.0.0 and will be removed in the next major version
Error: Appointment validation failed: phoneNumber: Cast to Number failed for value "0320 1100850" (type string) at path "phoneNumber"
    at ValidationError.inspect (/home/dlongqwm/nodevenv/site/16/lib/node_modules/mongoose/lib/error/validation.js:52:26)
    at formatValue (node:internal/util/inspect:806:19)
    at inspect (node:internal/util/inspect:365:10)
    at formatWithOptionsInternal (node:internal/util/inspect:2292:40)
    at formatWithOptions (node:internal/util/inspect:2154:10)
    at console.value (node:internal/console/constructor:348:14)
    at console.warn (node:internal/console/constructor:381:61)
    at /home/dlongqwm/site/server.js:97:15
    at runMicrotasks (<anonymous>)
    at processTicksAndRejections (node:internal/process/task_queues:96:5) {
  errors: {
    phoneNumber: CastError: Cast to Number failed for value "0320 1100850" (type string) at path "phoneNumber"
        at SchemaNumber.cast (/home/dlongqwm/nodevenv/site/16/lib/node_modules/mongoose/lib/schema/number.js:380:11)
        at SchemaNumber.SchemaType.applySetters (/home/dlongqwm/nodevenv/site/16/lib/node_modules/mongoose/lib/schemaType.js:1255:12)
        at model.$set (/home/dlongqwm/nodevenv/site/16/lib/node_modules/mongoose/lib/document.js:1441:22)
        at model.$set (/home/dlongqwm/nodevenv/site/16/lib/node_modules/mongoose/lib/document.js:1137:16)
        at model.Document (/home/dlongqwm/nodevenv/site/16/lib/node_modules/mongoose/lib/document.js:177:12)
        at model.Model (/home/dlongqwm/nodevenv/site/16/lib/node_modules/mongoose/lib/model.js:128:12)
        at new model (/home/dlongqwm/nodevenv/site/16/lib/node_modules/mongoose/lib/model.js:4637:15)
        at /home/dlongqwm/site/server.js:76:27
        at Layer.handle [as handle_request] (/home/dlongqwm/nodevenv/site/16/lib/node_modules/express/lib/router/layer.js:95:5)
        at next (/home/dlongqwm/nodevenv/site/16/lib/node_modules/express/lib/router/route.js:149:13) {
      stringValue: '"0320 1100850"',
      messageFormat: undefined,
      kind: 'Number',
      value: '0320 1100850',
      path: 'phoneNumber',
      reason: AssertionError [ERR_ASSERTION]: The expression evaluated to a falsy value:
      
        assert.ok(!isNaN(val))
      
          at castNumber (/home/dlongqwm/nodevenv/site/16/lib/node_modules/mongoose/lib/cast/number.js:27:10)
          at SchemaNumber.cast (/home/dlongqwm/nodevenv/site/16/lib/node_modules/mongoose/lib/schema/number.js:378:12)
          at SchemaNumber.SchemaType.applySetters (/home/dlongqwm/nodevenv/site/16/lib/node_modules/mongoose/lib/schemaType.js:1255:12)
          at model.$set (/home/dlongqwm/nodevenv/site/16/lib/node_modules/mongoose/lib/document.js:1441:22)
          at model.$set (/home/dlongqwm/nodevenv/site/16/lib/node_modules/mongoose/lib/document.js:1137:16)
          at model.Document (/home/dlongqwm/nodevenv/site/16/lib/node_modules/mongoose/lib/document.js:177:12)
          at model.Model (/home/dlongqwm/nodevenv/site/16/lib/node_modules/mongoose/lib/model.js:128:12)
          at new model (/home/dlongqwm/nodevenv/site/16/lib/node_modules/mongoose/lib/model.js:4637:15)
          at /home/dlongqwm/site/server.js:76:27
          at Layer.handle [as handle_request] (/home/dlongqwm/nodevenv/site/16/lib/node_modules/express/lib/router/layer.js:95:5) {
        generatedMessage: true,
        code: 'ERR_ASSERTION',
        actual: false,
        expected: true,
        operator: '=='
      },
      valueType: 'string'
    }
  },
  _message: 'Appointment validation failed'
}
Error: Appointment validation failed: phoneNumber: Cast to Number failed for value "90146 63905 " (type string) at path "phoneNumber"
    at ValidationError.inspect (/home/dlongqwm/nodevenv/site/16/lib/node_modules/mongoose/lib/error/validation.js:52:26)
    at formatValue (node:internal/util/inspect:806:19)
    at inspect (node:internal/util/inspect:365:10)
    at formatWithOptionsInternal (node:internal/util/inspect:2292:40)
    at formatWithOptions (node:internal/util/inspect:2154:10)
    at console.value (node:internal/console/constructor:348:14)
    at console.warn (node:internal/console/constructor:381:61)
    at /home/dlongqwm/site/server.js:97:15
    at runMicrotasks (<anonymous>)
    at processTicksAndRejections (node:internal/process/task_queues:96:5) {
  errors: {
    phoneNumber: CastError: Cast to Number failed for value "90146 63905 " (type string) at path "phoneNumber"
        at SchemaNumber.cast (/home/dlongqwm/nodevenv/site/16/lib/node_modules/mongoose/lib/schema/number.js:380:11)
        at SchemaNumber.SchemaType.applySetters (/home/dlongqwm/nodevenv/site/16/lib/node_modules/mongoose/lib/schemaType.js:1255:12)
        at model.$set (/home/dlongqwm/nodevenv/site/16/lib/node_modules/mongoose/lib/document.js:1441:22)
        at model.$set (/home/dlongqwm/nodevenv/site/16/lib/node_modules/mongoose/lib/document.js:1137:16)
        at model.Document (/home/dlongqwm/nodevenv/site/16/lib/node_modules/mongoose/lib/document.js:177:12)
        at model.Model (/home/dlongqwm/nodevenv/site/16/lib/node_modules/mongoose/lib/model.js:128:12)
        at new model (/home/dlongqwm/nodevenv/site/16/lib/node_modules/mongoose/lib/model.js:4637:15)
        at /home/dlongqwm/site/server.js:76:27
        at Layer.handle [as handle_request] (/home/dlongqwm/nodevenv/site/16/lib/node_modules/express/lib/router/layer.js:95:5)
        at next (/home/dlongqwm/nodevenv/site/16/lib/node_modules/express/lib/router/route.js:149:13) {
      stringValue: '"90146 63905 "',
      messageFormat: undefined,
      kind: 'Number',
      value: '90146 63905 ',
      path: 'phoneNumber',
      reason: AssertionError [ERR_ASSERTION]: The expression evaluated to a falsy value:
      
        assert.ok(!isNaN(val))
      
          at castNumber (/home/dlongqwm/nodevenv/site/16/lib/node_modules/mongoose/lib/cast/number.js:27:10)
          at SchemaNumber.cast (/home/dlongqwm/nodevenv/site/16/lib/node_modules/mongoose/lib/schema/number.js:378:12)
          at SchemaNumber.SchemaType.applySetters (/home/dlongqwm/nodevenv/site/16/lib/node_modules/mongoose/lib/schemaType.js:1255:12)
          at model.$set (/home/dlongqwm/nodevenv/site/16/lib/node_modules/mongoose/lib/document.js:1441:22)
          at model.$set (/home/dlongqwm/nodevenv/site/16/lib/node_modules/mongoose/lib/document.js:1137:16)
          at model.Document (/home/dlongqwm/nodevenv/site/16/lib/node_modules/mongoose/lib/document.js:177:12)
          at model.Model (/home/dlongqwm/nodevenv/site/16/lib/node_modules/mongoose/lib/model.js:128:12)
          at new model (/home/dlongqwm/nodevenv/site/16/lib/node_modules/mongoose/lib/model.js:4637:15)
          at /home/dlongqwm/site/server.js:76:27
          at Layer.handle [as handle_request] (/home/dlongqwm/nodevenv/site/16/lib/node_modules/express/lib/router/layer.js:95:5) {
        generatedMessage: true,
        code: 'ERR_ASSERTION',
        actual: false,
        expected: true,
        operator: '=='
      },
      valueType: 'string'
    }
  },
  _message: 'Appointment validation failed'
}
Error: Appointment validation failed: phoneNumber: Cast to Number failed for value "90146 63905 " (type string) at path "phoneNumber"
    at ValidationError.inspect (/home/dlongqwm/nodevenv/site/16/lib/node_modules/mongoose/lib/error/validation.js:52:26)
    at formatValue (node:internal/util/inspect:806:19)
    at inspect (node:internal/util/inspect:365:10)
    at formatWithOptionsInternal (node:internal/util/inspect:2292:40)
    at formatWithOptions (node:internal/util/inspect:2154:10)
    at console.value (node:internal/console/constructor:348:14)
    at console.warn (node:internal/console/constructor:381:61)
    at /home/dlongqwm/site/server.js:97:15
    at runMicrotasks (<anonymous>)
    at processTicksAndRejections (node:internal/process/task_queues:96:5) {
  errors: {
    phoneNumber: CastError: Cast to Number failed for value "90146 63905 " (type string) at path "phoneNumber"
        at SchemaNumber.cast (/home/dlongqwm/nodevenv/site/16/lib/node_modules/mongoose/lib/schema/number.js:380:11)
        at SchemaNumber.SchemaType.applySetters (/home/dlongqwm/nodevenv/site/16/lib/node_modules/mongoose/lib/schemaType.js:1255:12)
        at model.$set (/home/dlongqwm/nodevenv/site/16/lib/node_modules/mongoose/lib/document.js:1441:22)
        at model.$set (/home/dlongqwm/nodevenv/site/16/lib/node_modules/mongoose/lib/document.js:1137:16)
        at model.Document (/home/dlongqwm/nodevenv/site/16/lib/node_modules/mongoose/lib/document.js:177:12)
        at model.Model (/home/dlongqwm/nodevenv/site/16/lib/node_modules/mongoose/lib/model.js:128:12)
        at new model (/home/dlongqwm/nodevenv/site/16/lib/node_modules/mongoose/lib/model.js:4637:15)
        at /home/dlongqwm/site/server.js:76:27
        at Layer.handle [as handle_request] (/home/dlongqwm/nodevenv/site/16/lib/node_modules/express/lib/router/layer.js:95:5)
        at next (/home/dlongqwm/nodevenv/site/16/lib/node_modules/express/lib/router/route.js:149:13) {
      stringValue: '"90146 63905 "',
      messageFormat: undefined,
      kind: 'Number',
      value: '90146 63905 ',
      path: 'phoneNumber',
      reason: AssertionError [ERR_ASSERTION]: The expression evaluated to a falsy value:
      
        assert.ok(!isNaN(val))
      
          at castNumber (/home/dlongqwm/nodevenv/site/16/lib/node_modules/mongoose/lib/cast/number.js:27:10)
          at SchemaNumber.cast (/home/dlongqwm/nodevenv/site/16/lib/node_modules/mongoose/lib/schema/number.js:378:12)
          at SchemaNumber.SchemaType.applySetters (/home/dlongqwm/nodevenv/site/16/lib/node_modules/mongoose/lib/schemaType.js:1255:12)
          at model.$set (/home/dlongqwm/nodevenv/site/16/lib/node_modules/mongoose/lib/document.js:1441:22)
          at model.$set (/home/dlongqwm/nodevenv/site/16/lib/node_modules/mongoose/lib/document.js:1137:16)
          at model.Document (/home/dlongqwm/nodevenv/site/16/lib/node_modules/mongoose/lib/document.js:177:12)
          at model.Model (/home/dlongqwm/nodevenv/site/16/lib/node_modules/mongoose/lib/model.js:128:12)
          at new model (/home/dlongqwm/nodevenv/site/16/lib/node_modules/mongoose/lib/model.js:4637:15)
          at /home/dlongqwm/site/server.js:76:27
          at Layer.handle [as handle_request] (/home/dlongqwm/nodevenv/site/16/lib/node_modules/express/lib/router/layer.js:95:5) {
        generatedMessage: true,
        code: 'ERR_ASSERTION',
        actual: false,
        expected: true,
        operator: '=='
      },
      valueType: 'string'
    }
  },
  _message: 'Appointment validation failed'
}
Error: Appointment validation failed: phoneNumber: Cast to Number failed for value "+91 88 6724 4654" (type string) at path "phoneNumber"
    at ValidationError.inspect (/home/dlongqwm/nodevenv/site/16/lib/node_modules/mongoose/lib/error/validation.js:52:26)
    at formatValue (node:internal/util/inspect:806:19)
    at inspect (node:internal/util/inspect:365:10)
    at formatWithOptionsInternal (node:internal/util/inspect:2292:40)
    at formatWithOptions (node:internal/util/inspect:2154:10)
    at console.value (node:internal/console/constructor:348:14)
    at console.warn (node:internal/console/constructor:381:61)
    at /home/dlongqwm/site/server.js:97:15
    at runMicrotasks (<anonymous>)
    at processTicksAndRejections (node:internal/process/task_queues:96:5) {
  errors: {
    phoneNumber: CastError: Cast to Number failed for value "+91 88 6724 4654" (type string) at path "phoneNumber"
        at SchemaNumber.cast (/home/dlongqwm/nodevenv/site/16/lib/node_modules/mongoose/lib/schema/number.js:380:11)
        at SchemaNumber.SchemaType.applySetters (/home/dlongqwm/nodevenv/site/16/lib/node_modules/mongoose/lib/schemaType.js:1255:12)
        at model.$set (/home/dlongqwm/nodevenv/site/16/lib/node_modules/mongoose/lib/document.js:1441:22)
        at model.$set (/home/dlongqwm/nodevenv/site/16/lib/node_modules/mongoose/lib/document.js:1137:16)
        at model.Document (/home/dlongqwm/nodevenv/site/16/lib/node_modules/mongoose/lib/document.js:177:12)
        at model.Model (/home/dlongqwm/nodevenv/site/16/lib/node_modules/mongoose/lib/model.js:128:12)
        at new model (/home/dlongqwm/nodevenv/site/16/lib/node_modules/mongoose/lib/model.js:4637:15)
        at /home/dlongqwm/site/server.js:76:27
        at Layer.handle [as handle_request] (/home/dlongqwm/nodevenv/site/16/lib/node_modules/express/lib/router/layer.js:95:5)
        at next (/home/dlongqwm/nodevenv/site/16/lib/node_modules/express/lib/router/route.js:149:13) {
      stringValue: '"+91 88 6724 4654"',
      messageFormat: undefined,
      kind: 'Number',
      value: '+91 88 6724 4654',
      path: 'phoneNumber',
      reason: AssertionError [ERR_ASSERTION]: The expression evaluated to a falsy value:
      
        assert.ok(!isNaN(val))
      
          at castNumber (/home/dlongqwm/nodevenv/site/16/lib/node_modules/mongoose/lib/cast/number.js:27:10)
          at SchemaNumber.cast (/home/dlongqwm/nodevenv/site/16/lib/node_modules/mongoose/lib/schema/number.js:378:12)
          at SchemaNumber.SchemaType.applySetters (/home/dlongqwm/nodevenv/site/16/lib/node_modules/mongoose/lib/schemaType.js:1255:12)
          at model.$set (/home/dlongqwm/nodevenv/site/16/lib/node_modules/mongoose/lib/document.js:1441:22)
          at model.$set (/home/dlongqwm/nodevenv/site/16/lib/node_modules/mongoose/lib/document.js:1137:16)
          at model.Document (/home/dlongqwm/nodevenv/site/16/lib/node_modules/mongoose/lib/document.js:177:12)
          at model.Model (/home/dlongqwm/nodevenv/site/16/lib/node_modules/mongoose/lib/model.js:128:12)
          at new model (/home/dlongqwm/nodevenv/site/16/lib/node_modules/mongoose/lib/model.js:4637:15)
          at /home/dlongqwm/site/server.js:76:27
          at Layer.handle [as handle_request] (/home/dlongqwm/nodevenv/site/16/lib/node_modules/express/lib/router/layer.js:95:5) {
        generatedMessage: true,
        code: 'ERR_ASSERTION',
        actual: false,
        expected: true,
        operator: '=='
      },
      valueType: 'string'
    }
  },
  _message: 'Appointment validation failed'
}
Error: Appointment validation failed: phoneNumber: Cast to Number failed for value "+91 88 6724 4654" (type string) at path "phoneNumber"
    at ValidationError.inspect (/home/dlongqwm/nodevenv/site/16/lib/node_modules/mongoose/lib/error/validation.js:52:26)
    at formatValue (node:internal/util/inspect:806:19)
    at inspect (node:internal/util/inspect:365:10)
    at formatWithOptionsInternal (node:internal/util/inspect:2292:40)
    at formatWithOptions (node:internal/util/inspect:2154:10)
    at console.value (node:internal/console/constructor:348:14)
    at console.warn (node:internal/console/constructor:381:61)
    at /home/dlongqwm/site/server.js:97:15
    at runMicrotasks (<anonymous>)
    at processTicksAndRejections (node:internal/process/task_queues:96:5) {
  errors: {
    phoneNumber: CastError: Cast to Number failed for value "+91 88 6724 4654" (type string) at path "phoneNumber"
        at SchemaNumber.cast (/home/dlongqwm/nodevenv/site/16/lib/node_modules/mongoose/lib/schema/number.js:380:11)
        at SchemaNumber.SchemaType.applySetters (/home/dlongqwm/nodevenv/site/16/lib/node_modules/mongoose/lib/schemaType.js:1255:12)
        at model.$set (/home/dlongqwm/nodevenv/site/16/lib/node_modules/mongoose/lib/document.js:1441:22)
        at model.$set (/home/dlongqwm/nodevenv/site/16/lib/node_modules/mongoose/lib/document.js:1137:16)
        at model.Document (/home/dlongqwm/nodevenv/site/16/lib/node_modules/mongoose/lib/document.js:177:12)
        at model.Model (/home/dlongqwm/nodevenv/site/16/lib/node_modules/mongoose/lib/model.js:128:12)
        at new model (/home/dlongqwm/nodevenv/site/16/lib/node_modules/mongoose/lib/model.js:4637:15)
        at /home/dlongqwm/site/server.js:76:27
        at Layer.handle [as handle_request] (/home/dlongqwm/nodevenv/site/16/lib/node_modules/express/lib/router/layer.js:95:5)
        at next (/home/dlongqwm/nodevenv/site/16/lib/node_modules/express/lib/router/route.js:149:13) {
      stringValue: '"+91 88 6724 4654"',
      messageFormat: undefined,
      kind: 'Number',
      value: '+91 88 6724 4654',
      path: 'phoneNumber',
      reason: AssertionError [ERR_ASSERTION]: The expression evaluated to a falsy value:
      
        assert.ok(!isNaN(val))
      
          at castNumber (/home/dlongqwm/nodevenv/site/16/lib/node_modules/mongoose/lib/cast/number.js:27:10)
          at SchemaNumber.cast (/home/dlongqwm/nodevenv/site/16/lib/node_modules/mongoose/lib/schema/number.js:378:12)
          at SchemaNumber.SchemaType.applySetters (/home/dlongqwm/nodevenv/site/16/lib/node_modules/mongoose/lib/schemaType.js:1255:12)
          at model.$set (/home/dlongqwm/nodevenv/site/16/lib/node_modules/mongoose/lib/document.js:1441:22)
          at model.$set (/home/dlongqwm/nodevenv/site/16/lib/node_modules/mongoose/lib/document.js:1137:16)
          at model.Document (/home/dlongqwm/nodevenv/site/16/lib/node_modules/mongoose/lib/document.js:177:12)
          at model.Model (/home/dlongqwm/nodevenv/site/16/lib/node_modules/mongoose/lib/model.js:128:12)
          at new model (/home/dlongqwm/nodevenv/site/16/lib/node_modules/mongoose/lib/model.js:4637:15)
          at /home/dlongqwm/site/server.js:76:27
          at Layer.handle [as handle_request] (/home/dlongqwm/nodevenv/site/16/lib/node_modules/express/lib/router/layer.js:95:5) {
        generatedMessage: true,
        code: 'ERR_ASSERTION',
        actual: false,
        expected: true,
        operator: '=='
      },
      valueType: 'string'
    }
  },
  _message: 'Appointment validation failed'
}
(node:36903) [MONGODB DRIVER] Warning: useNewUrlParser is a deprecated option: useNewUrlParser has no effect since Node.js Driver version 4.0.0 and will be removed in the next major version
(Use `node --trace-warnings ...` to show where the warning was created)
(node:36903) [MONGODB DRIVER] Warning: useUnifiedTopology is a deprecated option: useUnifiedTopology has no effect since Node.js Driver version 4.0.0 and will be removed in the next major version
Error connecting to MongoDB: MongooseServerSelectionError: Could not connect to any servers in your MongoDB Atlas cluster. One common reason is that you're trying to access the database from an IP that isn't whitelisted. Make sure your current IP address is on your Atlas cluster's IP whitelist: https://www.mongodb.com/docs/atlas/security-whitelist/
    at _handleConnectionErrors (/home/dlongqwm/nodevenv/site/16/lib/node_modules/mongoose/lib/connection.js:1089:11)
    at NativeConnection.openUri (/home/dlongqwm/nodevenv/site/16/lib/node_modules/mongoose/lib/connection.js:1040:11) {
  reason: TopologyDescription {
    type: 'ReplicaSetNoPrimary',
    servers: Map(3) {
      'ac-5fiicoe-shard-00-00.qkrprta.mongodb.net:27017' => [ServerDescription],
      'ac-5fiicoe-shard-00-01.qkrprta.mongodb.net:27017' => [ServerDescription],
      'ac-5fiicoe-shard-00-02.qkrprta.mongodb.net:27017' => [ServerDescription]
    },
    stale: false,
    compatible: true,
    heartbeatFrequencyMS: 10000,
    localThresholdMS: 15,
    setName: 'atlas-q8hcx9-shard-0',
    maxElectionId: null,
    maxSetVersion: null,
    commonWireVersion: 0,
    logicalSessionTimeoutMinutes: null
  },
  code: undefined
}
(node:187422) [MONGODB DRIVER] Warning: useNewUrlParser is a deprecated option: useNewUrlParser has no effect since Node.js Driver version 4.0.0 and will be removed in the next major version
(Use `node --trace-warnings ...` to show where the warning was created)
(node:187422) [MONGODB DRIVER] Warning: useUnifiedTopology is a deprecated option: useUnifiedTopology has no effect since Node.js Driver version 4.0.0 and will be removed in the next major version
(node:187507) [MONGODB DRIVER] Warning: useNewUrlParser is a deprecated option: useNewUrlParser has no effect since Node.js Driver version 4.0.0 and will be removed in the next major version
(Use `node --trace-warnings ...` to show where the warning was created)
(node:187507) [MONGODB DRIVER] Warning: useUnifiedTopology is a deprecated option: useUnifiedTopology has no effect since Node.js Driver version 4.0.0 and will be removed in the next major version
Error submitting contact form: Error: Client network socket disconnected before secure TLS connection was established
    at connResetException (node:internal/errors:705:14)
    at TLSSocket.onConnectEnd (node:_tls_wrap:1594:19)
    at TLSSocket.emit (node:events:525:35)
    at endReadableNT (node:internal/streams/readable:1358:12)
    at processTicksAndRejections (node:internal/process/task_queues:83:21) {
  code: 'ESOCKET',
  path: undefined,
  host: '103.191.208.225',
  port: 465,
  localAddress: undefined,
  command: 'CONN'
}
Error submitting contact form: Error: Client network socket disconnected before secure TLS connection was established
    at connResetException (node:internal/errors:705:14)
    at TLSSocket.onConnectEnd (node:_tls_wrap:1594:19)
    at TLSSocket.emit (node:events:525:35)
    at endReadableNT (node:internal/streams/readable:1358:12)
    at processTicksAndRejections (node:internal/process/task_queues:83:21) {
  code: 'ESOCKET',
  path: undefined,
  host: '103.191.208.225',
  port: 465,
  localAddress: undefined,
  command: 'CONN'
}
(node:2731767) [MONGODB DRIVER] Warning: useNewUrlParser is a deprecated option: useNewUrlParser has no effect since Node.js Driver version 4.0.0 and will be removed in the next major version
(Use `node --trace-warnings ...` to show where the warning was created)
(node:2731767) [MONGODB DRIVER] Warning: useUnifiedTopology is a deprecated option: useUnifiedTopology has no effect since Node.js Driver version 4.0.0 and will be removed in the next major version
(node:2752922) [MONGODB DRIVER] Warning: useNewUrlParser is a deprecated option: useNewUrlParser has no effect since Node.js Driver version 4.0.0 and will be removed in the next major version
(Use `node --trace-warnings ...` to show where the warning was created)
(node:2752922) [MONGODB DRIVER] Warning: useUnifiedTopology is a deprecated option: useUnifiedTopology has no effect since Node.js Driver version 4.0.0 and will be removed in the next major version
(node:3002359) [MONGODB DRIVER] Warning: useNewUrlParser is a deprecated option: useNewUrlParser has no effect since Node.js Driver version 4.0.0 and will be removed in the next major version
(Use `node --trace-warnings ...` to show where the warning was created)
(node:3002359) [MONGODB DRIVER] Warning: useUnifiedTopology is a deprecated option: useUnifiedTopology has no effect since Node.js Driver version 4.0.0 and will be removed in the next major version
(node:3016892) [MONGODB DRIVER] Warning: useNewUrlParser is a deprecated option: useNewUrlParser has no effect since Node.js Driver version 4.0.0 and will be removed in the next major version
(Use `node --trace-warnings ...` to show where the warning was created)
(node:3016892) [MONGODB DRIVER] Warning: useUnifiedTopology is a deprecated option: useUnifiedTopology has no effect since Node.js Driver version 4.0.0 and will be removed in the next major version
(node:3037970) [MONGODB DRIVER] Warning: useNewUrlParser is a deprecated option: useNewUrlParser has no effect since Node.js Driver version 4.0.0 and will be removed in the next major version
(Use `node --trace-warnings ...` to show where the warning was created)
(node:3037970) [MONGODB DRIVER] Warning: useUnifiedTopology is a deprecated option: useUnifiedTopology has no effect since Node.js Driver version 4.0.0 and will be removed in the next major version
(node:3709044) [MONGODB DRIVER] Warning: useNewUrlParser is a deprecated option: useNewUrlParser has no effect since Node.js Driver version 4.0.0 and will be removed in the next major version
(Use `node --trace-warnings ...` to show where the warning was created)
(node:3709044) [MONGODB DRIVER] Warning: useUnifiedTopology is a deprecated option: useUnifiedTopology has no effect since Node.js Driver version 4.0.0 and will be removed in the next major version
(node:3805706) [MONGODB DRIVER] Warning: useNewUrlParser is a deprecated option: useNewUrlParser has no effect since Node.js Driver version 4.0.0 and will be removed in the next major version
(Use `node --trace-warnings ...` to show where the warning was created)
(node:3805706) [MONGODB DRIVER] Warning: useUnifiedTopology is a deprecated option: useUnifiedTopology has no effect since Node.js Driver version 4.0.0 and will be removed in the next major version
(node:3896607) [MONGODB DRIVER] Warning: useNewUrlParser is a deprecated option: useNewUrlParser has no effect since Node.js Driver version 4.0.0 and will be removed in the next major version
(Use `node --trace-warnings ...` to show where the warning was created)
(node:3896607) [MONGODB DRIVER] Warning: useUnifiedTopology is a deprecated option: useUnifiedTopology has no effect since Node.js Driver version 4.0.0 and will be removed in the next major version
(node:3982797) [MONGODB DRIVER] Warning: useNewUrlParser is a deprecated option: useNewUrlParser has no effect since Node.js Driver version 4.0.0 and will be removed in the next major version
(Use `node --trace-warnings ...` to show where the warning was created)
(node:3982797) [MONGODB DRIVER] Warning: useUnifiedTopology is a deprecated option: useUnifiedTopology has no effect since Node.js Driver version 4.0.0 and will be removed in the next major version
(node:45087) [MONGODB DRIVER] Warning: useNewUrlParser is a deprecated option: useNewUrlParser has no effect since Node.js Driver version 4.0.0 and will be removed in the next major version
(Use `node --trace-warnings ...` to show where the warning was created)
(node:45087) [MONGODB DRIVER] Warning: useUnifiedTopology is a deprecated option: useUnifiedTopology has no effect since Node.js Driver version 4.0.0 and will be removed in the next major version
(node:2786788) [MONGODB DRIVER] Warning: useNewUrlParser is a deprecated option: useNewUrlParser has no effect since Node.js Driver version 4.0.0 and will be removed in the next major version
(Use `node --trace-warnings ...` to show where the warning was created)
(node:2786788) [MONGODB DRIVER] Warning: useUnifiedTopology is a deprecated option: useUnifiedTopology has no effect since Node.js Driver version 4.0.0 and will be removed in the next major version
(node:2406818) [MONGODB DRIVER] Warning: useNewUrlParser is a deprecated option: useNewUrlParser has no effect since Node.js Driver version 4.0.0 and will be removed in the next major version
(Use `node --trace-warnings ...` to show where the warning was created)
(node:2406818) [MONGODB DRIVER] Warning: useUnifiedTopology is a deprecated option: useUnifiedTopology has no effect since Node.js Driver version 4.0.0 and will be removed in the next major version
(node:2829290) [MONGODB DRIVER] Warning: useNewUrlParser is a deprecated option: useNewUrlParser has no effect since Node.js Driver version 4.0.0 and will be removed in the next major version
(Use `node --trace-warnings ...` to show where the warning was created)
(node:2829290) [MONGODB DRIVER] Warning: useUnifiedTopology is a deprecated option: useUnifiedTopology has no effect since Node.js Driver version 4.0.0 and will be removed in the next major version
(node:2234176) [MONGODB DRIVER] Warning: useNewUrlParser is a deprecated option: useNewUrlParser has no effect since Node.js Driver version 4.0.0 and will be removed in the next major version
(Use `node --trace-warnings ...` to show where the warning was created)
(node:2234176) [MONGODB DRIVER] Warning: useUnifiedTopology is a deprecated option: useUnifiedTopology has no effect since Node.js Driver version 4.0.0 and will be removed in the next major version
(node:2677773) [MONGODB DRIVER] Warning: useNewUrlParser is a deprecated option: useNewUrlParser has no effect since Node.js Driver version 4.0.0 and will be removed in the next major version
(Use `node --trace-warnings ...` to show where the warning was created)
(node:2677773) [MONGODB DRIVER] Warning: useUnifiedTopology is a deprecated option: useUnifiedTopology has no effect since Node.js Driver version 4.0.0 and will be removed in the next major version
(node:813932) [MONGODB DRIVER] Warning: useNewUrlParser is a deprecated option: useNewUrlParser has no effect since Node.js Driver version 4.0.0 and will be removed in the next major version
(Use `node --trace-warnings ...` to show where the warning was created)
(node:813932) [MONGODB DRIVER] Warning: useUnifiedTopology is a deprecated option: useUnifiedTopology has no effect since Node.js Driver version 4.0.0 and will be removed in the next major version
(node:1077348) [MONGODB DRIVER] Warning: useNewUrlParser is a deprecated option: useNewUrlParser has no effect since Node.js Driver version 4.0.0 and will be removed in the next major version
(Use `node --trace-warnings ...` to show where the warning was created)
(node:1077348) [MONGODB DRIVER] Warning: useUnifiedTopology is a deprecated option: useUnifiedTopology has no effect since Node.js Driver version 4.0.0 and will be removed in the next major version
Error: Appointment validation failed: phoneNumber: Cast to Number failed for value "+91 82206 55994" (type string) at path "phoneNumber"
    at ValidationError.inspect (/home/dlongqwm/nodevenv/site/16/lib/node_modules/mongoose/lib/error/validation.js:52:26)
    at formatValue (node:internal/util/inspect:806:19)
    at inspect (node:internal/util/inspect:365:10)
    at formatWithOptionsInternal (node:internal/util/inspect:2292:40)
    at formatWithOptions (node:internal/util/inspect:2154:10)
    at console.value (node:internal/console/constructor:348:14)
    at console.warn (node:internal/console/constructor:381:61)
    at /home/dlongqwm/site/server.js:97:15
    at runMicrotasks (<anonymous>)
    at processTicksAndRejections (node:internal/process/task_queues:96:5) {
  errors: {
    phoneNumber: CastError: Cast to Number failed for value "+91 82206 55994" (type string) at path "phoneNumber"
        at SchemaNumber.cast (/home/dlongqwm/nodevenv/site/16/lib/node_modules/mongoose/lib/schema/number.js:380:11)
        at SchemaNumber.SchemaType.applySetters (/home/dlongqwm/nodevenv/site/16/lib/node_modules/mongoose/lib/schemaType.js:1255:12)
        at model.$set (/home/dlongqwm/nodevenv/site/16/lib/node_modules/mongoose/lib/document.js:1441:22)
        at model.$set (/home/dlongqwm/nodevenv/site/16/lib/node_modules/mongoose/lib/document.js:1137:16)
        at model.Document (/home/dlongqwm/nodevenv/site/16/lib/node_modules/mongoose/lib/document.js:177:12)
        at model.Model (/home/dlongqwm/nodevenv/site/16/lib/node_modules/mongoose/lib/model.js:128:12)
        at new model (/home/dlongqwm/nodevenv/site/16/lib/node_modules/mongoose/lib/model.js:4637:15)
        at /home/dlongqwm/site/server.js:76:27
        at Layer.handle [as handle_request] (/home/dlongqwm/nodevenv/site/16/lib/node_modules/express/lib/router/layer.js:95:5)
        at next (/home/dlongqwm/nodevenv/site/16/lib/node_modules/express/lib/router/route.js:149:13) {
      stringValue: '"+91 82206 55994"',
      messageFormat: undefined,
      kind: 'Number',
      value: '+91 82206 55994',
      path: 'phoneNumber',
      reason: AssertionError [ERR_ASSERTION]: The expression evaluated to a falsy value:
      
        assert.ok(!isNaN(val))
      
          at castNumber (/home/dlongqwm/nodevenv/site/16/lib/node_modules/mongoose/lib/cast/number.js:27:10)
          at SchemaNumber.cast (/home/dlongqwm/nodevenv/site/16/lib/node_modules/mongoose/lib/schema/number.js:378:12)
          at SchemaNumber.SchemaType.applySetters (/home/dlongqwm/nodevenv/site/16/lib/node_modules/mongoose/lib/schemaType.js:1255:12)
          at model.$set (/home/dlongqwm/nodevenv/site/16/lib/node_modules/mongoose/lib/document.js:1441:22)
          at model.$set (/home/dlongqwm/nodevenv/site/16/lib/node_modules/mongoose/lib/document.js:1137:16)
          at model.Document (/home/dlongqwm/nodevenv/site/16/lib/node_modules/mongoose/lib/document.js:177:12)
          at model.Model (/home/dlongqwm/nodevenv/site/16/lib/node_modules/mongoose/lib/model.js:128:12)
          at new model (/home/dlongqwm/nodevenv/site/16/lib/node_modules/mongoose/lib/model.js:4637:15)
          at /home/dlongqwm/site/server.js:76:27
          at Layer.handle [as handle_request] (/home/dlongqwm/nodevenv/site/16/lib/node_modules/express/lib/router/layer.js:95:5) {
        generatedMessage: true,
        code: 'ERR_ASSERTION',
        actual: false,
        expected: true,
        operator: '=='
      },
      valueType: 'string'
    }
  },
  _message: 'Appointment validation failed'
}
(node:1082921) [MONGODB DRIVER] Warning: useNewUrlParser is a deprecated option: useNewUrlParser has no effect since Node.js Driver version 4.0.0 and will be removed in the next major version
(Use `node --trace-warnings ...` to show where the warning was created)
(node:1082921) [MONGODB DRIVER] Warning: useUnifiedTopology is a deprecated option: useUnifiedTopology has no effect since Node.js Driver version 4.0.0 and will be removed in the next major version
(node:1082850) [MONGODB DRIVER] Warning: useNewUrlParser is a deprecated option: useNewUrlParser has no effect since Node.js Driver version 4.0.0 and will be removed in the next major version
(Use `node --trace-warnings ...` to show where the warning was created)
(node:1082850) [MONGODB DRIVER] Warning: useUnifiedTopology is a deprecated option: useUnifiedTopology has no effect since Node.js Driver version 4.0.0 and will be removed in the next major version
(node:1962279) [MONGODB DRIVER] Warning: useNewUrlParser is a deprecated option: useNewUrlParser has no effect since Node.js Driver version 4.0.0 and will be removed in the next major version
(Use `node --trace-warnings ...` to show where the warning was created)
(node:1962279) [MONGODB DRIVER] Warning: useUnifiedTopology is a deprecated option: useUnifiedTopology has no effect since Node.js Driver version 4.0.0 and will be removed in the next major version
(node:1556943) [MONGODB DRIVER] Warning: useNewUrlParser is a deprecated option: useNewUrlParser has no effect since Node.js Driver version 4.0.0 and will be removed in the next major version
(Use `node --trace-warnings ...` to show where the warning was created)
(node:1556943) [MONGODB DRIVER] Warning: useUnifiedTopology is a deprecated option: useUnifiedTopology has no effect since Node.js Driver version 4.0.0 and will be removed in the next major version
(node:2025784) [MONGODB DRIVER] Warning: useNewUrlParser is a deprecated option: useNewUrlParser has no effect since Node.js Driver version 4.0.0 and will be removed in the next major version
(Use `node --trace-warnings ...` to show where the warning was created)
(node:2025784) [MONGODB DRIVER] Warning: useUnifiedTopology is a deprecated option: useUnifiedTopology has no effect since Node.js Driver version 4.0.0 and will be removed in the next major version
(node:3458464) [MONGODB DRIVER] Warning: useNewUrlParser is a deprecated option: useNewUrlParser has no effect since Node.js Driver version 4.0.0 and will be removed in the next major version
(Use `node --trace-warnings ...` to show where the warning was created)
(node:3458464) [MONGODB DRIVER] Warning: useUnifiedTopology is a deprecated option: useUnifiedTopology has no effect since Node.js Driver version 4.0.0 and will be removed in the next major version
(node:3468972) [MONGODB DRIVER] Warning: useNewUrlParser is a deprecated option: useNewUrlParser has no effect since Node.js Driver version 4.0.0 and will be removed in the next major version
(Use `node --trace-warnings ...` to show where the warning was created)
(node:3468972) [MONGODB DRIVER] Warning: useUnifiedTopology is a deprecated option: useUnifiedTopology has no effect since Node.js Driver version 4.0.0 and will be removed in the next major version
(node:2865116) [MONGODB DRIVER] Warning: useNewUrlParser is a deprecated option: useNewUrlParser has no effect since Node.js Driver version 4.0.0 and will be removed in the next major version
(Use `node --trace-warnings ...` to show where the warning was created)
(node:2865116) [MONGODB DRIVER] Warning: useUnifiedTopology is a deprecated option: useUnifiedTopology has no effect since Node.js Driver version 4.0.0 and will be removed in the next major version
(node:2867980) [MONGODB DRIVER] Warning: useNewUrlParser is a deprecated option: useNewUrlParser has no effect since Node.js Driver version 4.0.0 and will be removed in the next major version
(Use `node --trace-warnings ...` to show where the warning was created)
(node:2867980) [MONGODB DRIVER] Warning: useUnifiedTopology is a deprecated option: useUnifiedTopology has no effect since Node.js Driver version 4.0.0 and will be removed in the next major version
(node:578602) [MONGODB DRIVER] Warning: useNewUrlParser is a deprecated option: useNewUrlParser has no effect since Node.js Driver version 4.0.0 and will be removed in the next major version
(Use `node --trace-warnings ...` to show where the warning was created)
(node:578602) [MONGODB DRIVER] Warning: useUnifiedTopology is a deprecated option: useUnifiedTopology has no effect since Node.js Driver version 4.0.0 and will be removed in the next major version
Error: /home/dlongqwm/site/pages/index.ejs:238
    236|     <footer>
    237|       <!-- Include the footer -->
 >> 238|       <%- include('../components/footer') %>
    239|     </footer>
    240|   </body>
    241| </html>

Could not find the include file "../components/footer"
    at getIncludePath (/home/dlongqwm/nodevenv/site/16/lib/node_modules/ejs/lib/ejs.js:185:13)
    at includeFile (/home/dlongqwm/nodevenv/site/16/lib/node_modules/ejs/lib/ejs.js:311:19)
    at include (/home/dlongqwm/nodevenv/site/16/lib/node_modules/ejs/lib/ejs.js:701:16)
    at eval ("/home/dlongqwm/site/pages/index.ejs":12:17)
    at index (/home/dlongqwm/nodevenv/site/16/lib/node_modules/ejs/lib/ejs.js:703:17)
    at tryHandleCache (/home/dlongqwm/nodevenv/site/16/lib/node_modules/ejs/lib/ejs.js:274:36)
    at View.exports.renderFile [as engine] (/home/dlongqwm/nodevenv/site/16/lib/node_modules/ejs/lib/ejs.js:491:10)
    at View.render (/home/dlongqwm/nodevenv/site/16/lib/node_modules/express/lib/view.js:135:8)
    at tryRender (/home/dlongqwm/nodevenv/site/16/lib/node_modules/express/lib/application.js:657:10)
    at Function.render (/home/dlongqwm/nodevenv/site/16/lib/node_modules/express/lib/application.js:609:3)
Error: /home/dlongqwm/site/pages/index.ejs:238
    236|     <footer>
    237|       <!-- Include the footer -->
 >> 238|       <%- include('../components/footer') %>
    239|     </footer>
    240|   </body>
    241| </html>

Could not find the include file "../components/footer"
    at getIncludePath (/home/dlongqwm/nodevenv/site/16/lib/node_modules/ejs/lib/ejs.js:185:13)
    at includeFile (/home/dlongqwm/nodevenv/site/16/lib/node_modules/ejs/lib/ejs.js:311:19)
    at include (/home/dlongqwm/nodevenv/site/16/lib/node_modules/ejs/lib/ejs.js:701:16)
    at eval ("/home/dlongqwm/site/pages/index.ejs":12:17)
    at index (/home/dlongqwm/nodevenv/site/16/lib/node_modules/ejs/lib/ejs.js:703:17)
    at tryHandleCache (/home/dlongqwm/nodevenv/site/16/lib/node_modules/ejs/lib/ejs.js:274:36)
    at View.exports.renderFile [as engine] (/home/dlongqwm/nodevenv/site/16/lib/node_modules/ejs/lib/ejs.js:491:10)
    at View.render (/home/dlongqwm/nodevenv/site/16/lib/node_modules/express/lib/view.js:135:8)
    at tryRender (/home/dlongqwm/nodevenv/site/16/lib/node_modules/express/lib/application.js:657:10)
    at Function.render (/home/dlongqwm/nodevenv/site/16/lib/node_modules/express/lib/application.js:609:3)
(node:580163) [MONGODB DRIVER] Warning: useNewUrlParser is a deprecated option: useNewUrlParser has no effect since Node.js Driver version 4.0.0 and will be removed in the next major version
(Use `node --trace-warnings ...` to show where the warning was created)
(node:580163) [MONGODB DRIVER] Warning: useUnifiedTopology is a deprecated option: useUnifiedTopology has no effect since Node.js Driver version 4.0.0 and will be removed in the next major version
Error: /home/dlongqwm/site/pages/index.ejs:238
    236|     <footer>
    237|       <!-- Include the footer -->
 >> 238|       <%- include('../components/footer') %>
    239|     </footer>
    240|   </body>
    241| </html>

Could not find the include file "../components/footer"
    at getIncludePath (/home/dlongqwm/nodevenv/site/16/lib/node_modules/ejs/lib/ejs.js:185:13)
    at includeFile (/home/dlongqwm/nodevenv/site/16/lib/node_modules/ejs/lib/ejs.js:311:19)
    at include (/home/dlongqwm/nodevenv/site/16/lib/node_modules/ejs/lib/ejs.js:701:16)
    at eval ("/home/dlongqwm/site/pages/index.ejs":12:17)
    at index (/home/dlongqwm/nodevenv/site/16/lib/node_modules/ejs/lib/ejs.js:703:17)
    at tryHandleCache (/home/dlongqwm/nodevenv/site/16/lib/node_modules/ejs/lib/ejs.js:274:36)
    at View.exports.renderFile [as engine] (/home/dlongqwm/nodevenv/site/16/lib/node_modules/ejs/lib/ejs.js:491:10)
    at View.render (/home/dlongqwm/nodevenv/site/16/lib/node_modules/express/lib/view.js:135:8)
    at tryRender (/home/dlongqwm/nodevenv/site/16/lib/node_modules/express/lib/application.js:657:10)
    at Function.render (/home/dlongqwm/nodevenv/site/16/lib/node_modules/express/lib/application.js:609:3)
(node:581066) [MONGODB DRIVER] Warning: useNewUrlParser is a deprecated option: useNewUrlParser has no effect since Node.js Driver version 4.0.0 and will be removed in the next major version
(Use `node --trace-warnings ...` to show where the warning was created)
(node:581066) [MONGODB DRIVER] Warning: useUnifiedTopology is a deprecated option: useUnifiedTopology has no effect since Node.js Driver version 4.0.0 and will be removed in the next major version
Error: /home/dlongqwm/site/pages/index.ejs:238
    236|     <footer>
    237|       <!-- Include the footer -->
 >> 238|       <%- include('../components/footer') %>
    239|     </footer>
    240|   </body>
    241| </html>

Could not find the include file "../components/footer"
    at getIncludePath (/home/dlongqwm/nodevenv/site/16/lib/node_modules/ejs/lib/ejs.js:185:13)
    at includeFile (/home/dlongqwm/nodevenv/site/16/lib/node_modules/ejs/lib/ejs.js:311:19)
    at include (/home/dlongqwm/nodevenv/site/16/lib/node_modules/ejs/lib/ejs.js:701:16)
    at eval ("/home/dlongqwm/site/pages/index.ejs":12:17)
    at index (/home/dlongqwm/nodevenv/site/16/lib/node_modules/ejs/lib/ejs.js:703:17)
    at tryHandleCache (/home/dlongqwm/nodevenv/site/16/lib/node_modules/ejs/lib/ejs.js:274:36)
    at View.exports.renderFile [as engine] (/home/dlongqwm/nodevenv/site/16/lib/node_modules/ejs/lib/ejs.js:491:10)
    at View.render (/home/dlongqwm/nodevenv/site/16/lib/node_modules/express/lib/view.js:135:8)
    at tryRender (/home/dlongqwm/nodevenv/site/16/lib/node_modules/express/lib/application.js:657:10)
    at Function.render (/home/dlongqwm/nodevenv/site/16/lib/node_modules/express/lib/application.js:609:3)
Error: /home/dlongqwm/site/pages/index.ejs:238
    236|     <footer>
    237|       <!-- Include the footer -->
 >> 238|       <%- include('../components/footer') %>
    239|     </footer>
    240|   </body>
    241| </html>

Could not find the include file "../components/footer"
    at getIncludePath (/home/dlongqwm/nodevenv/site/16/lib/node_modules/ejs/lib/ejs.js:185:13)
    at includeFile (/home/dlongqwm/nodevenv/site/16/lib/node_modules/ejs/lib/ejs.js:311:19)
    at include (/home/dlongqwm/nodevenv/site/16/lib/node_modules/ejs/lib/ejs.js:701:16)
    at eval ("/home/dlongqwm/site/pages/index.ejs":12:17)
    at index (/home/dlongqwm/nodevenv/site/16/lib/node_modules/ejs/lib/ejs.js:703:17)
    at tryHandleCache (/home/dlongqwm/nodevenv/site/16/lib/node_modules/ejs/lib/ejs.js:274:36)
    at View.exports.renderFile [as engine] (/home/dlongqwm/nodevenv/site/16/lib/node_modules/ejs/lib/ejs.js:491:10)
    at View.render (/home/dlongqwm/nodevenv/site/16/lib/node_modules/express/lib/view.js:135:8)
    at tryRender (/home/dlongqwm/nodevenv/site/16/lib/node_modules/express/lib/application.js:657:10)
    at Function.render (/home/dlongqwm/nodevenv/site/16/lib/node_modules/express/lib/application.js:609:3)
Error: /home/dlongqwm/site/pages/index.ejs:238
    236|     <footer>
    237|       <!-- Include the footer -->
 >> 238|       <%- include('../components/footer') %>
    239|     </footer>
    240|   </body>
    241| </html>

Could not find the include file "../components/footer"
    at getIncludePath (/home/dlongqwm/nodevenv/site/16/lib/node_modules/ejs/lib/ejs.js:185:13)
    at includeFile (/home/dlongqwm/nodevenv/site/16/lib/node_modules/ejs/lib/ejs.js:311:19)
    at include (/home/dlongqwm/nodevenv/site/16/lib/node_modules/ejs/lib/ejs.js:701:16)
    at eval ("/home/dlongqwm/site/pages/index.ejs":12:17)
    at index (/home/dlongqwm/nodevenv/site/16/lib/node_modules/ejs/lib/ejs.js:703:17)
    at tryHandleCache (/home/dlongqwm/nodevenv/site/16/lib/node_modules/ejs/lib/ejs.js:274:36)
    at View.exports.renderFile [as engine] (/home/dlongqwm/nodevenv/site/16/lib/node_modules/ejs/lib/ejs.js:491:10)
    at View.render (/home/dlongqwm/nodevenv/site/16/lib/node_modules/express/lib/view.js:135:8)
    at tryRender (/home/dlongqwm/nodevenv/site/16/lib/node_modules/express/lib/application.js:657:10)
    at Function.render (/home/dlongqwm/nodevenv/site/16/lib/node_modules/express/lib/application.js:609:3)
(node:1265503) [MONGODB DRIVER] Warning: useNewUrlParser is a deprecated option: useNewUrlParser has no effect since Node.js Driver version 4.0.0 and will be removed in the next major version
(Use `node --trace-warnings ...` to show where the warning was created)
(node:1265503) [MONGODB DRIVER] Warning: useUnifiedTopology is a deprecated option: useUnifiedTopology has no effect since Node.js Driver version 4.0.0 and will be removed in the next major version
(node:1582770) [MONGODB DRIVER] Warning: useNewUrlParser is a deprecated option: useNewUrlParser has no effect since Node.js Driver version 4.0.0 and will be removed in the next major version
(Use `node --trace-warnings ...` to show where the warning was created)
(node:1582770) [MONGODB DRIVER] Warning: useUnifiedTopology is a deprecated option: useUnifiedTopology has no effect since Node.js Driver version 4.0.0 and will be removed in the next major version
(node:1842195) [MONGODB DRIVER] Warning: useNewUrlParser is a deprecated option: useNewUrlParser has no effect since Node.js Driver version 4.0.0 and will be removed in the next major version
(Use `node --trace-warnings ...` to show where the warning was created)
(node:1842195) [MONGODB DRIVER] Warning: useUnifiedTopology is a deprecated option: useUnifiedTopology has no effect since Node.js Driver version 4.0.0 and will be removed in the next major version
(node:2778903) [MONGODB DRIVER] Warning: useNewUrlParser is a deprecated option: useNewUrlParser has no effect since Node.js Driver version 4.0.0 and will be removed in the next major version
(Use `node --trace-warnings ...` to show where the warning was created)
(node:2778903) [MONGODB DRIVER] Warning: useUnifiedTopology is a deprecated option: useUnifiedTopology has no effect since Node.js Driver version 4.0.0 and will be removed in the next major version
(node:425282) [MONGODB DRIVER] Warning: useNewUrlParser is a deprecated option: useNewUrlParser has no effect since Node.js Driver version 4.0.0 and will be removed in the next major version
(Use `node --trace-warnings ...` to show where the warning was created)
(node:425282) [MONGODB DRIVER] Warning: useUnifiedTopology is a deprecated option: useUnifiedTopology has no effect since Node.js Driver version 4.0.0 and will be removed in the next major version
(node:1005733) [MONGODB DRIVER] Warning: useNewUrlParser is a deprecated option: useNewUrlParser has no effect since Node.js Driver version 4.0.0 and will be removed in the next major version
(Use `node --trace-warnings ...` to show where the warning was created)
(node:1005733) [MONGODB DRIVER] Warning: useUnifiedTopology is a deprecated option: useUnifiedTopology has no effect since Node.js Driver version 4.0.0 and will be removed in the next major version
Error: Appointment validation failed: phoneNumber: Cast to Number failed for value "81368 53868" (type string) at path "phoneNumber"
    at ValidationError.inspect (/home/dlongqwm/nodevenv/site/16/lib/node_modules/mongoose/lib/error/validation.js:52:26)
    at formatValue (node:internal/util/inspect:806:19)
    at inspect (node:internal/util/inspect:365:10)
    at formatWithOptionsInternal (node:internal/util/inspect:2292:40)
    at formatWithOptions (node:internal/util/inspect:2154:10)
    at console.value (node:internal/console/constructor:348:14)
    at console.warn (node:internal/console/constructor:381:61)
    at /home/dlongqwm/site/server.js:97:15
    at runMicrotasks (<anonymous>)
    at processTicksAndRejections (node:internal/process/task_queues:96:5) {
  errors: {
    phoneNumber: CastError: Cast to Number failed for value "81368 53868" (type string) at path "phoneNumber"
        at SchemaNumber.cast (/home/dlongqwm/nodevenv/site/16/lib/node_modules/mongoose/lib/schema/number.js:380:11)
        at SchemaNumber.SchemaType.applySetters (/home/dlongqwm/nodevenv/site/16/lib/node_modules/mongoose/lib/schemaType.js:1255:12)
        at model.$set (/home/dlongqwm/nodevenv/site/16/lib/node_modules/mongoose/lib/document.js:1441:22)
        at model.$set (/home/dlongqwm/nodevenv/site/16/lib/node_modules/mongoose/lib/document.js:1137:16)
        at model.Document (/home/dlongqwm/nodevenv/site/16/lib/node_modules/mongoose/lib/document.js:177:12)
        at model.Model (/home/dlongqwm/nodevenv/site/16/lib/node_modules/mongoose/lib/model.js:128:12)
        at new model (/home/dlongqwm/nodevenv/site/16/lib/node_modules/mongoose/lib/model.js:4637:15)
        at /home/dlongqwm/site/server.js:76:27
        at Layer.handle [as handle_request] (/home/dlongqwm/nodevenv/site/16/lib/node_modules/express/lib/router/layer.js:95:5)
        at next (/home/dlongqwm/nodevenv/site/16/lib/node_modules/express/lib/router/route.js:149:13) {
      stringValue: '"81368 53868"',
      messageFormat: undefined,
      kind: 'Number',
      value: '81368 53868',
      path: 'phoneNumber',
      reason: AssertionError [ERR_ASSERTION]: The expression evaluated to a falsy value:
      
        assert.ok(!isNaN(val))
      
          at castNumber (/home/dlongqwm/nodevenv/site/16/lib/node_modules/mongoose/lib/cast/number.js:27:10)
          at SchemaNumber.cast (/home/dlongqwm/nodevenv/site/16/lib/node_modules/mongoose/lib/schema/number.js:378:12)
          at SchemaNumber.SchemaType.applySetters (/home/dlongqwm/nodevenv/site/16/lib/node_modules/mongoose/lib/schemaType.js:1255:12)
          at model.$set (/home/dlongqwm/nodevenv/site/16/lib/node_modules/mongoose/lib/document.js:1441:22)
          at model.$set (/home/dlongqwm/nodevenv/site/16/lib/node_modules/mongoose/lib/document.js:1137:16)
          at model.Document (/home/dlongqwm/nodevenv/site/16/lib/node_modules/mongoose/lib/document.js:177:12)
          at model.Model (/home/dlongqwm/nodevenv/site/16/lib/node_modules/mongoose/lib/model.js:128:12)
          at new model (/home/dlongqwm/nodevenv/site/16/lib/node_modules/mongoose/lib/model.js:4637:15)
          at /home/dlongqwm/site/server.js:76:27
          at Layer.handle [as handle_request] (/home/dlongqwm/nodevenv/site/16/lib/node_modules/express/lib/router/layer.js:95:5) {
        generatedMessage: true,
        code: 'ERR_ASSERTION',
        actual: false,
        expected: true,
        operator: '=='
      },
      valueType: 'string'
    }
  },
  _message: 'Appointment validation failed'
}
Error: Appointment validation failed: phoneNumber: Cast to Number failed for value "81368 53868" (type string) at path "phoneNumber"
    at ValidationError.inspect (/home/dlongqwm/nodevenv/site/16/lib/node_modules/mongoose/lib/error/validation.js:52:26)
    at formatValue (node:internal/util/inspect:806:19)
    at inspect (node:internal/util/inspect:365:10)
    at formatWithOptionsInternal (node:internal/util/inspect:2292:40)
    at formatWithOptions (node:internal/util/inspect:2154:10)
    at console.value (node:internal/console/constructor:348:14)
    at console.warn (node:internal/console/constructor:381:61)
    at /home/dlongqwm/site/server.js:97:15
    at runMicrotasks (<anonymous>)
    at processTicksAndRejections (node:internal/process/task_queues:96:5) {
  errors: {
    phoneNumber: CastError: Cast to Number failed for value "81368 53868" (type string) at path "phoneNumber"
        at SchemaNumber.cast (/home/dlongqwm/nodevenv/site/16/lib/node_modules/mongoose/lib/schema/number.js:380:11)
        at SchemaNumber.SchemaType.applySetters (/home/dlongqwm/nodevenv/site/16/lib/node_modules/mongoose/lib/schemaType.js:1255:12)
        at model.$set (/home/dlongqwm/nodevenv/site/16/lib/node_modules/mongoose/lib/document.js:1441:22)
        at model.$set (/home/dlongqwm/nodevenv/site/16/lib/node_modules/mongoose/lib/document.js:1137:16)
        at model.Document (/home/dlongqwm/nodevenv/site/16/lib/node_modules/mongoose/lib/document.js:177:12)
        at model.Model (/home/dlongqwm/nodevenv/site/16/lib/node_modules/mongoose/lib/model.js:128:12)
        at new model (/home/dlongqwm/nodevenv/site/16/lib/node_modules/mongoose/lib/model.js:4637:15)
        at /home/dlongqwm/site/server.js:76:27
        at Layer.handle [as handle_request] (/home/dlongqwm/nodevenv/site/16/lib/node_modules/express/lib/router/layer.js:95:5)
        at next (/home/dlongqwm/nodevenv/site/16/lib/node_modules/express/lib/router/route.js:149:13) {
      stringValue: '"81368 53868"',
      messageFormat: undefined,
      kind: 'Number',
      value: '81368 53868',
      path: 'phoneNumber',
      reason: AssertionError [ERR_ASSERTION]: The expression evaluated to a falsy value:
      
        assert.ok(!isNaN(val))
      
          at castNumber (/home/dlongqwm/nodevenv/site/16/lib/node_modules/mongoose/lib/cast/number.js:27:10)
          at SchemaNumber.cast (/home/dlongqwm/nodevenv/site/16/lib/node_modules/mongoose/lib/schema/number.js:378:12)
          at SchemaNumber.SchemaType.applySetters (/home/dlongqwm/nodevenv/site/16/lib/node_modules/mongoose/lib/schemaType.js:1255:12)
          at model.$set (/home/dlongqwm/nodevenv/site/16/lib/node_modules/mongoose/lib/document.js:1441:22)
          at model.$set (/home/dlongqwm/nodevenv/site/16/lib/node_modules/mongoose/lib/document.js:1137:16)
          at model.Document (/home/dlongqwm/nodevenv/site/16/lib/node_modules/mongoose/lib/document.js:177:12)
          at model.Model (/home/dlongqwm/nodevenv/site/16/lib/node_modules/mongoose/lib/model.js:128:12)
          at new model (/home/dlongqwm/nodevenv/site/16/lib/node_modules/mongoose/lib/model.js:4637:15)
          at /home/dlongqwm/site/server.js:76:27
          at Layer.handle [as handle_request] (/home/dlongqwm/nodevenv/site/16/lib/node_modules/express/lib/router/layer.js:95:5) {
        generatedMessage: true,
        code: 'ERR_ASSERTION',
        actual: false,
        expected: true,
        operator: '=='
      },
      valueType: 'string'
    }
  },
  _message: 'Appointment validation failed'
}
Error: Appointment validation failed: phoneNumber: Cast to Number failed for value "81368 53868" (type string) at path "phoneNumber"
    at ValidationError.inspect (/home/dlongqwm/nodevenv/site/16/lib/node_modules/mongoose/lib/error/validation.js:52:26)
    at formatValue (node:internal/util/inspect:806:19)
    at inspect (node:internal/util/inspect:365:10)
    at formatWithOptionsInternal (node:internal/util/inspect:2292:40)
    at formatWithOptions (node:internal/util/inspect:2154:10)
    at console.value (node:internal/console/constructor:348:14)
    at console.warn (node:internal/console/constructor:381:61)
    at /home/dlongqwm/site/server.js:97:15
    at runMicrotasks (<anonymous>)
    at processTicksAndRejections (node:internal/process/task_queues:96:5) {
  errors: {
    phoneNumber: CastError: Cast to Number failed for value "81368 53868" (type string) at path "phoneNumber"
        at SchemaNumber.cast (/home/dlongqwm/nodevenv/site/16/lib/node_modules/mongoose/lib/schema/number.js:380:11)
        at SchemaNumber.SchemaType.applySetters (/home/dlongqwm/nodevenv/site/16/lib/node_modules/mongoose/lib/schemaType.js:1255:12)
        at model.$set (/home/dlongqwm/nodevenv/site/16/lib/node_modules/mongoose/lib/document.js:1441:22)
        at model.$set (/home/dlongqwm/nodevenv/site/16/lib/node_modules/mongoose/lib/document.js:1137:16)
        at model.Document (/home/dlongqwm/nodevenv/site/16/lib/node_modules/mongoose/lib/document.js:177:12)
        at model.Model (/home/dlongqwm/nodevenv/site/16/lib/node_modules/mongoose/lib/model.js:128:12)
        at new model (/home/dlongqwm/nodevenv/site/16/lib/node_modules/mongoose/lib/model.js:4637:15)
        at /home/dlongqwm/site/server.js:76:27
        at Layer.handle [as handle_request] (/home/dlongqwm/nodevenv/site/16/lib/node_modules/express/lib/router/layer.js:95:5)
        at next (/home/dlongqwm/nodevenv/site/16/lib/node_modules/express/lib/router/route.js:149:13) {
      stringValue: '"81368 53868"',
      messageFormat: undefined,
      kind: 'Number',
      value: '81368 53868',
      path: 'phoneNumber',
      reason: AssertionError [ERR_ASSERTION]: The expression evaluated to a falsy value:
      
        assert.ok(!isNaN(val))
      
          at castNumber (/home/dlongqwm/nodevenv/site/16/lib/node_modules/mongoose/lib/cast/number.js:27:10)
          at SchemaNumber.cast (/home/dlongqwm/nodevenv/site/16/lib/node_modules/mongoose/lib/schema/number.js:378:12)
          at SchemaNumber.SchemaType.applySetters (/home/dlongqwm/nodevenv/site/16/lib/node_modules/mongoose/lib/schemaType.js:1255:12)
          at model.$set (/home/dlongqwm/nodevenv/site/16/lib/node_modules/mongoose/lib/document.js:1441:22)
          at model.$set (/home/dlongqwm/nodevenv/site/16/lib/node_modules/mongoose/lib/document.js:1137:16)
          at model.Document (/home/dlongqwm/nodevenv/site/16/lib/node_modules/mongoose/lib/document.js:177:12)
          at model.Model (/home/dlongqwm/nodevenv/site/16/lib/node_modules/mongoose/lib/model.js:128:12)
          at new model (/home/dlongqwm/nodevenv/site/16/lib/node_modules/mongoose/lib/model.js:4637:15)
          at /home/dlongqwm/site/server.js:76:27
          at Layer.handle [as handle_request] (/home/dlongqwm/nodevenv/site/16/lib/node_modules/express/lib/router/layer.js:95:5) {
        generatedMessage: true,
        code: 'ERR_ASSERTION',
        actual: false,
        expected: true,
        operator: '=='
      },
      valueType: 'string'
    }
  },
  _message: 'Appointment validation failed'
}
(node:252241) [MONGODB DRIVER] Warning: useNewUrlParser is a deprecated option: useNewUrlParser has no effect since Node.js Driver version 4.0.0 and will be removed in the next major version
(Use `node --trace-warnings ...` to show where the warning was created)
(node:252241) [MONGODB DRIVER] Warning: useUnifiedTopology is a deprecated option: useUnifiedTopology has no effect since Node.js Driver version 4.0.0 and will be removed in the next major version
(node:391277) [MONGODB DRIVER] Warning: useNewUrlParser is a deprecated option: useNewUrlParser has no effect since Node.js Driver version 4.0.0 and will be removed in the next major version
(Use `node --trace-warnings ...` to show where the warning was created)
(node:391277) [MONGODB DRIVER] Warning: useUnifiedTopology is a deprecated option: useUnifiedTopology has no effect since Node.js Driver version 4.0.0 and will be removed in the next major version
(node:3230015) [MONGODB DRIVER] Warning: useNewUrlParser is a deprecated option: useNewUrlParser has no effect since Node.js Driver version 4.0.0 and will be removed in the next major version
(Use `node --trace-warnings ...` to show where the warning was created)
(node:3230015) [MONGODB DRIVER] Warning: useUnifiedTopology is a deprecated option: useUnifiedTopology has no effect since Node.js Driver version 4.0.0 and will be removed in the next major version
(node:206160) [MONGODB DRIVER] Warning: useNewUrlParser is a deprecated option: useNewUrlParser has no effect since Node.js Driver version 4.0.0 and will be removed in the next major version
(Use `node --trace-warnings ...` to show where the warning was created)
(node:206160) [MONGODB DRIVER] Warning: useUnifiedTopology is a deprecated option: useUnifiedTopology has no effect since Node.js Driver version 4.0.0 and will be removed in the next major version
(node:378826) [MONGODB DRIVER] Warning: useNewUrlParser is a deprecated option: useNewUrlParser has no effect since Node.js Driver version 4.0.0 and will be removed in the next major version
(Use `node --trace-warnings ...` to show where the warning was created)
(node:378826) [MONGODB DRIVER] Warning: useUnifiedTopology is a deprecated option: useUnifiedTopology has no effect since Node.js Driver version 4.0.0 and will be removed in the next major version
(node:789910) [MONGODB DRIVER] Warning: useNewUrlParser is a deprecated option: useNewUrlParser has no effect since Node.js Driver version 4.0.0 and will be removed in the next major version
(Use `node --trace-warnings ...` to show where the warning was created)
(node:789910) [MONGODB DRIVER] Warning: useUnifiedTopology is a deprecated option: useUnifiedTopology has no effect since Node.js Driver version 4.0.0 and will be removed in the next major version
(node:849262) [MONGODB DRIVER] Warning: useNewUrlParser is a deprecated option: useNewUrlParser has no effect since Node.js Driver version 4.0.0 and will be removed in the next major version
(Use `node --trace-warnings ...` to show where the warning was created)
(node:849262) [MONGODB DRIVER] Warning: useUnifiedTopology is a deprecated option: useUnifiedTopology has no effect since Node.js Driver version 4.0.0 and will be removed in the next major version
